kind	sha256
returns matrix	6ae196c38d6cba7a87f120468f5e9df749b607e76e8cca99d831fb7fee46076a
returns column A	0dc1820cc7c5af90bff3b2f4495ecebefe04c76f4ad8eeadd239c3080972c063
returns column AA	b602ef0b80b3c80141869b0138c32617029e5b48871d70f9540ad289c41487b7
returns column AAL	c5d590783b76f60b261357217d7294a08400c0d89b405143c194a2b4d7a033a1
returns column AAMI	74fe61fb67777ae5ae1cc42a9077aa658e67152257b7f5d583efb6504a47788e
returns column AAOI	2647f23cf26309d6804883d7e3a312a044d04f481b43c0a3d5f97f0f9523b73d
returns column AAON	ce855925eadffe354480bafc15b5727327e488936dfdabb3b0ee1363bad27b7b
returns column AAP	cb1f661c0104088840ffff1bb1dcf8e56f431224eccc83e8213c29f1659d4d8e
returns column AAPL	3d4a4ceae15376e267afffc6cc3ff23ee8501379384c0c7f199a33fa38009eee
returns column ABBV	9f1adf77417e357f0f59af87b408304d4d52b01e95e48df3e4b5a90a3945f78c
returns column ABCB	72b5a76280d70fe23076b2dc70131131a33c7c6458267ad2df8f7a194d9648e2
returns column ABCL	0ca047f381204dc962c5446ef4bf3fb60908f047e27fdbe2fce601c30df85f43
returns column ABEO	3d765e66a6f91592cd55563e1a250a458856dc030bb0fb8cb3fe14f6d0d42ec8
returns column ABG	4edaf6de8ae46745b737127f375343dd4edec267ff994c2406d86ef6867bab16
returns column ABM	d7fdc2941bbf3911eb31fe21edc0a062aa31136b9439ba4d5269ab50f0240e5c
returns column ABNB	821c9a27f0abc9f77048ec917ad856682cb4d4d2a2b39e8b3457d530cf683531
returns column ABT	4e087026b04f068adff25d335c366e2659648272702cc081d6cb7b7878cbedcc
returns column ABVC	a086a6fa8dfa6d6cee8d7ec1347dd16bf48c8319aa38d93e4a197320a405c5c9
returns column ABX	1f7c5062492c49a177ddaaabbae01d4db56383433d5acaa7f21a38daed06e9d3
returns column ACA	d1c82790e96f1acc57589701183ef2ee7f13dabe78f1ac31f080d80184b8872d
returns column ACAD	38375df7ec36df68e6e669793f171a6996c4ad35a2c33742ffddd32ec4e6ad8e
returns column ACCS	051568d286ff4388fa4286a4a0a2d26465119de6d1beffd78b68a874d0e86311
returns column ACEL	ba764d4e32417beac30a6dab9a83bc296a5c0362a4c65f30b18f76519d5e204f
returns column ACET	04799da20aa45866ab2659043442250d344012976c0945f348b2a70b5e7f37ff
returns column ACFN	dd109d0e143024fb6c422532a4b5ed523b40eed2490a3aec44b806853a1c4594
returns column ACGL	253619934585077839a44d8a484b5fbdd30ebe2adbd4dab5a34f4722191dc098
returns column ACH	4c81ff3eb44d811a4fd75c2181caae8071536fc336043bf1a05a39eb85b4bf4c
returns column ACHC	a396cde980fd18c85970b3e585a927bf3f2df90539b29b70afbfe5232dc4af06
returns column ACHR	6e8450006f87bfc354499def4c23b0d7bafbdce8cc04c90fb7c9b586ccaf8579
returns column ACI	ba0d4db32f16041746fb28cb38a4c9524bf3fec83a2381de2f61ad8976d80767
returns column ACIW	b8e8190a2807062364df7524cc14cce9b15f029e9d42de88b99144c6a26f4e86
returns column ACLS	ad0f09b8ac9b1c9c73a05cbea4de3039be29fdba523dc330a6f7c4c1cd57993e
returns column ACM	19ee46dc9ccf09e586e5827e94c8587bdb1d8edee1360a03fe0e544b7c4657f3
returns column ACMR	a13e81e38a7dcce9076924e056fb855f7d2222d04db5ef38c686f9cb8e085e88
returns column ACN	eb32c0cbf58c07c3959ee5a670021e628a6154c8b5445c020dae9e8c1631f595
returns column ACNB	ca021c30270b4b160c815c7cdfad87c9b1ef63d98cbd3a88338e7d715405695a
returns column ACNT	fedf430e1854582cf3b4686f82f89d463458a1e8c4a9a43877bb1eabe0972dd6
returns column ACR	dbe5128b550e9fb524e58792ffcc681dcde3cf14ed82b2fb910ceda97e0552aa
returns column ACRE	1afde4a965ac67cd3e0413efa0d36ec76390d3eb92f1696a4b82c8de01612267
returns column ACT	e20fb763ca35445f8ff650361af45acfe539edcc957ea56feb7ce38c87b9d011
returns column ACVA	e81d1b49f8d88746097d3aeab0ed55ce10622029e0fd39bc6ab5fa9cd7f66db7
returns column ADBE	0bc52bb2eaa8fc715aaede4d968a92421d09ba47299cc4a456ec50136cee2b00
returns column ADC	023ff0130039b1d8928e3028b52a3fd305ccdd5f46a6cf8681a4bf8851c9f122
returns column ADCT	c8d8a19f652ef9f6e683fe485220c596bfeda7792952290ac55948ddf81a5f3d
returns column ADEA	e57d487a0a3c3a55e9a13dd68de009182222dc4613cf57be192a704a99a5b0ec
returns column ADI	2563ab0aa74c5490777a1b0169d996ce80c8d142795460f5bdc11721c08be325
returns column ADM	1d4a1c469405f1df5d2fb190680e3f30a7a2b87b14dd0a650456f0d84e456f12
returns column ADMA	8fd3d093a7f5bdf089d0f0501ca3da5ffac3499f47c58d09cc3c9408bf36cd99
returns column ADNT	e1aeff2ebe400c7e20f5c990b7931aa1192546ac3e27cc83048868f07969f035
returns column ADP	819f4144ae85708fab23e1afcb4b58bd5eec60e5ec2ccc8a7848aa2961300391
returns column ADPT	d436cf0f6db1de64f910b6a7327d887b38b48adfbc25a55dbbea19cb4346e0ab
returns column ADSK	43f5f6285b0e0f9bff424b47b552b9f84dbfd3a374a27bc0eac90919fa039dae
returns column ADT	a3fba74f9bfa04d0c95a2f163807b76dfd2bf9af28569c64f64c9e7ba8915728
returns column ADTN	4431c404d06c725705ae0a4136e442ab663fd3d59c47ad425125d0c70c33272d
returns column ADUS	3058a57d2d1a9976dc2b669ca366686084b1f7b7dc267237070a748b513152b6
returns column ADV	3ed5184e26b185b66600b34cffe0ec9e7976d0852bbfcd835c4f79e5fe1c258b
returns column AEE	f35957396230510c046b58047cbed17f61b1a43e1ceaff36b1f2a990cd6f4446
returns column AEG	ed39a8a2124af37ca942304be328bc1a51f7f8757272cada2e67679dcd908bf3
returns column AEHR	8ddc1cbdc51bcd797ab9713623af229ffb9fffb19b46ef35a172600e5ecb3f84
returns column AEIS	2cc0b3264f62ec57fd5262270149c87ec0cec11afbac1b444d1d5f19ab23d7e1
returns column AEM	a4906a9657b7b277b18d4a5f30c55aa6896cd69010b1869de89d87ed30040790
returns column AEMD	9709ffc43a327cfef200935bec50fede2163f9b64e38e7f99bd7687625fa9987
returns column AENT	d8500408d785f3e40cd43d20fc46245986c390a6f5cc783efd267bfd90e6513f
returns column AEO	8b69d92b64d160d0723f519ecfefd0b2b7a85239551543d90a37dff410bcc8eb
returns column AEP	611c0dc9ca486deb67524f37f22449d258c6593ef9013600f158e18cd7186295
returns column AER	13109a55aff8f444d7e960095cb0fd57660525cda35c6aa855ad165e1d1db7cc
returns column AES	15adc5d02737008ada6961f45d650ca36af7e8c2095cb821bf472d4ae5fc6146
returns column AEVA	f7a07b656687ed73ada067bbf1cf6fbe8a829d8e7fc679868b2d6ae50c84f7e8
returns column AEYE	f08950089285c80aa93add3a2756a9ce4b235eb79763319979e5d249641252bc
returns column AFCG	32291cb92600b7499ddd87db67ab6bd25075e896cfb6022f0694f23960b06e9e
returns column AFG	2a6985c525136d8d77c709ec4dda49a8833e2b9e03424626003e67ecad38d0cd
returns column AFL	b93fe3ac002314dc7bbf97b3fc9cbe1d26014cf7c1cfba6dad4a810c3da2c1b2
returns column AFRI	dd96314038100b68fd437a2d5ac75a03c096c529500591a1969cccad836fcca0
returns column AFRM	9e853ee5f50605fcb93a6df1b14bfe3afb9aa3e7b51883782e06707b78c0dd01
returns column AFYA	a38046228e5b93ef70ea8aa7b38bb9b6b90594e23d95fae1dc1b2207fd4d9ec9
returns column AG	4cfd5476be5fb5a1da695ca824c1fb786aac9632c6b191ff12ddf35c327be765
returns column AGCO	020780148fbdada79aeb107a585357c69904d91a4824326242b3c86bd56bbdc7
returns column AGI	f4c89f459dff1ef60375fd962545d271d41c4f64a6efeea67e15ba586ae8377f
returns column AGIO	c58b7b035097cbab03949efc2e2c10e7c3c246642d577b3492d3dac86f430b04
returns column AGM	bda30e49d827b4ded848eb3c974dd6b378be12dc57fa7a7f887127ea8537299f
returns column AGNC	d4eb5d819caa7b884a8636671cd804d30b3e82b4c16ae55fc4057f87d862ae4c
returns column AGNT	756d5e48b257ea83c3b31692087d1ff5af62e21956511431d87a9334c1ddea23
returns column AGO	88fe4daa21f86581fee8e7d7c4ab5a83512c496402c161158c9802707abf4b83
returns column AGRO	05d78473f71db44504df2f64c658670879f701a2b77d7512bf339566bee31d52
returns column AGX	68e7318a04a902f342243e19c9c0fdecad6f55f5d60ac0471cb345786cdad90c
returns column AGYS	9893cf94ed2237215fdc427ddb70fe3ce1f62c083c8a19d0d605ee7809f2fccd
returns column AHCO	3cc5f57652846e6f4f5b021bb1efc67bd95d6be5b73c1b199f043bc7f874a271
returns column AI	bb72e0ef9c42214dde89773fb43c417cbccff56254661a26d3b6fb776f4bd8dd
returns column AIFU	bf5a8caf073a8c16663215e94219bed54a57a19cb96a55e3c762ad6bffcd6f96
returns column AIG	431214cad3f50fd566d49d300cebb6b117a065cb3a722bdc518ae8fa35316519
returns column AIN	3cbb5dd8ff30a0ed3a8b537168d57018a0a1d124147e217d000477e3ef2780ac
returns column AIR	5b01c56ec4b307c9850b0a4f812d9fd4dabf21d74d0385145b5b18b14e3e00da
returns column AIRG	45fb564eab4db0d646b4dd9ab384624677133fcf6dccedd027fb232be869b5e2
returns column AIRT	fe0254b3a87110ffd273434fc0dec18d1bdef0e8b7dd5e287c17afd30ed80236
returns column AIT	60774c89c0ffaa25f4a93ea7255fb995b22fe98cfeb3f4b625622731e6ca102d
returns column AIZ	5797f260a53f195370b6260de56b9eac314c410208107b186ee7d2eaf9910f7c
returns column AJG	b504b1e26af9947be3169587447bfd360400b89e7a958177332adbd8a0218f54
returns column AKAM	edaa6188c04ce917403c4194f0fb011932a0357e80793b7bbb4304ed90b0af19
returns column ALB	49159f6b388c0a0840cd0a54e57fb63e19939d3b23d20dfc4a09caf162480a0b
returns column ALC	3ba53a1dd89a7901f220d442ddc51989856826ab3534d954905acfcfe3b7a575
returns column ALCO	32c6f61deccd868ec6438fdd3b9983094a49ad939b9921618a22925902836fc0
returns column ALEC	e43579bd9596b35664c1a6d879b51e29ce7005ed130f4f0b95907801ca607a2b
returns column ALG	88c61c59b0a3bd713c6cb0c64bd1467bb42cc315277885435dc4b7e2556b770d
returns column ALGM	915d7fa0b7eb7627a8a436e1ba47ce9e408ba7b610696d183bce4883f1f9b569
returns column ALGN	3db4534e942b7cb463661ea7d6b43acabf31e75e1bcffdbcad122945b1fe0a5f
returns column ALGT	2e595564abba0cc50be68764be627ca9a5aaf5943838c44b9f5dd03eb04aba2b
returns column ALHC	0976d27d661fbdbc004bdc4ac825e037abce39a7cebbc886ed11ac489aec28fb
returns column ALIT	241c97b39ddfbbc818e541ce0c177c816928081cb095cbf8035e29245457f9d3
returns column ALK	ef96b008095fe64ee5b1f61bc7f367f1eaf1928a90cb09850aefed0aa5eaade3
returns column ALKS	169fb63d65c7ee8aae9f573ffdb90d1b832077aee4f169e1033b5bbb5a71e5bf
returns column ALKT	a30642f2a937f76e4ad1d50a7912b73e8aaefa4ab9c26f18c4ae66051dcae196
returns column ALL	452eecc35f2457fa6d50abf819e35d08da90fcc6e06408faaddca397ffaeb699
returns column ALLE	43daf2c36de0827f0c30fd46c0aa23a8396f3bb3dbd3da668f055d1916b797d0
returns column ALLO	09442cfb4557ca7df7695abf9ea50f0107ed63c53aee40b00cca43653d385102
returns column ALLT	02485f80378fa7fec4f0c3f4094c2391661ea8ef31e8e90dc62b1e24df2a4a1f
returns column ALLY	adfe5273d71d44873f85ac2962b50b53e5995340dbaba5a0e249e304b7fffe60
returns column ALNT	1ab38f3ee98e80f752bbbf51357a2ee03064048d0e47113ed2d8b2a288291865
returns column ALNY	556278c71e12b43913818a4f1bbc6acb89e366f6b5cbee1e28d2936c9f7e70e6
returns column ALRM	3d6cf04287c4d1e467309920eeaadd30c20e0179e347fc33f57044c752a6005d
returns column ALRS	91febe986c672331f3b2615856678e6ea5648bbca6ae532b5dce0d476a04dce8
returns column ALSN	3bb070595ad28dd23995250d3a34d29972bf7df426e77eb285e957ab8cc3212b
returns column ALTG	e507e767f91747e4923a47d0cda024cacb2f5f68d0bf633ff3c3686b207c2d7e
returns column ALTI	1b6e76817c6b690fdaa4ea4d470e88e210650df83ee31b0be1bb56d1d1923409
returns column ALV	1690f5bc5ddf5d4707b7b2835c036c821a6e74861c831d048e34cc720950f5e3
returns column ALX	de0982c1e40f4a424849bba794b74a2f8c3e112921c5ab16a34a26bf5b1d5c6c
returns column ALZN	f2cc04de3592fba23500a0bda1e273f9565996f3cf7b17cf821738e2ddf6ee9a
returns column AM	07c24aa94e99a198a0098ca749f2cc09d357a2c1386744f3947a309ffab51f7c
returns column AMAL	b4708c8c9b7843d20d528e7e1e2645e1654a40a61587df92aa4c198ad63c0dd3
returns column AMAT	4ee97b53d2541a628420d7247a414ea50b934e75ae99413d47a82529534d546b
returns column AMBA	1a0c2d86f93915727641278769c67a9720b4df905eefd230459aba5c7b343a67
returns column AMC	75533967a24b9ba7252cc9aa09cb0ec03a36e48379d77f3ba0d5e8edd07571e4
returns column AMCR	09004a563fb3681c08ed2b7314e2b59c4cd4b1b46e5e97fec68226467d071ddb
returns column AMCX	e642fc7611555a800cf1381d1b564bbbde514275ffef206caef53381e0ae87c1
returns column AMD	b0bb01850fbe543bcbced9f3c6633a17d2324f7345c10fc55c8f1fccfa9e7505
returns column AME	b65c82ae3aa02a4d782c92d7084cac486364a660e96a267b1984ad4b692dd5a5
returns column AMG	c37c1a90d5033fa386a91e9fe08536023bf6e8c72717ac7cf217d80cf0bb6473
returns column AMGN	a9f9c2d290bafa5dc6584204ce1353e7121661ec93cbf8860611ab5a7f779b91
returns column AMH	195bc2af7343116c2ec8f83d9e8d34f7a90cd225785af44964104196616ea1f3
returns column AMKR	efbeaef0933679572a01fb492e2018f0b685b2b5baaf71b99bfd2f7db3e349ca
returns column AMN	eb6a6986c03179bff6e0f77d1237ce7564bac352ac969a228d8923180f18dd66
returns column AMP	15c6ccabf7ba24e7601df2735b048a076ae09e2eb064f6de8fc51704064178c2
returns column AMPH	03a276ecfad66674c76fd0a77155fd44cabccde038c29cfd9f03952c76a7c5d9
returns column AMPY	a393a1487c71f2ab6fce489b02cee1e3b67a5a521f0001d67fabe461fda799d3
returns column AMR	45ba038a5df2e54c4d2d00016feb8bbddb2ad9e8aa4bfa2a66a49a81142d5095
returns column AMRC	2efd009f8b2c95cb6d727a6993102b92ce98be9a4208a4490dc4bdfa1fe4e158
returns column AMRN	23a9afdcdc0c6fc36377249e960a5139ad220ebae4aa20660c63e8c603d7924a
returns column AMRX	c74b7d7e9c5c9a1955f3a2ad88483faddebea84d11ba89e2f0701d1d42834686
returns column AMSC	72ac6084a20511ef198559632051bcfcbfeda54a1677c3e020f416135fae8c94
returns column AMSF	d016d5796c4a0721732edfd94223a578fc4a515d1f585eaf3e436a9b8e06a7a8
returns column AMT	e0fee44523ef1326a7d687a7dec3fb444a29f16922ff6531bfbb7b602c0f4c59
returns column AMTB	d926127d1d04a50436e3943943be2df1f192740d865262400a5352ed9e41abfc
returns column AMWL	17603d428738e3fa074f09de075f0012d5d65d5384de44589b9f7bf26e38101f
returns column AMZN	7abba21ea3b57d633e8cd63d516394e4eb9131f7c54be081c73f05c544963e86
returns column AN	a91692ecc94a1ef04125489cff9293a7627b9d7ede00a72ab05ffdedb63cb5a1
returns column ANAB	064cd28de5562d04dc79b450c0667b8fae4da5fff66f8d7ba15640b63c0c10b9
returns column ANDE	c629e89f05ee1cb2426995eb3bda86ffee251e8cd4b62ea28bedf81d9676aac6
returns column ANET	73d4247201db8e257614d058e6b8ac88597ab1c1dec73c009670b533ac54961e
returns column ANF	a0788ef3f6856f1998480037eeb12519e251f348b5aee4d9b17ea59319706928
returns column ANGI	64f83fe6462508ba4439381c2842f02bf81878f4c4fa09f32c7e20aa295983f3
returns column ANGO	57a4ac8adbb985bb99af6ec7b8e77856643bce6d54106d74c3ca6cf614622f25
returns column ANIK	58c5711324395c37025f3518726194587ec3c0d0e174ce0192501f91ee1568b0
returns column ANIP	2079b64fce8650b32acddfebb8d858603bd784a5f22879885778c88c66a42028
returns column ANNX	025e737f611351a9e9b36e48703a869a77319446b37795f0ff5d853f778ed16c
returns column AOMR	80b1880a54fbffc08c4eb2e3e5fa6df07e8b47990217a5960f08a85f2c50fa4e
returns column AON	4dca542bfb78f4bea505707be51e821ce551b367eb18fb95d73d41cbd60606a4
returns column AORT	b3f09f6ce540300a2113148e2fa72cc23de281297e6ad1262747ac7fe9226a14
returns column AOS	e2edecd01d95f39b811419419f5ee33a10f08fd610e024e8bccff6c5d39d45d0
returns column AOSL	0ad5a26bb142c00c664fd89b0ebdb8b5f929b283b459bf42a80d68bcf4f88e00
returns column AOUT	4cfcf013de48e0ee8961fe23371c8b4ef858a33c3ba84a3677cb0663998cf8ff
returns column APA	647a13a2871132553cb3df4c3155d4848520fbceaa9273223eb3d3b5a6c78927
returns column APAM	ce8fc443d7de8052488f7d3b6ae592667953e4041a3aa03d432a4ea525ac488e
returns column APD	69162d3c34098e7e454a331145a26935055e2936ede909ea6e23d734e28660a5
returns column APEI	308ad602cef553f6dd89185a2f65a8b5f671eb3d8f32f01f18f26926f686150e
returns column APG	8251e14d4a43959aa8b54d33be1dce4d1fac18d2bc183f53cc88475405e18df5
returns column APH	5b5a2ee925d80d6311ffbd40ac945d2085bb9dbe1ed086fb85e91fe86ddde3b9
returns column APLE	ff4e2d9356a4cf822aa31ea95452f2b84fa843c7bc7172d91453a1ac4d0a254f
returns column APO	d2215199f2887f75adf174533a9145f36b28ae8bea0c578e98534f7b827e429b
returns column APOG	e94e73f0eb93385344b5a2b2155cb19d84be7904e14b4c348ad9c7f5646ace23
returns column APPF	c4402cccc230410e4406c2f793bca387cf3d49e78698f403166be86d7f97c396
returns column APPN	19a6a165805e88edbb7826d3b46ee79e8502146c69f1ead08392fcf9da0ce1b7
returns column APRE	8cb7e37f06e15a083f875adec1db9ffcd9f3a8ea50ff5664ba594b72a01f23bd
returns column APTV	bf5f79aff98e05d680d04c4128e78df7b1673921d06a32377106f21f6e6560ea
returns column AQB	ac8fbf36b585f72ae3d2876d160c9b3ccef430bdddcf75825f7947bbd13fecf3
returns column AQN	2431732a258051387b374a797606361158db6d45be34ef596dc6676221c7c8c9
returns column AR	553d31d733ba8ae16f33c82e4c1dafa267f7d5cde69274764421867fcfb0aeb1
returns column ARCB	3471e48b57040e7f79e4d03b3c9d31e11a3acbb9ed647508ab438f775260e4e3
returns column ARCO	a37e1e20b5c754c734490681e277d7fba395a013d772074ea331998a64db3a18
returns column ARCT	754fc05c70e5ea96bf0f53c13012dc94e2dbc4d621640247cbc4a2d6e5393f5a
returns column ARE	ee75be750afc27bde38c96b8405b0a56f8f8905249797d3f57b4b387808211f2
returns column ARES	c8309a318e28821a5f1bffb7517e88254e11737cf7ae08960667d97cd5b2511f
returns column ARGX	394d81f937ff520386fe7e544670041abfeb434dcae2c0291a69638934462280
returns column ARI	0c04ece012f0938e3e980531c48e467f5628eb34afee41b23c62ab725ae07266
returns column ARIS	ac6903e9a4dac5d90a518ce9ce695f291274fd031dce3b14333234d0e9604f4e
returns column ARKO	189e08674459db04dbcea0884b18a08315861b687e82dd18bb63d9ca69043a99
returns column ARKR	e394fe86bae648db6df0b25739cab0fff97f95706f56e2a13e437a4c9eedb6f9
returns column ARL	91cfa00cce3d048376be1ca1fdf3f3679339383f5b0c6f676da553e43dbdfadf
returns column ARLO	ffe3372d7c2e439d20ed57257c9b0cef2654ef98b4b7e3172fb31fbfcc9c070a
returns column ARMK	919e42f9c3606dfe10d7f7842f5549f94cd668717fd4e67cddbc22e81592ac43
returns column AROC	db3103f389b591bba42d963519e736cfe551a8a7ca579be0962cc538dd6f9ffa
returns column AROW	609969a34bba8f9457dafad04746dc4db518d0155eda543de9fc5218b4d1b663
returns column ARQT	b89d1db549cb39e54022e4a3f85183bedf9d7bcc78e5fc4e06a5240f50133509
returns column ARR	56482e6515c59e401841a30897f532ee8f2d1e4b4a8aa5601660fdf14e28d0ce
returns column ARRY	f3cc4cc014ae48557bd46c02c9c148760687a6ee94dbd977c4eb307d83020adb
returns column ARTNA	d2670aefd200b620730aeeb849f6c42f6d15b8d5283b6593dd047bc3a7d9a7bf
returns column ARVN	cf62b6de77a29084e78a4aa76c37fb665e2b77333110b1b5a738facf665ea545
returns column ARW	7574f90d1927f988450c7cd753aaec37492670a667b924412d43e9c3bb4f11fa
returns column ARWR	21de3c951080d4bd1cc2d03ac84ada33531b001ed22cde1e945bf241e1c88496
returns column ASA	d5f9db79afa1ce37832e6766a0564b7cf68a20dc4c27dda5f9c8b8277936bd48
returns column ASAN	3f3197a052d2bd8ce82c386cf61faf5b55fa33e79400f6cc76e986395a5cbb40
returns column ASB	a736ac8d9788e2aeeb63a6c562201bf46d5a9f3ba28e906966bde733fbea35eb
returns column ASC	68ef3f15965340399e5c4272af0eb54e2a981c49cdef3163c90dccb2117dc6fd
returns column ASH	d735109b51464f728644f1786a2880e03aafff6b6b33552b85817ba61a0b7767
returns column ASIX	96b2dd406ba22a8ac4c5abea67eebb87b41742ef0270f9d6f9aac16a8cacbbfd
returns column ASLE	d1bcf5c18da33bc8de936ab5a1f580cd823117facf027b7a263eb7c7bbfaac39
returns column ASMB	0f9b60f0c47485783f4e3060daf5ae5753dd9b72385a2ba65240b79438041849
returns column ASML	2a9fec8f829b5465869d6bb4ed21381d3a4838cf831fdb53d8529af2b2f1282a
returns column ASND	8e58c47cd05e43a91d879ef1ef2842a8b6692a5a01608011fbc288324c1e69d8
returns column ASO	040c18c0be2ea2a083af8e413f56f081ea3350a905a10eaf0de03045b035125a
returns column ASPN	2f9da972dffe8e50dee57135d3be4cae8bba556301fcf591d984751a2110df4e
returns column ASPS	dca633b7a67a5fc699f7ce244e6ba32ed8fe401eb0de3b0061498cb1b843a38f
returns column ASR	3137021c4d25ac33cbee5524ea28faf6418e1cfafea528f277ba539beb52cc45
returns column ASTE	50f260ffa45038245faa6274bf8b5c12702c5c0b2fe0d4f61ed33b2131c7ae36
returns column ASTH	b34ae960205825ecd4c77ceb66f3db6e89ed19b5c1f723271ff7f9beefd04c66
returns column ASTL	904fd133054707a7ecac7f830fe31a8e7e1f1970a643afc143972dcb53961496
returns column ASUR	30d5b0d239fc500a52b7cacb0153d64f8b48c6f2ff58cc197d8856f859366429
returns column ASX	d2a19441afc1fd6e540b641f331dbd93047ea058445931e7a84d7ca26b966f34
returns column ASYS	52ef13c8c559e8576ae909dbc0ab49cb98597a52741dc1679ae58a113f8264c2
returns column ATEC	beb0dc56ebb4f33f8535250d3c51f3bee1073c1c0556d1467972176a99317911
returns column ATEN	5c7664070f757b0c072d7b50ff6b9acaf3a0d4f3550d924f35a0136d9d33036d
returns column ATEX	021517a9aa785ec8d17578a7e00273093b678c8da8da9af23920c0fe593955c9
returns column ATHM	e33d0aac9c7f2b3018ccd10a7f903172c0bb346bd672418512fb39eedb29cd60
returns column ATI	83512c5a76dbf679e86cf1350adafbbb4fecc806c36cd3421706450e4ae5787b
returns column ATKR	13a3b6ceb8cb155e6ec055e455d8c86b997e84ffbd1cec8d022ce67be4901779
returns column ATLC	f98f466c1e87925be2f517dc66f6ec15afe429260b92d1ca0a0d1dfd0ada0368
returns column ATLO	d7b1c91194d0f150153fe024279160196d6714c049e5deb3f98512e6eadcfafa
returns column ATNI	8cddce0483226f3e93aef6db56f9c127dbb60f354feccca538417fe0db79e769
returns column ATO	d9034a787f980b27454fc6e30f56e7759e84f3043344a61c03b61844a021c350
returns column ATOS	657e090d0f5009c67d2eef4dd264a5d16f14f7437f7943b29784a258a5fea809
returns column ATR	cc1bd397956bb5b7d090fdf8545a693ddd2a15fab9f2e69ab2a4a9932f03e961
returns column ATRC	fdd20e45bd5f1ef5e0141e3f5a9f4b84ccaba97402f77046967a10b40de2dd2e
returns column ATRO	ee1e0a19f2c01e1b84dc72515ab16f5f9ad18a6259c81a0140129f659e9fc561
returns column ATS	9f2e5b2499a9a45f78e065abe24963d42cbccb7c940cd92df6d4a6ab80f4f7d7
returns column ATXG	1662bd553eee23f220510fd3caee47dfbf913f095708f6967ac44732f1036fca
returns column AU	b89e01b6e9c0f0876dcfc1f06d05db6e0a04eda6f6484f377826ab1708676097
returns column AUB	2f9df35a8e20f8457a241977814954aea842b61ba42cab8547d1604cc6965145
returns column AUBN	131450ed88e7cd0c27c15823428d50c21cf542c1681917091a94e6779ea940db
returns column AUC	31b2a83537d0a9ffdc760e5c3dfd3bc69ad3d8a650c2468430099d0378acc1e6
returns column AUDC	cdbd4679ffbc9085c7b1147d599ecb6f6c5d0d0ebcadda9125f939853e85653e
returns column AUID	0cdcbfb355da9fe5c3e912e6ef7d65b46678c61d7a469cec0ffe8b03211054f2
returns column AUPH	ae28d9eb78d1a71ffc2a63b8145b53f717fb35f8f8e173b7e252670161637f15
returns column AUUD	325e3ad7b99d7b72bb7c32b1735d228d27837cb6f2209712d40636fa48ee9d86
returns column AVA	0f59ac91deeafcb5236cba8a0ae580bc73234022f2d2752cd7fa4b004c43f56c
returns column AVAV	6fbb3c433309a3645645945b1cfd3dfda342f4becfe97bab4ff001c3788e40ee
returns column AVBH	a1a1d2c0255ef582cf6b5ffa9cd60d7300cfb786adcb1039e68b8153174972e1
returns column AVD	8561b1297563f57be72ca195bcae2bc79152531e405b043e9f3ccb7c8dc550b0
returns column AVGO	1611a562ce8bba42fb113c360df8f905733fe2d6f11ebc3a38ee8695a52d7563
returns column AVIR	38e3766a9fff63033527c6b7f0de505dd36f45d439bf39c9dd35f5664abfa187
returns column AVNT	74c5efb846d40be4a63ba420347c2d36c4c5f341ad445bee4872f8e103dd0d2b
returns column AVNW	f8515f1d48e7a1629aad554b323adb4912f4ecf2a60b6ab638e6262424dc4a05
returns column AVO	c02ee40fa000e95e3ea6587ec9e2ed6961e8a2cf6cb2bd857b4f3d7efec81dbe
returns column AVPT	8244e80d7fc22ada639ef2f8edd543069e2fba4745b6716c4de76dcfa94532b6
returns column AVT	1b5252fa0ac014cc88f2414fc73f63329614deb2abb4009067f876ef0e8c3377
returns column AVTR	22be4e0dee838d0dde21ece4b71432590187b200647b4a6ce9b190bf01404d5c
returns column AVXL	18f7e60903daeb1961775673832015e52174667bc1887e70747301e15a236f61
returns column AVY	4a61390c94b9432ad0edd1c9c22e02317f6dd2f960928c5fc0b01e49ad375262
returns column AWI	05fbe18ed47c51f565235ae26332e0e2e9a7713444eb4dfd9a251039f57a71a5
returns column AWK	d4750b47ae717a8f46efb379b736c9f019a8494b2e4697b429805b78e62bf406
returns column AWR	f3997089beabc39bd52367c0e45cbe39e21b321f9a1bba3f5f4454a346347f6f
returns column AX	f847e065ce879ee3270ec3f8e5b3a6dc8c0051e0e387f43042c148132b633500
returns column AXGN	eb1df38d29da685eb7cf0a11301ddc5d4bc2ad0dec6f8e81eecf66d772093cd3
returns column AXON	05eb6385ca67120c5239a89cd6ef78be25da5b8b717583bacfb94ccaca21ca95
returns column AXP	61b51209270923865a283c8d5a1d806b4e418a6c92d820b9d21a70495881f333
returns column AXR	a7f1095d0c48415ab948a91b8e22a0d31dbac1ff08faafce68158f533c0f680f
returns column AXS	5604af02522798a9145288538b082b15fc277c096ccd4f4b4f6e04ead1f200f1
returns column AXSM	67063d096704e9d886d91d94c5f519844797e1f8813cc4c0c56981c15032d71a
returns column AXTA	b2e8e50e1a0d64a4c54c09a17de7731458dcf53406778e422e2f695805ca47ee
returns column AXTI	6781bd315b8f69a1622dcbc5371460eea19aa9faafc58a915c1a5b4f6cd7a644
returns column AYA	909126ce6dddf46614f11fd267b5e33bed175eaf248e0df36bbaf985d6dc7727
returns column AYI	47c8a6c6f40dd01f9f1085ba22b815f9bef9ae9d153d09d178157be53fac58a4
returns column AYTU	b26fbd87f98c1fd54d29aa0da68cadebd7b12e652d31bcad57debb4f6eb1a854
returns column AZN	98e5eb84b7d5749ee9c02d7b95b7a2bbf942a2afdaed226cffe6f29515702c41
returns column AZO	a5ac892e78352264573d689eeaff4880ce6539785bb421bebf565c65e5d0336b
returns column AZTA	b3bb1511aa88d053f9a2673d13071d6d7c32e0af829287a94520d9bc19175c70
returns column AZZ	da6c76fac0685e0361d87865ccb8160a6ba0542a57439ef0dca98d43e680d78b
returns column B	639afb55c70ab93c6340565c2cf09655e8556521cb79f9d3fe5effa4c483e410
returns column BA	e8815451c99bceab7bdae395c0f9e8d994347849dee4936f607decf97ddbddb4
returns column BABA	a4894d17b1645e1df604dd9befc78d5b523a9960ae02c75e8b17c7495d50cdde
returns column BAC	bf1ec14ca988b51656872ad7921c2ddc63a1217b7fc9139cf2c7fcac2e966bc0
returns column BAFN	c75dcd3482e8554b83dd3199121667fa2ce654ca37f644a362b5e242499283d4
returns column BAH	ba3cf68d93a6a75daa0e74d6e030bef5813a853466c13f702942488fecdf6fc6
returns column BAK	62a7af0ee10f18d37090a16c671d354dd040e57d05d2bd880e95c3cbe0040e8a
returns column BALL	fab898b596dd1112b4aa222ac115785c9f4bb767df20a94fe13183264d916bbb
returns column BANC	4427334f0d9f6713ffe2d73ac6027ed07a5bf9ddc545b4829e697c5866bcb5d1
returns column BANF	2970f57b86befbb0779dd63d7de41d20f1ed918ce2cb35f25c47fc567caeeb0c
returns column BANR	53e2cf5e8219eb8b132796f3a2998d7d031729a8c9443b2046ded7478af718b8
returns column BAP	38e5cf8decdfacdfc8b29ad782fac2d3790b119421fc2d5d1858f9a2318d5a7c
returns column BARK	99eb0991bb6d95b1995465a4326c029a6677a6e1da06f0ecb65a38cbbaa57811
returns column BATRA	dc628a7bd52b3e4948b08399d65e83e8bd451351b2cc13c7db55d77241723841
returns column BATRK	3729a244c585d5151bea18f29e1c058b51c9a26f84d0af2cbf33d29eac6a5a04
returns column BAX	7b174ba726dd8031a572fde824240540c89c765bb3f82a9104f36f99fd2f6277
returns column BBAR	599516954e525582dcbb1e063657f265bf72829fe3b901f1d1f457017a652836
returns column BBCP	629c4c5068e871b91d54305b571c772fb2d816cd7373fbb4cae904d2404fc0dd
returns column BBDC	b8ca019c62625be73e2f5be8df881e0f11b2869b6e64f2dea1458c8757882efc
returns column BBSI	89ff8045d22e1eb1fc25f71687302a003bf34aa976d41f4a4d707c2404abd27a
returns column BBT	30ccfd4c50d5c1e4603b2cb59483dcba87efcd0cf947770ef5313cba53180252
returns column BBVA	94e7d097dc7b801e6b30a3fd5c6d257c210fde8212dad74f38e27e60c70f21dd
returns column BBW	fbdf6813878231a424f9492e1d630423089feb5ac9a2ed86dde73f655618c41f
returns column BBWI	879fa05f435a7a82feb37d853873fc5dc7d7a18996d736896993bc1981aa4632
returns column BBY	eaee02f0a5f72af6b7205f1fdcc20b24bf4849dc515a3f663c0a2a6cdbc5c8fb
returns column BC	01cf32e1c3e381b11f4dcc660f3419cf2a88d835ea38b216c162ddfba7c0ee4e
returns column BCAL	2061773f9df4062c618d57b8b465065e07a5b307871eb4d62f6f9d35c49501e1
returns column BCBP	516cead72e3666052ce631067eb3840d2f4b62f6b17e2e192d0143f13506731b
returns column BCC	14cf8ab30c8372f825bc5fec55d25036e6353eaa9cf60a3e33d5114b6f6fe971
returns column BCE	c016097b820d6ade4766209557cae2b6b91332a79b42c525846094e3cca9d6de
returns column BCH	6a23bd75d8e489270905fa7d329082f20bcf31924ae50a9d89d415153b9eb051
returns column BCML	5d9a00c0f8578cf05cc21f00a235e10677f8320833bcee1667f8cea6f913e102
returns column BCO	0729abc88875f7e7bb19d7f21f39db5cfc7633f3b1fcca85ec2767fdea746b69
returns column BCPC	12e1221c1dbfda72a02dcd94c714cce7da6e7a4cb7c58e0f66901efc954de2f8
returns column BCRX	ab5164bfafb7ed4cbdb698119925de1646e9deac668f2ae6b9755d2f57e37264
returns column BCS	793436469389435327cce265f953b157603de1d927cae505c92168dc10c0b403
returns column BCSF	f2ea9c14bab2fd69ba3b82cbb910617a31d095905f6066a2e385807b0857e8ef
returns column BCX	2f592b8cc2816aaaa43d3a6886d021786f197bc1203c52081904a11fdee2ea13
returns column BCYC	07e38d5dbde2d6c34bc6f96105eec71fce49b390c05a7a2466c4ec164cf2b25e
returns column BDC	854d2e2b62a2060448f1c1501bad8253d5746ef4cb85db3997de076badb02451
returns column BDL	7d70f3617a7105ac409fe1eea1882d5dc06694f3af19d500079dc21459eb9b21
returns column BDRX	3f229d85152336ababde9aa5f36d6a1cfa31fcc025d46a608fa3f93fbe1970b9
returns column BDSX	018156e9551791060a16d05a018040a24b49231e74f9b1098d664f312254b6c7
returns column BDX	8084dbe3351105322c9df095a8afbd92fc29a8f1f5ce6dcc3328a2396067f087
returns column BE	f9c79524f13a42e01e5fd9a60a986e84a7c395c55e310ca57f79451c81dfec48
returns column BEAM	c3859524f2c91648471a55b8a43eaaa784eea0268eefacc4d33161a1b6de2df6
returns column BEEM	bdcaab429b0d7cc8c6860615c2fd0dd25215ee265ba0a1d36a38b3d5db697852
returns column BEKE	0d0a75eb73da23a5b562fe0ce886805a427b3c7e9adbda00ad8a25d91e053ae6
returns column BELFA	872ed7f6d15e8b8a1cce8906506e35129f3d618299046f8e3036b4d13ce2e4e3
returns column BELFB	1ddc585b7797378d965db53afb806ac5408fe344b1563608eaea76be6174d58a
returns column BEN	e682f807e811ce17c7e513f41130ba9c2f806d2f66065180f2a2885f28fcd7c0
returns column BEPC	f3ce5077cf0fd7659ba370cb042e87bfcdea90c7f7cf012e722741bf1101d123
returns column BFC	90f9e1f603070bf3ca662af1a2b5d94fdefdb4850c07c6528d0ba668386c9d14
returns column BFH	105c4438e06b55c5f29820f37daf79bd5b12c77059ac7cb634460a5ba790b96a
returns column BFS	a701f935d66fa0ee0073b22fe8f81c40248117a3d08a8f20af39bafaf5c7a5db
returns column BFST	ac3af5032ef817c431d2598c7571bf5e0605d98453a8d22023c5939dc5394bb5
returns column BG	07a5bea9073eb589fc3f53b8c7335a4127677f99d679fe7896e73959902a41b0
returns column BGC	a039a71f7d8809f11512e37af5b8f29eaf4d778f73ea8d2cab99b970b6c07b6c
returns column BGM	cef2b824eb45da6e9d35237840e02b18ad4887fafed87f6ae158fb26d37cb176
returns column BGS	784fc104506e759c9586694bd742accda05f83e8115c6ed6df25f1fe8a171aee
returns column BGSF	c08984b8957a5cb05609b2f13317b3037e836ba2b27f9b1b2de3ff7c78537405
returns column BH	1bf6f9cd4d3767ecc1ec322066a0126afa8563987056b110ddc972e375c71ad4
returns column BHB	4b32d3e38b4a9cea473f231f6aede6d73784b3c9e795250c7a1ac5903a980ee2
returns column BHC	3cd1415f77bfca5023281b7dd26db77d58016d55350ee1999d11afe162c4d534
returns column BHE	83e3ab3a55b683c85d630424186911380a12ba2551a76891961d39e760cda664
returns column BHP	691f557509e2b717045cac6b889b08ee1a2cabbbb16ba86a54515a1ccb24bd73
returns column BHRB	8b38300b0badbb05c9e1056e87db3cccba6c8b9b88c1caa0072bb8f0f299a341
returns column BHST	461095d728affaf8b46d4c1d9492de6a5aee5b1ab9a99c3b0de55d05b9b17a8d
returns column BIDU	87b7b3ea0b6697e34b9d8cca0c293ee7ba77196a873ad1e26de826e9cf73975f
returns column BIIB	89979fde226cfae64c8683bd8b6624d20c91371d51bb2a92d604493b01c17169
returns column BILI	ea2e70445022b1780b422296c22e4b4e3f6bbcfd5f1c674201271a108e4c1b98
returns column BILL	ed5414366a6c1c2f0cb1a2d2df0cde54ed290df0cbfc147e345cd8d39f9d223c
returns column BIO	ba007e4884986904a6f521a837aa94a4d8953cf539b34f7359d028730e8e41c5
returns column BIOX	96fd6314ec683dfa21c479a4168ece9b91271abba73d51317dd5bd6a6052f6ff
returns column BIPC	53453e760b2ccc05d84d6dff56a0d85ecd017551419266e5fcbe0a1301ea5e2e
returns column BJ	c14c0810653afa6e44fce7bf40129fbaae41e2337b9b3ac2755ba810053a9e5d
returns column BJRI	955ce0113fac4ae7ac665125f0ae5fd593ec0745110feb96b0571cfc7381817b
returns column BKD	3ec726d525826edff61aac0c60066e34d1e88ba447f12ecd9563bdc4012b4acf
returns column BKE	88c6ab244fb19444565bb2fa056d8b75426f911e86e42d6c43dd356f4b531599
returns column BKH	d9065145e87b1c86283da5b646e6b4f13f3d4f588f14e01934987f4240145b3a
returns column BKNG	c8812590966aa377bcd4e9d611759b663c145312f5e20eb7d7721644d5b5c183
returns column BKR	f2a0964c0b7d7da856d820b5c2530fec715df44fa3e47e96edd72fc248242e9f
returns column BKTI	ab210fbe42ac852f772ad81a7f553661f976ae394f80add7675b254ee418c483
returns column BL	3316d33c2a6162b7d4892f162448070be6265b9c7dc274c4ba39b01ca0152840
returns column BLBD	e055b72cbe54feab298592538785e3bb09737c7d00518ee4932206197e2ec204
returns column BLDR	62f3402211d4836d8117f3eb6da6b0574c353247cea292253316df4d3baa4c4c
returns column BLFS	a0795f0214b3ad5586dcc460e966842ef4c7e258dfd714c8e06f6e2293a66df6
returns column BLK	4b389a8563c766df9a65417faafd52282c05a699e357b55929392dc279078a36
returns column BLKB	f0aac8335d2970d846605ff27c8825c586ab77f83758610c3e7e0bf411c12ac3
returns column BLMN	ab7c970a7c7d4c9ae3d50b08abf56861a27be565ae64d5a0cfb96e5e4af20db8
returns column BLNK	607d4b85367520fdcefc08af0545ba05124d176594b8d3c3a14278104f13f484
returns column BLRX	96db0da7635ec5b6e91dff7a789b6046c6bd77478357f068581c0893aa52931a
returns column BLX	db7430f87f36eabc71a0b0b8240aeafeef23259a779afbc2fa015f3343f9e51f
returns column BMA	830382e53077f189bffc277b7f12f20ba869226cb508d63e3fcad400a5bb6471
returns column BMBL	33dad2d3853f9a345e2560bffb7246d6172f9565e89f31728fcba21231bf60dd
returns column BMI	3698b63a6ec60042598ffb2fed2b58938ec18f05ffff2466f86f55ce370c593f
returns column BMO	0206889585821f763700ff116e508f790e6ce31692368ec593c41686b485bee9
returns column BMRC	88cb4b220238689cfc79a04e7c41888f953f84d7ef20d70224d9281782ec289c
returns column BMRN	b9b61ff788d3e5e6c9a3c6695bca45db58b5a4f9cd5afca45aae67ed9d0ab181
returns column BMY	c964725098e4baae4eaf074574370886ffc8c9134bf4c9cd2df07d1a09ff8f49
returns column BN	1b5f23a349758aea131cfb9325a7d223aa6e0f45b2eeabcf78908fe8391c9020
returns column BNED	8b78aeb4cc52101c190b1423499b2546a927549b0bb129fcb5779180f94aede1
returns column BNGO	b0e6f0a3477c0807d9e240fcda10052aa26841b93c3269311c418b5d7a49dadf
returns column BNL	0b46b6a094ab8d2e434fd9797d414716017dec298ff5e1098fd325d021bf2b6f
returns column BNR	a9239cab20d472fab044d5677f4546dc872645fc09e4d4cc39aeaab68a284b38
returns column BNT	9337efece44f1146f03407c9465e0bb10c92706d6cb7dfad2b4243b2b13bc324
returns column BNTC	13d42c068e0a4b2a37c72a5bc5d8f39651ae2be3a91391f1786a902f6fa01b4f
returns column BNTX	dc365f11731f6a40bdf6b3f0fd154e931967fa4c94823c99796920d17fd6de81
returns column BNY	dac7d1240fb6d474317853b938617c34642460f66f3a3bcccbd82aec2ef3621e
returns column BOC	79ed51c23f4bd7ff48676d664b59468fee30495751534087d96446facb430f35
returns column BODI	61961880bcc4170342ecfe402388b937a0f1197e78f55fd730485294a86022c0
returns column BOH	5bcaa4e214605daf0690e1cfb16b57f1a3fd42d947b3b85151742da325e8cdbe
returns column BOKF	54dc937283e5e36b343606bac8d382d773b1b65534fd57a97bbfc92349d3e108
returns column BOLT	37db7e121b1b02585f474477f86035765754c2e096b9379279d6f850c722871e
returns column BOOM	e49ae5bd4289d63a964fa82ffd8c53c590d40046755a10e19912709487a41e01
returns column BOOT	60b1b062361b4da44b41f359037e5234b282f40b5345035c5558000778960f92
returns column BOTJ	38d32ec223f78f23f996675235eb6ef3b86826c620b1436b95e62dbf2317dae7
returns column BOX	0ef06db5087266d68a0fa6e11ecc945c6595617f102ef8eba47b28bdc73cb81b
returns column BP	52bacc1be30aec66045b86c0bf56f7847856538e11866c1abece5f9243211cda
returns column BPOP	564937306d3b9cdbd452e318957ecf9f2213714fc2d9493f27e0e80c3a153895
returns column BPRN	58968991f9c42d3b29e1c013ed508f3b0bcfb7b8b6d999e20a1712a12baac9ec
returns column BR	d3ebb0d91174096b4aac93f9f247dac68994bc5065ee7a7e8664550a0835382a
returns column BRBR	e752d2218d4333e415cceafb50262a3b3f009c2dc9473029a7582a6b25b7bc51
returns column BRBS	b50c0bf22492c2a5797b2a1de43fc1b8a5e6c7a925f63e5db979671dff417adf
returns column BRC	30637cb316d6f03a7a979d9686e1f153e43343f7cd1ee476bc7457a94ea9e2dc
returns column BRID	b242a80d5d897d55fb9865f08b84e3b5143bf9a7047012151760e1dcc2d52a42
returns column BRKR	6b23f6d9e1d81f1cc6a7f2cd53a45cee3dcc8a3ba208318f9e73cabbd4d50dfd
returns column BRO	2b9be61f979ec10e44f2eef9ce467590b20c01e87d8c7fa61c83e638e3a3e323
returns column BROS	0685a7fb2f7a0d2b40788e0506758876ef0db8e97ac06fc6bfa9eec260d8611f
returns column BRT	61d2cfe2f82499fbea7189c7a302c78c81387cd4f3d6dc89bb0fd3f043011984
returns column BRX	9d017ed1144e0d4bf9a8a79160eebecb01c622c57beb75966f022c4c9ab033e9
returns column BSAC	35c8b2812045b0e1e09642d9c63c87980ab483d6864cfb9bb575a042113f34f0
returns column BSBK	5f30609d97518c62e5fd6a321dae68c654f61281f74dd4dc3b7864803c033520
returns column BSEM	1b1b5d7d9da34daf2f0e4d73cd5a8ebe6493c8c16e0e3d1b8b0f5fc5e366edc2
returns column BSET	da490a9fcdc3905d7047a0a0d5174fc0326cae0d06cfd3db4530a9c786693597
returns column BSRR	d17003de2b9f21a46e53c4684b71bcdff469f1b143394ed7e9207411f0cd67ef
returns column BSVN	af360ceea5dcdbce3eeee8191c7e2795985abd13002e687ab4c14a360d81b5a6
returns column BSX	e28a565a2efc8e343e83209fd8c8c9978d968f94e8fc6dec518d2cfccb127a68
returns column BSY	d3ae5b2ab2e72bc39bbc52fc180c497020aac4444f46d27d83abd24b729911a8
returns column BTI	ae65cef65ce1f360f3f4eb913bfb9db1318ec3335869a06749c132c807c4d946
returns column BTMD	1baf95843f7832011e85ae65029e62f2d8074adf8d75ed39640b5c97ca7a30ab
returns column BTU	e296df38e32e1497db21d60d647ccb7e8b8a16afbf416167c759c67dd2267d46
returns column BUD	f374fbc1f07e595fa6158eb96d1744e46ca3ea1d6d1b7c0bee96f55beb1d36f3
returns column BUR	c0e8cb72bb95fdfde711ec789606439410ac79791441d61de24406b836620600
returns column BURL	9e66443b844474bb84667efa47b82775f82d3134fc585a80b68dabbd5a012874
returns column BUSE	a9d624de499fb1e49d4cb0d7d58c0b863665e2d513b7c4a2337c702218ba8241
returns column BVFL	b13fb98e248747fa8ce2c5b229af31b3c3e45cc887477d8d932a2b997959b3d1
returns column BVN	49364893e0159527d0ae64e725955990ffab5ff26e7499cea9dfa2a30926404a
returns column BVS	8a7816bac331b4b6ef951476cb3c7f345bfb49f494d698105597213934ac8691
returns column BWA	967110ea83f2fdb4f97364b695ccc9dd0447481d4b0a4573b3aa4078deecc36a
returns column BWAY	6caa8008ee03911151dcce342fc827af0e5321cfffc73a546a286c94c163fc97
returns column BWB	581e066188663b054ac5785cdc0f4af41e2ce80850b212fe8ce3f7b2bb2da348
returns column BWFG	abc4261fd0c93822bda419db30a29957f418aa6ea82bc0ad875b1017b0dd7e59
returns column BWIN	1af76fb696ebfa7a930e6855fd8e1f7efaf147d7cf511cf4d79005a0887dcc12
returns column BWLP	4363cd6c811d646def99ace12566693d56930c3160cd3c97e9de583f10c0d9d2
returns column BWMN	82ed86208bf56e6494263b3c09a1c8c2e723675cd6e54458124f006783eda177
returns column BWMX	aa289f2f88f4fd9932a5b42e83b0c7885471759069e8b0737fadec3617a7479b
returns column BWXT	a7a1d7ecd01d3c4040dd28d66dd736c1ca6ad48e5de0eeb3e86884d772de21dd
returns column BX	5f1031826a101f341c2b97586a51d9fe3cd6a661b786de8ebb83ddb9c723adf6
returns column BXC	5d02c159a8b399983dc2da4f3d1df93150b846b1e679b2a6af52807d8f21113a
returns column BXP	f2f97ddf3df8e9926f2b26694a9b90c3a630aa68dd0ba82178bfc7c3797285f4
returns column BY	cddb31eb3f9a45c903d72475e5f0d6d465df51364f470ee59b3877f3eddde268
returns column BYD	5f3cba4d909217ad4ce9bf77585d921780845d68b3c5383dc97aec69f0731652
returns column BYFC	c443558a6b7259eadd3fbd69ebd10327c7092b6c64ed6c72c87be951caeaf4e7
returns column BYRN	ba83f85bfdd6c2bcfc99e126619425d9433c987170d5f82ffefd65525987f583
returns column BZ	c6d355a1c494f2b7d3187ec6086063d1a05023424bbb0fcfa4312c995db4195c
returns column BZH	e08347b45653c541bdea2d6ec2729b0dfd0d734d7a04c10dfe1968ad117caa54
returns column BZUN	904df3ef455b4f336842f0a927149da8ab4f30bc5dc601f689a6f4851cfd1ade
returns column C	bd4544ebaaf5bf1738562c941d67a09c58a2ff363a590b9ce2f845a8353665ea
returns column CAAP	96eb82614c678242c7938df9da2f80f76f89d497ad78f6a68e5b69fb6c5f746e
returns column CABO	606b638a29a9464b92a8c57077217f705c9d181f93414e3f0a41fb3092aaf80f
returns column CAC	6710fd15d5a1c00ad6a7bc8f397d9f593dcd3bbfb763683d827c569a0250c816
returns column CACC	6eb98cfcd1c952893a3edf7d3618f1ad1c0392aa1c3a0a02780eebe80da667d7
returns column CACI	2c0dcd2c1e58c675b79fe81fd6e1b201f9a29d6ce2fcae2aecad69b8ffe1e007
returns column CAE	32877a922e5cda8d5ddf28a782d38f563a7573c9896af759707a47cdc56494f1
returns column CAG	516bc54cba3a9de2317f16c4d984e755538174976027185738f0dc33b7306aad
returns column CAH	ea72484f8a7a31d12b230d80c1ee554f862a5fdd0ee11d97c63663eca5d1472c
returns column CAKE	c7845c4bb20e09364b85a0bf53a31276cc073a998c40a38fb329bf55d2d86352
returns column CAL	9123a7cddec5a10b1c56e8a19952d70924f21bcb722b1f5cea2bfa3a1d711afc
returns column CALM	eed10d8eecd7c5b60d1a124da3e6aaed8df8851c99047f6c891d983c953d0aa1
returns column CALX	cb374f01f82b108307714e4d6a999929101f62c1a55c383d8e4256e46a6b1439
returns column CALY	9c82bf2031e6c479f705bc5391c7617b46a168b049c16336016e8eef2849698a
returns column CAMT	042daf424c9bff8f4117c0d27e660a7fe7216f6f5542e841a849eb172143456e
returns column CANF	5943442e299a1c7fd11087ea1f94ca0117092a28987289a7db493f0d11485ce2
returns column CANG	5d04ac2e03ef3fdae49389476c52254d7b803438bef8103f143ef8e4559d6e26
returns column CAPS	7e3827982d3541788324d1f1786a121b8caed3f7b9d7b60fb72971d1d1839c62
returns column CAR	41f63a870e5e5b1942b53819e2873f92a7676f812e470aa23f1be5554af03087
returns column CARE	a84ce9a34761257f361f8ac2866fa295f4adbcd9d63eee016ae4fc5c3e4e6a62
returns column CARG	5c934961cdf00882c118e4fdbc716b88c2a62518e81225e7240485fc2aa61967
returns column CARR	7bdd4e11bd253dc5a33fabc3daa6f01d30f144b1b4df939e81f85d7ac3c76a5c
returns column CARS	e0735ebd30c4ad80da2eae2741060320a5d5de4908ea5b76e10be50bcd0e15c8
returns column CASH	05f3c28b72828d258cb64f3fb25cd6c3c051e8f03993e130a33d1ddbf8c305c0
returns column CASS	148f3c96f1fac1e3435a1014f7c80dac7620825822c03890f6d03733db968623
returns column CASY	07362d18ad58da231ac84e36bcd17ad0a2e5f052405efe406e10e337b57924dc
returns column CAT	11b03f9b5d9a8bb29a19d148a01700d23d25594d6c2fd2acd1d6e32752312d03
returns column CATO	66b18f819a6f3773b6360c68d544fca58fa3e2b78ddc7ea97fa63e9c837105c2
returns column CATX	d7dabdc1a432b8faafff5c769a7dae16e2cb6082eb01709736da015e65caccb5
returns column CATY	fbb02e1293c56f7ce91519ac4609010c91705f73da80ceb0fc6cee35e315cb96
returns column CB	9ffaefc79bda6d6d1f057d0bf2115189b3209945520c7ffe82f7c12041a70d82
returns column CBAN	52cfb73addeed14874c30a74f6995b39840520fa976a9d5941e538da3442cc78
returns column CBFV	b414c15755bec3892eeca68f0a90b3b107a6f6c8f5f2616b60c2b60abf91149f
returns column CBNK	144b4099b732327bddf0c6d5978b3cdc514fda489f6e97274c3ea776595471ac
returns column CBRE	0b37d3f786fab591c8f58abd5a3cf1ad376fa7496d2b68b953d9df28e6159969
returns column CBRL	4363f6d5859b9972da3be3783285cb3c878d5a3a5abd2e64a0f662cff3bf65a5
returns column CBSH	d9a77938bfbb7e291e5c384c7358ba50f23deaa78082a88585680ec57671f8bb
returns column CBT	44c2494628e9dcdfd3e87f44a7f79b4e26e71df6a80b66c4ea64389c84360e1a
returns column CBUS	ce362fb5a34b344ec5eaf1db25ba398d69be46bc7f241444ed6b25acca69467f
returns column CBZ	197ef03b99890a8fbc6e5461ae81308e05a785a9dceebf998e6c74d5c9c6279e
returns column CC	7c5eea9a9d84f837e5d5f9e1f44e623e300b9a98f735fd23ca55b50ea4ec0be2
returns column CCAP	97d5bcc5be95191fdc5ec2fa9858a8a3258e5103109cc0050a0c160b50b29a2e
returns column CCB	c61056bb6c2a9adcb9c31f5a68349f90a3ea4f8f77d626cddc038778de7c54a3
returns column CCBG	fc3d6a85ac433d3b8780fe0482012d277fabbcb276a234da10e47ea3c368ce44
returns column CCC	756c32bc6f580c40c429c7bc9661c15a4ad48def2666e21b59f16b81416b6fe7
returns column CCEC	19fa6506df83057b6056c4c8ba7dfd2fc6940db07cd91a58168888d473b4744f
returns column CCEL	b7ab80b07e192d5852f1daff2f288e3f18964f9bf21821417b931c3d2df29881
returns column CCEP	b79a4652645b2ebad1ddfb63344cf0ec0c62010e43b7e3ee4efbf069e542b5af
returns column CCI	2e57677347ea5e147479f41d162ac7ce436c9cef6a0a7e13736aa0bc6d985e75
returns column CCJ	45ee7e569530f55a376d49a7099a6a660be2447c8f8f9b8e2236a968b1b90416
returns column CCK	a9802d32e6e87ba6e187358c3eed5766eeb4a476724c97b4f37f543702ea44b0
returns column CCL	ce3bdf604f9055f96e69ea5d3cc80325e48f56dec2951e5094136ff97ab5c3b1
returns column CCM	66bb92a9c22436ce503a3da56d4e5a5fb934a8e2aea03d2cdf77ed4042ca561a
returns column CCNE	300cae241cfc80c033debfdc05f4b3b3a9f090ea7bf8a66f3f1a6f37babf7f44
returns column CCOI	cb7f1201c7e132c2aca8b7f269465d41b8df820952af02976b3cb61163c800fa
returns column CCU	87f628c328db4917dd6f3d658d581928326240317bf24297c0d326859393d9f6
returns column CCZ	fc7c9f95017f46f3820db0d1904417fbfb3956055cf218e355c1c47b55fcdfba
returns column CDE	19250c677dafe677bdf2bac63ee5e8eab92a6b1662c4311547e3274aa249eea8
returns column CDNA	d0dbdaea7161f447068e0472cd13de597a28bac414078276682be5375e9c67fa
returns column CDNS	9771689d6db81f788a6f88f94adef73f06d6eb329ce40a8a7a959d3e2f5fde5b
returns column CDP	8ead018806e10c0274d978edf43008624e4a46ddd12f4dfd769a4d06ff30b2ec
returns column CDRO	94994a27b1f929cf12acec618d985e810c1a1aa83be2c825fa0d318cc1216de9
returns column CDW	a0f80824b2fda69893f70c81fe10f7a8824c4e526ef19caf4c17eb25387340d6
returns column CDXS	cd5d56f8735802f6741477ac9f4236141266d16f72928d263e9e6001b5b7ef7b
returns column CDZIP	7015fd2744ae84fc69a6d67e832847a8b8bc17de19e63475c35bfc58dcc3944f
returns column CE	72274a1678fe1253d8eb1b7a814a8426907f185c81467210e7888e382c4b7662
returns column CECO	e4c7ea9e74659897311c588da7f4d5867b1e593f341b2ea831bf5d96823f9bbe
returns column CELH	4df930aa402919a0de36b2ac30078b963a049b73f79c9099f8a29bfd218bd42e
returns column CENT	62bfe2df9b243d60f89c7fb0ab4065ad231bdd22a997224d303309ec66c6ada8
returns column CENTA	2ea72b97570fda5d6553878a515ca324d224664ecdff9098abf4500ec5bd3ef6
returns column CENX	c7d9a90af61eab1af20c5a7ad815d77e2cdd43e226313c4509864599722dbb4f
returns column CEPU	c7eec2d39a01c7f2ab5ff73c6f4c624d607e18fefd71251a9481ebc4b8e172a4
returns column CERT	f94311261d7f736443b4984b244c320518937db376ba9b88dfdda8496e107824
returns column CET	b116fcc4d485a2fa33fd46c0581f7bcb19e4eb41333865a088d1432234831912
returns column CEVA	b3f82c117adb364bdd864693733fdd04fd6ec202677302ce7434b2c391e206e8
returns column CF	dd03514f00937c09a8252fe888bea4b48d01c65c7893cb56a173ef1442fce8c6
returns column CFBK	e03308c871e73f4716dbe0a97a3d25630230a93a0bc9198b13adf2d6d24955bd
returns column CFFI	bab722a3311b8c135b5b2761e7f311958d4295ad2dce99dbbdb1397329e728cb
returns column CFFN	3702f7dbcf2f9cbc9f986f881cd60ccce68acb50cf774dd22a9a404cc99931a0
returns column CFG	84cfbf2bbaf5bbf727a9b617be5e29bc38c3b0e7c172574f29b565ad323fbace
returns column CFR	b458baa0f06ddb05d5a6a057991fe7df08eabc21a0f9d1d0d89e1a3db7f3a139
returns column CG	142961a7572dd2cb6cb56afc8e9f8cd8c597712667853021c8426ef8c4274dd7
returns column CGAU	ea50992a7bced697ad2ab005aecfca31993a9db64bac913792980f6ba359d269
returns column CGEM	0906c6fbbe00500e36834e51b5c42376cc89f9fc638e1929ecb357d6ec72eed0
returns column CGNT	abfde9995c8bfe021a3ebee203df21ad89945cceb3661c62e0dc9c908cad0b85
returns column CGNX	69456ae4075f61f0e3eea5380273fd6acea2c53c6b729fb3d491f7ab93c3e218
returns column CHCI	021f6354b0e5bd22f9e9dc729e46beba9c70ae657a12e7ae7d2f5ea598d6c548
returns column CHCO	40fbdd3e352a59c50bb7d89776ec517f419704a2525dfa9820296dc0bbfbe2f5
returns column CHD	03dfe7c93ec2162762c17e74c26728208701ba134cbb2e8e2601fb543b1bb2e7
returns column CHDN	2a75bb50323fc9859c2ab85306cd38cc416580c0f7d135ef05656f2096e7b710
returns column CHE	e0fd6cf1c2b14fa3de867feabe0b6fb7b56a0213f28e81dd14288eee4de14665
returns column CHEF	a7c061c8f9a8a31c940f5c96d52c607b5237b569ef3c2cb4c2ad67863448108a
returns column CHGG	0a606015a3f2a414963d2649f387d9a67d0b38d2060a5329dc68e0045d9a8461
returns column CHH	d75b1d7ce7ae6495f0d0f011ae689ca7ed32a99f35a09dc645853668f3db4568
returns column CHKP	116964672d1c5cb1462b6e5a20e7e008b5d9f5c7f38318f6918bb0033dce345e
returns column CHMG	d37186cb80dbf5f38ca7191a141ea42f46e802dc23e0eeb0ec17c2746426d021
returns column CHRD	69143c2f78ccde3559e5bf8998a5acc36480055ade845296a781fe6269c56673
returns column CHRN	1e110e2e2fb9041478f9c7889659a7fd8f1d846e3737e447b3aeacecd958f7fa
returns column CHRW	0cdb53369d495ab8df43556cd03ad3d5795c9a4641d9c06ee6ac52c51d08a466
returns column CHT	e0d9de3357b8f6cb84b7adec59ac6c62072d288cadad819c968561b7cb808d65
returns column CHTR	6ab8a312b3346419b01b879eca5199498340a28ceba6b6096af86e16a8dd5c77
returns column CHWY	152532a98cb3cc0c62f8327fd4f21f30ad525414043ecd4a8c3a15523e596474
returns column CI	c411523fbb425dd26779722a0e7fe5c2121323cb150373f7e758101de05f4dbc
returns column CIEN	d4385d5d9b497932ae8cc2f185437d89faf89d48628b8fab5df04608c660ccbf
returns column CIGI	5f5f69678b27ec703b275e019fa65bb02458e0df65f014a6372d4f9587362046
returns column CIM	93f7f8407acf2688677d71f921493176e858bad252ab601262c4b0b9db39b19c
returns column CINF	f4211c729ba7a1f33ab6bf3402e7c12eac8b6c33b92dcbea7f74fac6c9b122d5
returns column CIVB	570a85c9fb2bdeea07eb8749b4c9086c88de27577ea843992d326e8b3dce5147
returns column CIX	97b0e84df00332cb76e6cbdf3f3914fa85d58734f4cbbed07a6fa8651e4eb802
returns column CKX	8e9061d8cc6fa95684739c7fd48b640567c0b757cf82da83099f76f957281cb4
returns column CL	50971c71dbc31420ddf46672b2637d885562d7e739365af91d8ae2a81a342e9e
returns column CLAR	4f5f998f0a123a1f17b971449d23201213b4f4169e1ec8d7efae9cabc1480e93
returns column CLB	fd85384cc2c926974e9626fd07acc2ec99d6c66714a92222cdc673cf143cdc64
returns column CLBK	365d72e0bbab83a88a654789322ae54a336bc5ef528a75202910a57aeb68707c
returns column CLBT	e295954cd56ac4d08f84a89951e925b657802ae760646c726b26a0488b77f032
returns column CLDX	b6b7c268a3fcc0fcaa4f6e01324793a76c9cb18e35e372bacaa86c1528b13754
returns column CLF	2be5c1702e1d63b8d99376ea0685baeef9fb62727c40736376eeee5068d22569
returns column CLFD	5fef77c501c9478d85dee49a7bc5d3e6d22b39dd707c05948719663bf12ce0a6
returns column CLGN	e37befe5fd8100646796225034fb448914f68e2de617075975e7efaf526327c3
returns column CLH	0800067e2b5677b9d24d84d043fc09b1c8ef571cfb44e630133251febce273d1
returns column CLIR	cbb3ccb0f5ebd63c23fa393f4f21f975ed04372d5c2716740a06a7e503a0847f
returns column CLMB	d2e05cc7b0caa15cdd5f33537b6e990fb0962b9a3583ff7f75eaf1a690c960c1
returns column CLMT	986e5d51b9a841ca5e5419756262d6b6e030e439c12f373d3f0efa22e02b670d
returns column CLS	a05f0bac183fa02cd01809a4824a57844a055bb5afaaec2481d0ab27d8ff385c
returns column CLSK	3a117808cb6b0334a62b1326b815f6dd3cc1d609fff3d975ebf116c594fd832a
returns column CLVT	c7c249b9d58a5425783bceac08b27fe1d2cd867ae256b87ef0e52e0720118470
returns column CLW	f5c4cfb79403897bb91bc9268f1ed0728181f24ed2f798a5592803ac5b96baef
returns column CLX	f370517eb6050d4c26791764bfe08708ca99a527592f4f40f85a6a097edf6c82
returns column CM	76d0aa5c71fc29b576d6dd3e7b18170105eba2b9be53c3f4d5acfe64189ba28c
returns column CMBT	2b4de7bf4470b224bbfa08b6dbc3fbf07f44aef056bf21327daa2804e579f6e6
returns column CMC	385270e74b6d7cb70194513850e574189c70170894e27adfcb764a526c38f4ee
returns column CMCL	c5f453bf64fda1f3a80a863b5ab96e75e629b8e3ae89049f0b36411d6662e796
returns column CMCO	c69e6f7b06fb4d1346dcd9d491af78ce963b43d60243d0f36552a279cc7ca74a
returns column CMCSA	6aebe646cc682c4bfbee8cb2d9a2e541e77701e3a0a7080458fedb9dd116aa3b
returns column CME	0957f5cbfe4ba29eb670128db400f5e5ad768676f57016162aed7c05f79a5e0e
returns column CMG	b7fe0392c14915c488b00485f8c59661f4e86feb7b66c900ec19a4dc5d3b0b0b
returns column CMI	ec2b4da2c695f27c2f80f295f65a2176cb4b1e06a1f4fc580c350c37db0b5759
returns column CMMB	d13cdc6617af62a94780b37b435dc1a61baedbb929e7201c5c39c76c1ed1a8f4
returns column CMP	6de86689777fbef50d043d63ceb02eec2c56849d757610a4c2198d3169cbe5aa
returns column CMPR	00ef8249663731bfc79b31fed57aff939220698d6e508fa2a9b3dd729fa2f58f
returns column CMPS	c2ca1fd911d942bb6208b397baad0fc05e0da8314e276a79dda525df8acc3cd5
returns column CMRC	bc564ad2a1a2be1d22a766bda5c10dc7fa1f969d0996a084c36cd5421187670d
returns column CMRE	f9ac21f7296711f9f3e3b49265dc54df7d6d0c975a05b0fc83ec356ff5d4ec77
returns column CMS	6c599de33c3effc41d919227f92e7bc6ce561edaa7939effaa5075a4b57842f9
returns column CMT	33a3c5569bbc6c24c43f1c17da1f505d8dc50f82805207170c4bd679954c9ffd
returns column CMTL	a292f92de61967291dd010a583989f97b439671ea4c69100d4d5b71fc22b9fe9
returns column CNA	c4ad9bcdc98f59cc4931ee53ada1cc54e8672300cb1456c8f81ef59a7e4940ba
returns column CNC	4174b4081851c0b3b2428b8ed2e9ea878eccc60263c30fe9d9def3df0ef7ff2f
returns column CNH	b46e260da9416dcbbba6f05f8dde9e6252dc0e053a90a35875983b3f176d66be
returns column CNI	b4aba654c78629c7d97c6fff3bb8cf9fe23fe8e3e8a89125df57f9ae6d4fd30d
returns column CNK	39154e7cede3fe84ea3d8a2f38de4cf01c9c4ad0750807b722c6c930cadb7877
returns column CNM	83e1d8108696b375d28fe85a547d5fb211dd83ad8b7f4c5219e50e9369984cb1
returns column CNMD	b6cdd54aaf60475408338aa4e7f72c6334f2d47127abdeddd51e4bce80f2025f
returns column CNNE	afea3bceba7f6e62a90a5401b89a54834624b4da49ee1bb1d23726e618697c13
returns column CNO	385f5ff44996cbc323ca2d26b8b3d648c3d3ed1f3fbe0efd77275c3f67b0f8d1
returns column CNOB	d4bb01af6c9826fba9bc8ede3d44956ed0d81bc0673a2d40452bbfb82e66565b
returns column CNP	fd969197228f8c519a727cab778bd86800bb50d6e2f23e5f97e572abd523a5d8
returns column CNQ	fbdf715260137ff3164d079f71083d12377780f0955dfe52ee181d0f1769fa64
returns column CNR	34e36c4ea724dccabaa57e6b9b839b3675f23c1d22262b4b78dcb88910a3211c
returns column CNS	f9d35e9a9682afcf9a39e74a1a9ec5a6e4be2147b171c2cd645c31c2f07ccd32
returns column CNTY	8f899e6c74736ec94dc219e29e31029aa6cdcd28d9a4bab437c76b46ba47459f
returns column CNVS	35367627ed0d4c5cd896c0d0560471848e458d685abd4f5625d03f99219695b3
returns column CNX	c3eb6b6621169bb5aa11d1d3206897c31ee35a95667b86d7a9d712a59dc2979e
returns column CNXC	70fad16ea0da7a1448649878771191c878a077a268cf187a3ec372e9b018d156
returns column CNXN	622dc514f03c2ce2f19c16ddff9783aba21f1c074895d98c33e8eba4ec23cbe2
returns column CODA	21bda5adda4ca330fc3f52508701b6e0b3480d70e0c4fd795f2a244b9f476eaf
returns column CODI	4b26de8b9e27158eeed38d53d3e6d77023707f8522ed82d77439eefba4fd0851
returns column COF	79bc412df38f6e403805c360e6e81df64811e4c4534c452a61c10f7c879d9e4b
returns column COFS	eb3bfe4c0ab0b614ed302acdedc74c63191da6f19061253bb3fc82225b422ba9
returns column COHN	214458743b73da60e659f6bef115a2b09bdaaf65039435c5fbeada1f81f2f2ee
returns column COHR	76a99d4802109fd6810e78254ccf7557302c82a89c4f227fbd30548a688ff2ef
returns column COHU	0583ae95df6c6f54e861f92906e12cc6fd923afcccf4d1da7769109200a63b33
returns column COIN	65e05cebe895c3bafe52b7e30afce0b9db012c900ff71fbd8342db599c2edeae
returns column COKE	8638ae658da4961212fc4ed40402571e7139099b0f255379cf6af35a1238b288
returns column COLB	5741c2150751feb4bd495b5fbdb5890eff4e5a37d52b940d6f7b6601614dc7d2
returns column COLL	23239d929198d4de5a57e1c3ba3fb54f75392d9b21f49aa5ea17a39211dd7ecd
returns column COLM	9de6547b33a592ed3365db6d55361917acc319fc23c24fea3906b3c932a1415b
returns column COMP	ce7733d8b1dfc5fa317ce5c85d8820d011510a57e9f366e687f32bbf15e217b3
returns column COO	e35348ccb6e38f6e237cf688dd634d19fbbd154e1bd5ea198c320085ec42f1c1
returns column COOK	083a0d5c61d8e6b332e8c09c524cd09b6a241f9c0a573f75670370be651c44f6
returns column COP	5509472580cfe9889255da790c5bbf18e247122dc9b9c34a07c2c6b60a7d1955
returns column COR	7f0613cd6a1eedd21a20920186e4d1a8a92986132663006754b1c9b1dee01298
returns column CORT	4db6a921b4a6d43940fe245fc72118fed2e44162c76b510398450a63e0894947
returns column COST	de7260800ea383bac3bc661b59bd7a66f288a20095058e5cae5212ce61160f05
returns column COTY	b933924c15a633dcfa9471086fc208eb8a957d14bf6f50748ae2ee61b8c23f95
returns column COUR	9ad603f7ee5e6ac7d3f0c18648173054d514fb9b8866678e6b720b77ac130792
returns column CP	98c3c9f1367db2ead577067b94853b4697ed6f04e3a1baacd30761d798f0f53b
returns column CPA	b365262014c9f6bf20b788f1f3f321630fe6ae3082901b6c93dec8042d7c8f40
returns column CPAC	9e70d156c3c8767b53e8f65f22c5c0bc677ab2e8efdb4480cf041736908a71b1
returns column CPAY	7b5e3f8a4457e2a0b6ab0c649c3c5f7d5510688df2a71405456e7975d7ff2c54
returns column CPB	a6ab2bf37bb68aa7f59709a91bddf3e4a10a8b73ae17d6666f9ef498dccadee4
returns column CPF	c58587439f3754aea769c672c0f0d7085ee01c52350310f82cc6c6de4347049f
returns column CPHC	62b534d58f929a01597d3371f9de73bfe5cfdd4ec59a7cfe2183f90bcfba11e7
returns column CPK	831f6d90c14a46d7083bf3a85c250b4dd2689c0ae6fa3b5cce60fa1994f0eb26
returns column CPNG	638969a27efaf95f60a136b1ff7e6496253594ead020373dd5e82f120fa2ee29
returns column CPRI	ceb29fab8892b182a68e5c9447423d25df8a92f79105c89522e6e5f68fffc4d1
returns column CPRT	4cc630bc7d6bf5e01b44f6201d50210712aaf51944b2f098a395ed34a98c578a
returns column CPSS	ec725ad0e2a48d2609ddbdd41a0261c82ee50b9d1904651d5e36dbdf9ee1a602
returns column CRAI	8766dc5e8d814a87d54099128ac26697c1211452d0e94ed9daaab3a8bd13150b
returns column CRBU	6453528053c0ca718cf10f76dba61ef78f761f8627ea729b15e459c41cf168ca
returns column CRC	6f95c2c45374583d080763f6b93accecd1118aaa4f6ce22cdc725da910878003
returns column CRCT	6ed5b724453746af0303ade21d9997c9211bb1b4489f91b238caa9165e3d1a67
returns column CRESY	28e9dcaf407885a479a9614defffad7f85963a2e084d1bd3eb43aa404539824b
returns column CRH	9c27485cb176c9ad410ae769673b8dbf40f7f76505588c314da0a89a4f0e89bc
returns column CRI	168613aab5ed0660bd3c889d1a071dfa8bd87c6516b019674c4a7696b3cdd0c9
returns column CRIS	5d898a5174186e3914e06447b14b86ef0a7b82808c09e92ef462320c0fe5b564
returns column CRK	9750079f8964258c8b8eed2eee863e896b84770cf0d1139daa740727c117fce2
returns column CRL	79e1d2a586aac8053e063b940c77a0f113643e2d819638a3e68ff672f1bd7904
returns column CRM	13fb322917c0feef4ac98c1a2d63cddc6d5a9fb19aead9b00d7938c720442a7b
returns column CRMD	d03aaf03a36f382f92e3cccbbd8d9763355645f327cea1066c0bdf710a666a34
returns column CRMT	34f930f145af2d4c98d0662ce0ed640958788bb692f5377ee393c14c2f499808
returns column CROX	226ed61c829ce7a882e680f6e713e60593e85d9ef31c4987bb39b2f7d11811cb
returns column CRS	032be2d0d9233c180b09a4f27100370aa7b0aeaf0b461de3ef7cfce1fd77e849
returns column CRSP	7244138eb5846aa0c06adc3c7d03f18fecff4523a4e9192b61013fba2b9d028d
returns column CRSR	c25d2cc79bfe6673e200775f92f76cf2360d9172d11ad48084d1061531810f78
returns column CRTO	5a1085ac06da8961efb5b33fb89338ca8f01e1b7d5dd83cdb024c5341367fc16
returns column CRUS	3648b280738ad84beda8127605701b09766deae1ced46deaa71760a61edb80db
returns column CRVL	24661326f4bd3d2c6a86301d45f4c8cb8c64bfe1d09dd6578e9cfbd2fe9f1b49
returns column CRWD	faac429494b961dfdd16e944c94f2548dfe76c0000a82d9e78c47d033ae4eb46
returns column CSAN	810817f4fc37f93b6166aa2db7fef00a4f44395171b25c171203715dd367e8a1
returns column CSBR	4294f11cca488485d23f93c142198dd1f50d8eb64adfdb0339d4392cfb2d0524
returns column CSCO	9e5f450581ff13ff65c050084fb86da020c174ee298557eec1b8c944c50fb337
returns column CSGP	c58fc1b1c59f8d417224e03ab351624680dcd76015ac3711437c2ec9f64b5883
returns column CSIQ	fcedc28f3228e7486eb3da3a175f781f52b4f673c1d665f955cb890effde0b70
returns column CSL	9f381a525a467d1ac54edcb4c062e2e9d4fa5a4aaad84334244981768493cf02
returns column CSPI	19d0ea1183e6853c788fd7550c580ac1d9134f9b677552c2f90cd40cbe34d821
returns column CSTL	2e6ff2dd98ecbeeb6e6e9a7bede93d57358851e749db7fe3382cbff0981898b9
returns column CSTM	d6d0d5b09210d8e86a0778cdb2af48f9709307ae70e08b638f0cd1d46086c7e5
returns column CSV	fc8c18bf1e1d5142ddba69546ded06bb8ff5985ba12daeacf70e2844d3e2d51a
returns column CSW	f79250ff1f5bf53435e6ddbea853ecb8f91b54eb38f5d3a6ef9194e912eb0229
returns column CSWC	61f9e58b3f190a1522def2328f8b13b1ac4c238e9a2757930d6abc362f05d00f
returns column CSX	ddcc7b6aa46db324a71a7e7832535ca8cb39dea9312a3d5e2085dd483a0d289c
returns column CTAS	e30ad10f4d6b8c71d7785710b7fdeb2605ae67ef5f60ed878b3d185e1bf5e54d
returns column CTGO	969de8097c293dec8558696f2c6726e7d7799150dfd803fb4d1692dbb82a8965
returns column CTKB	f4dbfc5380784ae3256d246d8451fef70a037a0f3e4cbea070b41f052d8e3199
returns column CTO	ac6b6e7ddd3b4bdca24cd8b66ddf6260669a937c11c8562c696b1d8f91809363
returns column CTOS	4c01688bed6028cb1bad3ced9c7cde73d41bd4b5130d8b0a2979e44d3c83fe91
returns column CTRM	35b767dda7243fc3cf96a18119b1e3a0504509b54dd60d5155b17416761feefd
returns column CTRN	c02ab6cb295a056bb61fcf9bd4df5a87793892f2efe741ff46606fa19b52bbd3
returns column CTS	e220804cae59bc49298edfebd7c8b594202ad8b8c99101cfe4f4c95d7fba133c
returns column CTSH	98db1f76f837243aa8060d0bd14c0a33709057c5ee10c86f6f9eefb23cd25dc3
returns column CTVA	d8f857dc2e8f2b89f8c9b4b144826bebe68862e9fa4bfcd764450cbf67e6caad
returns column CTXR	50bd6ee9d79825e5368f4a0b88020c9d7446c4688de26d8f8bb346bc724808c3
returns column CUBE	4b1b60881947a41138ff72bb82fbb18d2e7268cc053a1bb2e3881e4354b85543
returns column CUBI	3e6d28891cdd9ec6a29a130b03b1b4a860779cc0fc6bfb42014ebc21b583e290
returns column CULP	6d36adcd98c7d94a4ae229133974ea023ee968359b1cc988c05fe8eb70939652
returns column CUVL	674c88505bb62b5007a435155dcf017d2fdd62106f1864966254307d806c729a
returns column CUZ	defeda416f01b6b0ca2fbb5ea6c0cd7ef3abb6ee650130df36a4944b2b1396d3
returns column CVBF	65c69202e44948134bd75e103531def433911dd02ebc10300496465001d2cdda
returns column CVCO	e66567f69ede07aef44ecfa75375ee9ff44bcc9b9c6399b9f63b86e3fb519fd8
returns column CVE	6640fd6aaa978c140f6a7d5246486b1bc6566e0854cf6a454f8c464fa2df1b1b
returns column CVEO	9752509fcba74f2ba176c2a6b3f739c96b3e5ff287e1df7251f6e1d6f6d4ded4
returns column CVI	94387ee72d0dbe1d5d66c6656d6340d335f09f7e76c9a06a51203ff209b18171
returns column CVLG	bd20bfc81dd36d57836911fdb672795cd2b1522a3932b967ed7302fc54518a1a
returns column CVLT	ab4961c33b62eaefd46abe9f21a83a7bd6583101529c98c9fdfd413c557adc4c
returns column CVR	5cb2a3df3d197f88680f843046d7b9c027bf3960cb38aab49a0c054a6bf69f1e
returns column CVRX	299e115921835bcec64229d014846c24e25751e67d52f5410f7c1806c5162c8a
returns column CVS	39dac7d048ccf59b92fc6717bec52f11f6bdfec00951178ee7282fc809b37df9
returns column CVSA	3f6625ee9e88a8cf914cc2408f9f7a8e536fe52ee6d625ad136aaf3deb806cd2
returns column CVV	1a3d614db38ae3f28d890eed15327d705e29a05573f345a37e5fe156dd6fa92e
returns column CVX	58dc936fbbbc129da235fea111b1be1ee671a010354da9801b14a19a6f9f6095
returns column CWCO	bb718c344d05c11aedbc64d8c4ee63ef7db15b262c26c2b9190481dea53ab6f7
returns column CWEN	f55bd9496aee4b999d1752010d36afcbd7f090a424c01a3b33f09e311eb1549b
returns column CWH	327441c589cea18715341485759ad6db8ec9c74872ded50f12541d0a323a53cd
returns column CWK	1607d0dbded00ed804d56947dec2c25f3950fa0b8cf5267ac33ce6added4270d
returns column CWST	74c9c1090e91e0228a175110cf9953f2c92d50b0b0842fdf0a92259af2a83d97
returns column CWT	57631d0b78b5a5dc21ae471cffed0fe7d506643f90955c1bba571b5257327a06
returns column CX	fd16d99a3e2655ae3136f1d10b6cc662e995c81250a8d7fe75408ab79092e68f
returns column CXM	7fd7d3d5bc5834c754baf7c9238197d7bbcc7180f5886eed27aff02625686041
returns column CXT	96c7caed882a0682832bdf601390bae63f145da891520945e6847a6564811d73
returns column CXW	9401dca0a69c48922f05f49c802850111db3e6e3bcfb77d09de20203b2e4ad2d
returns column CYD	fbacee4982d7d53b368507ab87c674f317a1a3d00a5ec7f99f4c042fe3ba32e4
returns column CYRX	173c7c39ac815956d245235765cc7951a16cc9507ab8883f9b9e153e33d20fe7
returns column CZFS	10fbbed2e505e6de7925de71150ac0c538eac7634dd2686a92e38103da5f0241
returns column CZNC	292cb896e2af4d1bede87942dc1dcb16e308f747b1355cff0edbfee87c46876d
returns column CZR	a71b76fbf9b52b408415895f3241f3d1e263c56e807befbb0b37571130c4f7b2
returns column D	6e58c97ec55393597a293cc3b8b8ff9211e9d387cb2c6d03c1ab9278fb3c340d
returns column DAC	5e3a4cd1e6af668581c1ac193281e13ef7b371076acbdacd8abd2589cb7b1573
returns column DAKT	3e3a45e1c3f36b11f1baa0afec78f0b98b16718e6ccaa7bc173ca28c618b7f5f
returns column DAL	24a542ceb340d2ea8122b69fe69e7289ea51b4ae4957cd8c492d988df395a408
returns column DAN	03d797ac6c69baf74427ddbe248fd35601f0c5fcebd2237cec0203cd9de77880
returns column DAO	9c119b233ee7608924a8f7cd641e48a048a5d916d5a085b757e542e9511c9686
returns column DAR	8d8f0d21af07f65724ae6598addc3a7352cf6ee8950f08421440771922db943c
returns column DARE	64936b0bcadab7596aae43a5be27b628198180bc4ef089ca923e0297f62d9d92
returns column DASH	cf50a0c223bcb3cd3f8eaec780b1a419eb275de5a1e029866e13447bbef66207
returns column DAVA	e5fe8ff93276cd6e76179df51d7b6e466e26a9613df76080f2d799103302ca4e
returns column DAVE	a49f73e60acd3f11cb068d73bc2ec3cf9b221c7fef548aa404eafea3ed3026e7
returns column DB	917a5fba03b9b7b640caa31e6a843b97c7e3789994b69f62ba092d57cc4d2c96
returns column DBI	72168479736e9e0354cfd26d73cfd658044eaecdd86fb9c4f3e34e2d6f71fbea
returns column DBRG	2704b692a0cbe7d22cff1528e82b357906ea7ec36fc7b25ef09696e51a0587c8
returns column DBX	cee6c08bf61d8ed7ad6553ac79d6aa4b6de0518f9fe9c0bbd019624a75c31697
returns column DCBO	72df6f590c9489000eb5236f3beb3a4b466de43effe86a7c0cb678ede15c7c1d
returns column DCH	d5855189ab60167affb63d8e7cc22d1517806c6b99fdb29145c754d0a2498aac
returns column DCI	010dba95ad3dd4430c4225ec81f06ff77a96a358d7df204fd11c4d232adb6209
returns column DCO	833857737c663548c83e518a41faa39060859ad59bdc23406a8e54277397b1bd
returns column DCOM	8c63c0220a05f46e5ae1921cbe3105eccaa425f120f37372c11411b260ab91d2
returns column DCTH	a33524c5d7ce3cd27b5d6583a06be40c1fbb2b56d859c31f2afdc5bf9dc33a66
returns column DD	f54d490e787f314fd38ce457cc7930f7112ef716a871846b32845decfe9777aa
returns column DDD	272ed45bdf1713ae5c638c8114c027ef63ca48b02e6f56c3f63020ee22631e3d
returns column DDI	fa7755636a324901d3f4c243aa0720e3e0b5da38a6d04d3cb47ba68feeaf7bbe
returns column DDOG	91304ab894adcf9ca79a2bcd3b4bf855ec2112cd898361f966a80bd41954ce31
returns column DDS	ad79dfcf281ac1a57b1de22aa5a3114642a634f3bca19aecc18570def1683aaa
returns column DE	01149cc297e95f6a9b911bc215964d9aba3023e686d6b2c1451c2ef45d588b03
returns column DEA	3f50ab7d0e382c3946ed8a319e2dc56f1df244cd4f6c8fe6513ed66e63a6c5a8
returns column DECK	55359726fe5b05908af3908cc2b04f8250fc4ae2ffea7265af7c4042eccf95fd
returns column DEI	073cbaa77bded18efca755f7fbeac5ec892e3a9d55dabd9eda56b91fc3c8b080
returns column DELL	4a060f12271e5035556128d3c76dd2d3fa86d6d3d1b94d1bc38a079e68996f3e
returns column DEO	a8a59ee001764ec99e232618b146af06688a14b9fc870e2087d293b3c8a99d15
returns column DFH	e1ff75dfa6b242e7bcb467678f98f9744f48df22faa82bab7aed0ea93b5445c7
returns column DFIN	a5b9d2272a72a39333ab805236e7afccc31009700c74e0b132c8d629edd8474a
returns column DG	850fe8256948878660159884f5e6af55aac9829e1fc1a4e66fa046933ebf4e8f
returns column DGICA	206302796be3c37a109f093d5b87dab812c150f23719810b6f34e81b6d4f7ded
returns column DGICB	16f377df194ac10204d0295717166fbb1f16c550ba95a49d892f26d64189cb55
returns column DGII	1fbf456458bb50ab81063ed223988d5911edf5b1f18819ee5644ccc5729e545c
returns column DGX	5b0acac32c23e82e5f6d265dcc2f3912b044b056ff8665d5ff3d502ec10895a0
returns column DH	c92f411244e485e43e824439598ff5a8bccbb2b292759a9f150014ce1470c34d
returns column DHI	217d36586f6be741ae88d7cb6bad216c0fc2f1ef0f9ba9333fffe44c18cc669e
returns column DHR	7b1dc40f49cf820e847d49b7ae895b678c5aebdb2dfcdfe22a7c7491a509024e
returns column DHT	6105e8a219fde099de97022b64624c8212f1644bc1cf83861ea01a3ca6f2cebb
returns column DIBS	0062ba8e5bfe54a834fef4680839d65a9071dc3e749eaa6f926dcea3442d375f
returns column DIN	1ba05bdaf0f92e6835b9cb5352f8ba0b8ce92213793e214a8317215d6ae89862
returns column DINO	a85635fa16d4a0ebdc6d2a7523e01a8ac616610c4090e2f098337838658f194f
returns column DIOD	f9c19c6caa97f1074dd8d3ee81bc651b4bba49143321818bb9a26dc8ef142219
returns column DIS	a4cee1659536d5807488cb0449ffc5a465416a54a9586219c044ae567a3b94f3
returns column DIT	d125a74db13c3bb06e7fdb008f410aa91c9fdb5cf07b3474e8a7ed6d505d6516
returns column DJCO	14a429b3e93759649d30ff53cdea2127c564d099c666415202b2cd5d761819c8
returns column DK	652c7c7fd117c5c939c494d6f866493ab824baa69b3c7b3b809ca1bbb4ead337
returns column DKNG	83131d089bdb7e600914a08fcd4dd9a76403b1cf704f7c38f40b956888763f61
returns column DKS	1088d4e02830d956daf608f6477a6cdedf31ed1b10ec84c72c67c48516301a99
returns column DLB	78583a12c83e0587ffbf4c3cbeba66e2e598d37caa80f2efe8a7050876300fbd
returns column DLHC	4a1747501348e9e086fe1e52e1548dec47f1e84cf542cc6aad1611b2c2e83308
returns column DLO	e73b4ee9777ec3c57941d517199a49649d8e9bb296ae3578281db1f5e39d9664
returns column DLTH	879284588e724896d27b96dcb1f654ed6e4adee607d00b2bd852a53392d5a5c8
returns column DLTR	9326402503e60d2f855de6af97801932d5232fcd98633f06c8ab6b9a0da047ef
returns column DLX	6f9bdafd08f7a8475a3d18d3746980bb0be28c1b3db64494fad22fbc277eeae3
returns column DMC	00efa34e01bf67c665a596bbd01a0a2f11846d360510d0e3254e4f6541a6ed08
returns column DMRC	cdcea00485c9b09699abf09d09032769a99b265888fbf7c3d7ad8551cf6a5422
returns column DNA	673acd935b18757821d94cb260738e69937532a7aea99c13fc0792b9365e9755
returns column DNLI	10682e96febc8e513c315e5264e8800868d68e6eb66aef60b0f2ec4dd9511a23
returns column DNOW	0da9c713a9564b5890565a16b711bbd46e314b67d721b26639599a39896ebce9
returns column DNUT	030829614b8b890e2c3c99a37c844a6ea4c30c87036ee1cd796ac6814f24cf82
returns column DOC	f7522db466d0e62f824a68da6bfb006d302d148f96b6f3e2095d08b16eccea4c
returns column DOCN	5f271259f59d3dc3fbe3925057bd39fb1c61f9315afbcdb642ac869e100407ac
returns column DOCS	f6cb716555e40349f8c27c6e0ea300eb9bf4eff959d0ec4e59d0f4be21158818
returns column DOCU	40dce92eb83d50ed4bc49643ab38a88638df846b950166ff94a7ff3e85339263
returns column DOLE	0c34d0e94df0fc2797c2d61a0b29dfe990580280d9ff781820df405a522edca4
returns column DOMO	c0d01a5196f166fda04ed92166d9637fe2f6cb94508786575c58aa34b0f2e83f
returns column DOO	a75d869b00ea947d97c1d707987add21d3adbad14da84e8df16d174de55e61ff
returns column DORM	17c1f3bf916cbb58faab058d75573b64196cc3fb58282887a7625c0bb590b947
returns column DOV	558e17ba0a97a49b941a5706b79fb1d789159b20130d1dd1acb401f2b7c09dcb
returns column DOW	cb187a5bf5e06df323983b7b77ae294b3b9c46a3b5ddedaf29de09e87a6057ff
returns column DOX	d149c86c27ddeae9ee7521f9c69fea968e0144b1705247a679322268e5fab132
returns column DPRO	57c81ef678899c3b110532c52f5cd9c8247b83fdbc6046cfdd2b1e02a1b1075e
returns column DPZ	2aa0e7936fc608ec1416f4ec95a0d54f10bb8cfa5128a94af72fa28b36ab62b1
returns column DQ	c132937f5e4c1140903b037bfe5de709b9d0fd344a428178d7d79c7bdc5081cd
returns column DRD	e4e0d848c6ee1e6ab7a821af8b657cc64e7219a4d3334091b2225b4e125286ee
returns column DRH	be7a75481e5bd02428f71eac39374784405fe278c4258aca27a1a0267b7807fa
returns column DRI	578b1c060734e82d7dba7b79452d01d453a1727462b83208699a4cc7034dc4e6
returns column DRS	6e75b77f3c92a59bc5f170e01f30e1f5feb79b8fedc8ae531368298522c16da9
returns column DRTS	144088d5a8965542d46d388201e5446e36fd84463561dce4b4d06f0788f522d1
returns column DRVN	0b7528866f06962ce8599beaf96a323ea30adc3711758ecaf9f9e3d3f9838f89
returns column DSGN	598643ed9a7dd2f65af45bfec3928dbb4a3f8edda7493c6ae2401fc76adee4f5
returns column DSGR	5acb7d9066b91adc3655550c87adfa69c25ebfa569f5d2080a6032e96a2394fa
returns column DSGX	4ac0783a661e28f0b9a738e9b1e232a75388d99ddf236a4cc990e459cd208ad6
returns column DSP	86bed94c733b770d1ea8bbac4716bc004a4c52784aff40fc22a47b8c5e31d9d3
returns column DT	c9ec65f664299897293c4020d8f5b9cf4e55d215f7ac51fe27fca47f971648ff
returns column DTE	c4aece4318030935988517dbf7e4910a4d81ebe258bbde3a70a6577c0d994aff
returns column DTIL	5c6e8f86070d75b60851ab7e90190e019d9a51f6794c616d9e0768963a8f5879
returns column DTM	0741fb3a2bfbb91e40a5119766f1390034e5876314b6522a6ca20b0a9e2e6716
returns column DUK	bf836e3729e6d5f7c5466eb87871119ed0a28df116d990fe62c0c2514dbbaadd
returns column DUOL	801a38ea3aec303b3aa79bde1d45bfcad7a4635cc76e674f781c0971d6129906
returns column DUOT	035d14adcd37552539ab7977e171e87358a797236b7814d4fc5889815f21b9d1
returns column DV	1a88abd7f7ebf96005c5c1681366c198f6af29eeac1150216f10fb9414f79c73
returns column DVA	f35418474188ad8b0dafeee8bd88bf3717d213dd73dbc2f35bf2185197bfdd04
returns column DVN	3768579619be307b86b3eaf7630bb8e3ab8a6526313da66c375ff38e87440a93
returns column DX	706049984c869b60227c645916d958c6c810064e8d32341326eb8cab1fc2d3ab
returns column DXC	0009630bce4880b10d3fc06e467af50420e6305120db9613d2b308b8a7aa9203
returns column DXCM	779661154770f02d0be8d4aa5106af00e2c55ce140ff6c00ee5cb348052ed5c9
returns column DXPE	f87d5b636f258790892a88adc15d5780def21f5b3cb0a79d28d800b7538597b0
returns column DY	4feb9a4cc69c9b5dc15e5291e313846dd1d1ebac99d72a9be1b23022c9015c7b
returns column DYN	1688d7f3bd840c32171496ad03d0f273914c1eda690929f4fa5d69af0eb41d02
returns column E	feecb2f4b5448136bff656568a07e3911d677984d0e8c1a78922abeab4df1cd3
returns column EAF	43d0012f6efe2c75c3cf5dc353888151efbef46aca840d4648cbadddbaeb1f74
returns column EAT	1022bde4b969c8b69d45592138f57d0277bbcf50211be2fd7eb1d6f40a199609
returns column EBAY	28e836dde69006ffefccee854d47ef0214057bbd80130de89fc393e93d99e6f8
returns column EBC	2a8ef28f091e3a6ce5fd701afb96a1f123aa8f689241bb1864134cb5369357b3
returns column EBF	c85448a3915d9a1c9d997b65771c45e3db434e430ae3d4e47d4baae5a3f53de8
returns column EBMT	5e5ff3886d30dabb3e3fca1f219691d541656615a17977aace226656be6ab7e2
returns column EC	8a6d0fb8bceaa71bbd9ec39bbb9e45a62195026af85b70b63fcf9d024ebaf725
returns column ECC	f6c2aa994217c04aef51a1ba42cdbed329ff72ccac4a4bb1a64fdcfd4f07af86
returns column ECL	6bf9f2ca9bf72ae7de936ccebda11bdb4661f9704fad407c975795426de1f146
returns column ECOR	072fba4b6eef4f7ed82a525fc35394e04b7b298259c03d0a6794d4116c61bf2b
returns column ECPG	e300f81f4a02382a468bb93b59996a48ac1a6515509131919ea81cd64c1783d6
returns column ECVT	8b6df9be720fbfcd13b7b1ac8effd1e1d24d286bd905a06e5104392d2d572131
returns column ED	2b8f9f4941a6ef3d56830d47b74f80157b42bbf1e126b54175a4329f8f44ffd3
returns column EDIT	620336648f0f9f1e7da61aab87a54bea7529639307baa914343f63a646f2e957
returns column EDN	857a796fd517abc101fb2703b61c96c183788f9c941e86bc7d11db8fd2b0c843
returns column EDRY	b13343c42f4bd238818fa8cadbddc851a70b1667b7896ae43457ef554cba8b74
returns column EDU	444e833a97c5d716fcdcd7099be72c9fb16a834f4d724d2dac1fb7533e16451a
returns column EEFT	ed3b0fa29771ebcd5ac011f55557f7f5ad77405c28f6aad6603e18d4a687a93d
returns column EFC	02eb62d45d76a84c8ec171246d883e7b5b5d9d0f677484fbf935b808b2780c7e
returns column EFOR	9d4f4116a26aca104fcc5fa799920648d204189f58b8c089638c9577da82e51f
returns column EFSC	c7934ecc21ea1c7b8e29ca322c149fc4ef0d8c5a39a50f77b9c2d213e197fefc
returns column EFSI	91f965b0d7f56fb0cb5c663403e9776db46dbb9be545d58b381e7d90b32f5896
returns column EFX	69d02d2672cbfbc23675fdadbfd4d7783370b47b8b4ea8c1d53f63cb52be217f
returns column EFXT	a3edddc77c4a8dbbbce12d9b94d22f93357467b6bc37ea2c15dd067dc808198e
returns column EG	48d9c360aeda3ed0abcbb38300bc5ed81bdbfe473095aa4149373422ea177f31
returns column EGAN	7cb512236aa0f3a6da0274a93d7d0378ff1733632f216a1374f9cff3c699b9a8
returns column EGBN	0a5f65c3e21c3f1adad30c0cd13d23379cc0ba570b20d59beb86e48f7ea3675b
returns column EGO	cebd63ed6963b4ce83b3e239ed2b7619d8a36490d703f9907e2375435d35d0d5
returns column EGP	507b23d4a3a0ab5d84cb0bcb50765203aae26ed36475e8123932e5dc9dba5329
returns column EH	8e23cd0149e2b329726bb93926535b2a397ce54a26ed4fc4cd3f6e31383dd860
returns column EHC	5c7de28d4c241dbda7479846e7473b2ba3138e57165fb46e49c1e5db557bc233
returns column EHTH	2b4201f2b3c7f216b97ef00ef46740ed68da755c116338746f03f5b04e24ec77
returns column EIC	a1ccd8cefb5fe85fa5f6044b2ad5b121238045a8aa6ee70b5ac8a033f5b2d20b
returns column EIG	3f6f054622eef37c0d37b9e8296d04e30accc9de2768d8fdf3ee4f531c377ad9
returns column EIX	402f28f7f3b00580599ca0dd3c7e5076ff89301aa2475017fe78ac649e04c163
returns column EL	8e14f5f559fc941196054d959b2b585e722d8fdd35fa388cda5786dd9ba93ea0
returns column ELA	0ac6a1c2f24486f141d2f085ee409aa346238574c97f0ed0bf2418affcb04ec5
returns column ELAN	fc24de2af23c09f4d26d1ff388e51f0fbb137c504496ac26838d05a69649219e
returns column ELBM	2557abff78fa38003c4787dc039cb2ef922e263bb22d765481d039edaa289551
returns column ELE	948e0e438d13b099e0eb5a6059ddbee88bf369df54ceecb9b7377148dc8985bb
returns column ELF	36a94cdf3e79ac9526c19cd0d61a28162f3bdc148f275062ef969d3157d9423d
returns column ELLO	233e795cd5f63b807b90f20405029b032aae882b1a481ba423d5a57e96b5c744
returns column ELMD	e8e1ead79190516b25af33a21159b2c8eb66970b3ce9b1b069ecf3307712e58b
returns column ELS	93378dfd24f82d2ec4d98a1213cf42e3993ae631d001998649f0276c5c270833
returns column ELTK	7921ba6ecbed258a90fdf61e9afc1d88b30c739027a3e5146c67558b6c5552a5
returns column ELV	4e9d67fcd803cb91b666741f71e052517aac99bca58303b6ca1c14335de00d6a
returns column EMA	df7be423b92b472a52a5de958561adb989dcaa5c301ecb08de96ee4eee83b9e2
returns column EMBJ	40cc0c722220a2cb184d09ba6f1a53ce78655c187ae6e5620c5dee74c3fc2675
returns column EME	f4d0bca75852a06067146d7ee3dcb1ff411766197e5200f52567325746ae208d
returns column EML	4bf0780ab55d8d619e0b8ca0af7943829f39d86f7792fd9b02837a2b4a4ceca4
returns column EMN	389c31700e8986719bdd133140166f09bc3d4386ec95f73c4fe7f71370f24a67
returns column EMR	aa5177cbb106292d8ed197737f63455f88d4fbdbf79c2e8c62868c3a5fac8c3e
returns column ENB	34d1a48b1f0007d437de4f3c2f28ce85e7f0b38587df71d6a7de7784924be3ec
returns column ENJ	af961b29cb1ad1717027ebf6951000fe14075fa5dbdae6a39a4315184aaee0d0
returns column ENO	8b4cd02d98f28a5bc1325a59bde734ec1e7a22793040e8fbf5d44290bc7a4833
returns column ENOV	5b3cba8af8e3ec923b6e533bee4c3f9ab452b1c55d22ec017f3f3f688930bd81
returns column ENPH	a3a875e6f2d5f4088e2bd10e66f2689ee0a9055fe4668ecd58cf6d149e2dbbd2
returns column ENR	fa2a144932d85304babe60ea29b3c1ce1f3ee2f5da870f549fb9180ee9e91da1
returns column ENS	ea91d43deae4329dab13feaf22efe2940a3ffa8c7bca15d30a26ea84f4b6166e
returns column ENSG	1f78989a555b41a58730c89599c4781fd5def8045002ca13f2ea7afb3e09cd62
returns column ENTA	48f3009497aaadc9ecb440ab40fac90448c471c6a7342addb073da492c3df4c1
returns column ENTG	f8ecf261859895bb18c37b96ac5963f1550c3fd83f440144ed4c5fda6e033063
returns column ENVA	3ddde2de4722fb01d469f01aecafe0b3bc5bd1c4e77755310d33f29def6e9d68
returns column ENVX	96a1ded5723c8527b0849ba10c13abafbac1d2e566ce203adf84119726f61304
returns column EOG	396a6cb0f972128c13d218fa15c9d69ae72938dd69a1332fd98dcd551189fe1c
returns column EOLS	c02172ff93b1ca41c124c04449b3dca9ae737cf3b1836865fa683b01f825ed04
returns column EP	5208f7c4922b694a4bc19690630cc303e79c4ef0e8e2bfd6f3757d7fa8cefe8b
returns column EPAC	395f015bcf82281a92b641a59d63dfab4ef78598f9260f0ad9afe7a502f7e238
returns column EPAM	928de0695ffefd3965eb50b964a3bf7d718d0fe55b34971c2c251d069e268b51
returns column EPC	b3623d77bb4c4f26295b3c49a2cf645716fe34d026a25eb2a1c826e606d27470
returns column EPD	47f5975fb33f00d1021c9f590f6aa633d532db56582098952b2b653ecaed21eb
returns column EPR	9458c336119f88c497c52ec3b89f77ed2591b79e59dfd5aece895fa2169ee085
returns column EPSN	7d19b778198729d76ba4fb0c5314dceeb13d607f6b1137867e7f22ce5ff216fc
returns column EQBK	4f4692ac3e8f12771cbb721c9558a846de4c17a11eb7a14b38c79d9415617b92
returns column EQH	ca311ee0a8c182cdeae16cec72c59a4b3a07e624b912c9bb90dfaffc5670c6d3
returns column EQIX	99a24e590fb9c676c44ac2fcbf56c775ece7ee5d2343a1c3ca3fda1a127f3b86
returns column EQNR	452f66b277b7c8476c23d951d2a186dd333331bcd9c9cfef64b7e8630c501898
returns column EQT	2670801807bf135510815ff7e03cf024360809e22169da331a111ea276b0d0a5
returns column EQX	185693bb1fc1f83f018e7577c10e87c04b5a973c974fa5b480ba016b86e8f1ac
returns column ERIC	e9ad627d562d342e8a124a69132301c73785220147ff016c47f2e4f2842cb573
returns column ERIE	5c756e3666dec96c4ed3e1ba4e7c0e4ff5ca1b28f1f2a3242fc10e1c9078ee40
returns column ERII	3465580cdf083387a0835a8c9864b88a8018d79fec1515514f9d610e95b30b6a
returns column ERO	674d3a4a9d46419fbdb1f1babebaf1c77282f75911e66fc03ec32eeb1c9f3e71
returns column ES	ebd7822a99894a8f7a2bc37d7ced21539e9098ed4582cf1760882e2638c39d23
returns column ESCA	5a24c14fb390fe6699df12dc2979edc26fd45f22b1c9d51e0d7d9dca40b7ec94
returns column ESE	9d8245cf2617b9b3cda3fcea322e18d365f130929c0e6924a7e0c006bfa0d36e
returns column ESEA	d9c713db17265e98bec469cadc26fb829a46234d848af053ee9587f8bc63740a
returns column ESI	69d390f7cd8ff0c6cbab0d7c7609a3242885843d62e7e0f7b72312cb72a73665
returns column ESLT	11b481358db20e0feef4b8524a039bf274c86390b94c5425a43fe6d74fbc1f33
returns column ESNT	8d5a8240e8f3123a6afbd9daa5ca4f9cae3a6dd00178fa55affdfc03afe30bc2
returns column ESOA	627d9c2064563127af46baa5b9ce02a061b37777aa534ec611c52ab9c7b7bb5c
returns column ESP	7acd57cab9d262fb6032e8aeaf9b72a9b88b29cd4c9b9afcb5316bfc27e582a6
returns column ESQ	f86a99da04a77a41cba90ec73a39f52af515e093fe15fbad79969fb15e3d14ae
returns column ESTA	6dd5fed1e73c7d1a102c986b80bb21f41ca8052e3f6f1a4cb2b9f1cfa46660e2
returns column ESTC	a268ed1a5dffd18a2f87c4440ea4f91644324bd85d37571ab0aed61981c5da11
returns column ETD	e240f7fb85bdd2faf13cc47befc85ec81ee98f92589bf6f4be25dc14adee6781
returns column ETN	0241e879cbaaee155a55756682a3449ac712be58552e632299498827fe26f2b5
returns column ETO	349012c5ca89539b71c9e70c4ff76b46a30ea090e79cc95237b546e9eb33226f
returns column ETON	c710493025dba01fd8eff499445c00dafd06fc8556bf8d67f138a315206654b5
returns column ETR	27898fd37233a0f6275df6dcc19effa64d22ddb19888c6edfa6669567a4d15a9
returns column ETSY	99ab43342567c72042ece7d4c2eedc763bba2ea69991a0b4d4c50978d8365900
returns column EVCM	7dc7e5ca9011a5d3b04e1b680388416721e86bbd240e87101b62fbc8d8d10d95
returns column EVER	f9487576e9d70f91edaceb564da5a2845545f83a76fa5b734c92cfb26fb0191b
returns column EVGN	52c296cbe5de12ce9f0d859081cc263ec52efa3cbd1088da80bcb1fcd7ea6487
returns column EVH	036a20fb98b3ecf7700055932c6675898fec388fe663962325d3c4246d236c57
returns column EVI	c57f0035ff5e89a4b3c8b60dbf9d38fe0d04b322502cd716b8c86a4bcf78ebad
returns column EVO	b2ac82e2f66972e9e3b5ab37e3685ddccae468e355292ec11536da4110e64f43
returns column EVR	5d7d7502a671cce89a26cdd0900515eb41d6533ce4715305831a667e5702df15
returns column EVRG	26df60d5bc325202404d68e54c465c23a961285bb44578ff9b47092d2873c4c8
returns column EVTC	224efb044104b041259dda2c85866751bd04575515c9f298dbc4112155a3ab78
returns column EW	b96af66c35cfb1b070a34ff105bdc779e3cf8fb98f17623a3e25b2825351b54b
returns column EWBC	66ecb4d914026a45bdefa78e03cd12e0917093bdfa2f4988a0436db40f46ac12
returns column EWTX	513809fd091490bf071547cde1cd9430b13acdd398db5c031fb50fe4c1eb27f0
returns column EXC	f6ce8829e05ffe40f998b4dee1413eb13cefef9d25fb4f477bc31dd6c2a55938
returns column EXE	5522854862420be4d9a6c85d4e863b8c34d67a3cdc685268ea16641857be7e02
returns column EXEL	563f69c9a4a5c36ca4d3ab14a547231b91d38755e877a43ba496dc671454d3b2
returns column EXLS	948e83df78458b16b62e7bdd4dcf67d90b00a6756bd7c6db953835c544fd0a0b
returns column EXP	a63b7b668e5d874f5910406570a3295bffd0274494efd1d3e25116c3a5241b86
returns column EXPD	76915f2e256482680f5902c9166fa4dc2b511a2fd59dd67517c38bb7d0849e58
returns column EXPE	af1bb75e00121c8115b72c3348a6c7a55070605a29ea7f194641ab06ff0d69f7
returns column EXPO	23bd8807d87a783736a387db1aab9eb506af0113cf490db66e946b8d92f1e5cc
returns column EXTR	39e95d0bdd30538a9bf7d7bdd997d5ae623294824920841f398712f3972ce288
returns column EYE	f69b7744f4d4192246bb369359222fd8b152a3b70223948281faadef76b9ee45
returns column EZPW	46e429f286f6298eac9262e6c9b491300a7def8660d1d0aecf73aeb9b72afed3
returns column F	4a006e0b19cc4eae5d719409db4048b749d928424b8973d96f646f5b4d53c082
returns column FA	a716c0cbae7df2177af597e6c5d87ac406e9905d0658c7e8fbdefc78d56d7b20
returns column FABC	1b6fd3bb932fdf52aeb143b40d82c757ead966202014a0f779d21b77a5982595
returns column FAF	8a9118aefa9ef6cc2b43f321413022f3672f8c0e351397f8aea969825cbf16b5
returns column FANG	75d528cc6b10a04d74d6e128362fe39e2c9cab7029b4e94b5a390618af704d5f
returns column FAST	687078596b6dad880edd1f9a9fef7fcdc53749c329d84442e6eb1487605d00ca
returns column FATE	d96990a10e21e5a78feb784003ecadd4f300393dba8c84bde36f27aefd726a92
returns column FBIN	1d2d2476eb34fae5c572e4022973971eacedd4218cc828441e6318ab18dc2b9c
returns column FBIO	6ef5d8fb31651d0e9df1af2670ac6267a57b2de334b3d3414a235cf2dd19d18a
returns column FBIZ	88d5e20790c663099f6d82c319ee53283995c81a4d99b593f76148b1f2ef55ac
returns column FBK	e6efae167362e2f19f417071f288500aac895f831915a04aa4140c3a0c4fbd21
returns column FBNC	434e5babba3b28760c64f4224a4c2aada646adff2ae2d92e863b40d3b31a7f17
returns column FBP	8aa3712d63a0d661ba707b77dec5e9ccab368c8ee1eb15a56d14abae20a7412d
returns column FC	ae8a4c5c624555b6743f9e5fb9ce6a9fe9d1aed1b9ccb6d3e96502b01c7c7b96
returns column FCAP	cd06d7103b672dfd31c40c9ff2257c4d4e91a6bd1385c7d9b9b0408470786029
returns column FCEL	76ab2d98c5599fcdb5b8eeadeea877f2f9a4d2f52e606daf49175eceb864a542
returns column FCF	4b2a27d1e537af57ab7a1c76e60a66ba4bc91a4369c69f226626f2e799e15b3f
returns column FCFS	536048b9c8738abc66b4c939ac3169708b0dd9aeb03be6dd94af55ef16d3c74b
returns column FCN	5e8b7cf0556af86d7720dd6bac67d7597d6ef94b0d33d3465568d33c4f7f238e
returns column FCNCA	5b80c8eff46940c786d6176bce5aed5c7e4cff6d37375cda8c52e378402bfad0
returns column FCX	d46b1fcc92f94310b64817a30e95cd96d858330911f8bdf44e28f4daad8e6c0a
returns column FDBC	b333bf5106f3794fe1e7ac6bd3d38eb955c2689378d3ce6d4a93791e876961a7
returns column FDS	700f45d962987e63ebfa4f86486b1065a042e83f4b1efe439f2840442b9baff6
returns column FDX	0857f901856ba54080e018738b2c1ec6d33974bd499ff2932f84f2dc60f43c1c
returns column FE	567cfb43c027f0a3a58e31fc2efb464b33b561ff4b9e0202954b4d76a5406fd5
returns column FEDU	e1350deb38ac731e93d31dec10de27ed4f95956c1c82a19cd1dfe5baf4c7dfa2
returns column FEIM	130c5e65f60d2793bdbb79ed1f8d88c543261465260eb204e16a5c5e605793b8
returns column FELE	6af015c8e1cbbf47bf21d261aeae85a25c839b93b3d347e0275fdb2d07db64e9
returns column FENC	fd89531cf5d8decb1398b6adc617b3dbb5ec8bba865b015ce38b7da23d0240fc
returns column FER	c39929b9fd4d8e2e1e6b1756cef12db27807324fccb3c6cdc568b7690fb713da
returns column FERG	f1a1b67c9d7c311e51ee3bfacecf3ebcba10faae331862ee0606283dc1f647a2
returns column FET	d2e44487e47cc05add378d13dfe0588e1af43e35bee71b3865f46f36e58727a5
returns column FFBC	c6c39d22a0e3418b4981de7967b06522a13c2bd8df88b8b54fbe88f510a2ddcb
returns column FFIN	cf9fdd5725367dc7c2a3d1e6df55497d838d8f709d85ac6a09e9651a238a6bfe
returns column FFIV	d091c18d0f59edad529e8992e521b76290ea9dae22f93bb06ae4f8c42ae0c64e
returns column FGBI	8d7a84c9e4f2e8cf11ba309b1202201de153f0991bd7d1dcdc3bcdcda7b45977
returns column FHB	024218e7641467982d9a82c32b48600fe664756b6a436789297571ba296e9120
returns column FHI	e97eac678de9d7d98353c5aaa5c1aec63b155cc3df34503ffc3cfa66eeb56562
returns column FHN	2c6fa5634264fef96179531d644674d9c7f9dea485e2fea30726a4b5a3d40318
returns column FIBK	5d3b14df346955c2e5ef30ba58a2d7213f643a79a3c264a730641f4c9fea99aa
returns column FICO	2ba4d8a44d1d09ee703d00e069e36bcae3d2d439918feba81409053856f16000
returns column FIGS	1ca1114ebc196fc335a90be008c2f621581053e9cb7ee10354a705b24027d41a
returns column FIS	9bd386112b6a13af6d7952355bfc471ed3e8fa58706d3590cc21085e42a322bc
returns column FISI	9c9b213ad95e76427e41f097bab8e30e38c3300f3828b3ced1daa4958c2f3f36
returns column FISV	266d5e02fd1b2691154f15bc5b078cb124b691fa5cfcba073f9e70b8ad78de32
returns column FITB	f5f50a7b9cda9ce1bcc11d245a402fe2199b7e5cac04bfdcc2135c40ec1b16b5
returns column FIVE	d957cf056012f3ebfe7e1d005630c91fde58db0a52f668bd990970931460709c
returns column FIVN	8450895f07aa5fe4677e0617bdd363c5e391dca9d80d564c5679a9fe5e341cc1
returns column FIX	8328be3fcb65972520737f205aaf698de39e0eeee59076cac664ee5abe20e5e3
returns column FIZZ	e09e8eb19f232217e673b55efefe8e426287499f5f8748ba728a1028541ad55e
returns column FLEX	7792638f620949aebf7083d3e1e922d84134b7e556b5fdfb0ab8276d3daa2fc5
returns column FLG	32612a0a3f278faeae580c186206be6d0a551df2ab1c1b42bec0ac28667290df
returns column FLGT	d20435eacc942a7ead380cbb9171614dec4830282f889c8950d818a6a5dd7bb9
returns column FLL	2c40a4a9b5ff060d275b1995a8f878c303961d1d3462c5350a2849ce1f3e5b71
returns column FLNG	f92a40f6d70a8c7e50fe201b055531cfc586ff4c3421c1476649f3035c878088
returns column FLNT	a7b1c5abb7b5603aadb8df03e164a5a9ca788bce1d15111db228692e24302a3d
returns column FLO	e48798cd5d2bcd6f1621fc6595fa0f3c3bb75f525fb008eff780858ebaf7f80b
returns column FLR	c7ab530587df280fb1f7216c98b5a2e9ccfabe43d267b56348d53df5198447c2
returns column FLS	f5a1ef0cfbb94b50ced236b8d5862558cfa7a2ceefc23e2363f2d13abb78f6e7
returns column FLUT	7deeb52d2e2240a486294b508cb644b8f23fe4e603b45149e9f409563bcc239f
returns column FLWS	4eab119b627beb5caa1bf3fa246d2129b340e8b302987b83d41afbb414dcde3a
returns column FLXS	7029e7d8cfa8c180fdc6aa1d7ddc266ebaccb15184bd9989c0f47fe185964461
returns column FLYW	5a4de72e51b239c0b4cf9ddededdc8c520dd76470690ad116b7ff888160da1cb
returns column FMAO	90a77ff7bf29b1db156350b6ca34ab37ed74501e74ea0d9d869fba96158a80c1
returns column FMBH	280e8bd59bd9283a44935e14e746fa59573b05317dc59ee1f85a950aaad9848d
returns column FMC	de6e891c0c0a299063250851769bd297ae175e3a1f4e9c2ab0a0e5561f5cd312
returns column FMNB	4fd2c962476131f0327a38e32d31f3e0b25e0cb3b7c9ed261b680899cf2a5736
returns column FMS	d13dfcc636ca12f62fcfd5f448483cccf41a9a8d1047410e0312bd88db17575d
returns column FMX	02a357acda84dec32c47423b90bd367a9e18e71b18552a7a18b6c00da5373888
returns column FN	4b7c9d1583459d66ccdefd2cb38eed1efe7c5d67a18c333ff83c854b70512c00
returns column FNB	49f1d82d42610be5a535c578f2b39a300deab9b76e41843e96368dc6a1999669
returns column FND	ba4387db3aa92a075bddd660b0b97fb74968dcccd014ca2ebf8d6ee3a5c2523f
returns column FNF	4c249f1ea05b678fe21694dc44a96cacfb959ed485e86341f6626e58d062ab36
returns column FNKO	3779f484ceacf6b95dbafd9ac4ba78a239eea2a674d35741cc9e17974cd91263
returns column FNLC	8e79623300ec5a0730b3e446e5ed6f252e8b885ed0944f68b4c5d97f9df37391
returns column FNV	3dc62ca516d96ee82bb94feaede854e8432615877479d0e34189aa0c56b22439
returns column FNWB	5e09e6050c2af454fcf37a05567a2b886938e1ce186e73483e09a9cf623240c8
returns column FNWD	1ad1f9dec603a5038e32c4d482797568a7f8c46087dbb4a5307d4eb2d17c2016
returns column FOA	1d41ab855fdc706ffdafb7065ae86fb27bc503283ae1df741f8e82348409495e
returns column FOCL	42ba3ed828088ca77c3ea6008762b9d6841e519ae2795e9082a624edf7733d55
returns column FOR	4b60e4faefb37d7aad084a4953454937e4859a0a607de31b13eaf9a64b88ed0a
returns column FORM	77a297f4445dac103c42a05b1bf1ec704e8b7c2219a1b7c26dc2d06636c6416b
returns column FORR	8e77e7e0b15b82a7d5f3b44ac38233878e5c1f026edd57d581f6def46d473668
returns column FORTY	1c41041bad76a13a800e58da86ecfefaa245037ef87b4505ab849c62f247b56b
returns column FOUR	8637f95082bbbf0582ee46663fa6ef9b57522ffa0a49721b551f33e7afb14d19
returns column FOX	e129d24bc9bb55499dd1a6a6ba498f8aacf79eea1e0edb4f5717dc61155a8d65
returns column FOXA	13d0a34ece4ab49a366cb2d37c25211ab080d429f9892623e2e278e08da1397b
returns column FOXF	900c8465c330e18231033a451dcd8092d7750df8663146d7ed9c45c5bcc64a24
returns column FPI	0b0facf641aefd3fc634e32c58b575b400afc3be6d755b1b132dbf76629e5129
returns column FRAF	50e45919d5a5553ff09afe2cda980600f5a454b385d613296d7e79c299978309
returns column FRBA	e41f61a7307ebb8988e7eebc5f7ac61162a72182abfc6f3ff97053d633662b49
returns column FRD	fa550d1d703c46cc78baf6b4dd8f9a00aba23affe70e841e692c86ba7b48b3ad
returns column FRHC	3b2da9b611e15703d846c53cf0c307cc45c5e54e15c44f472252479d205249af
returns column FRME	e87a3955d017aa3a81bcea3b816037f0414ef82d45f616842e8f2ec73ec79ce8
returns column FRO	3da56f1e6e73bc5dbe3defe27a5fa72ad29e043794fb946bb58fb1d273b5c1be
returns column FROG	53650a5ac2736900f45c0997883bcd9a2f20643cf25ec30db4bfae686828eca5
returns column FRPH	77509f1daa7885afd2af9f22557ed8ea49ec16164569c6f763d5806e69b00be4
returns column FRPT	f6065de362f22e98ada2def698577bb217616d3d4e0efc85b297e5d21ed91edc
returns column FRST	8579b295abb35da2d34de48418ac8a65798433787be38a92d00e993d4d3ce7bc
returns column FSBC	fe5a232a5807a6498fa23cd55abe8b800020e36a09e462012844183b5f762667
returns column FSBW	45640e2327c6369b4f20ee753e81212e315b0841513e4b01cce5efc4c3141ab3
returns column FSEA	cf775007b32fe324d17306656708ad8b2c7318715d3ae4217b8753fede116663
returns column FSK	e946d9e28c2cc3e9ce852643213f96036645338f58d70ea979ceb9666d1a1f17
returns column FSLR	c84556e75d12c204751a9e825139f8679ba793e5a08952101aa8db4a495c3faf
returns column FSM	7a2f98b63c52197f19f52febf24b9388078e7820755421a53e4cfdfdfe1f4357
returns column FSS	31326a5acc9dc1b39d4062f9860ee9bf139b8aec79c8b35070ff1f5fa161d166
returns column FSTR	6dfc001552b3cbeb955b92cd1d90dbe4981a8720c899f2aebc70b464bae604b3
returns column FSV	f2ae90529608d482ffb6779196411ab36042a1aab778c1a8d4f8bb9ad84f8f0d
returns column FTAI	739f7c0458f791dea14ad9cdba6fb3183c6eb2270e3639b8babe39cf926095a9
returns column FTDR	8bbbdfb52d7ce200d546fd36cf87b3d2f451ee4cbca332371f4645f9d43b8e30
returns column FTI	f0558c4d83ba024995ba812b903388e0b61259cd995f3aee426f0038c2a6d785
returns column FTLF	8c4b43cdcd945c2ce92230abfb49e9501ed1526328aeb6ef5c1a6b349993b404
returns column FTNT	b23771d5e6652b87b26f2a471381e61c3f68d300c575ba8030f66b470e54d42f
returns column FTS	d5877c3999eb85699a32769bebdb3a3be7378d097d52ece583f7f8db3be038de
returns column FTV	d10443414cd905c1d1eb92912ed278219497efa493dd1bb6106a4072e5d90c22
returns column FUL	f8bee58915607ec60b31f54d3336e998cdb978ffbabc534be0c477832e60e01c
returns column FULC	edb2f53c83eb405c0fb9827caa88e30328f86c090b7bed4ccfd7ed7ee31239ec
returns column FULT	9d5861485ac24f6a3d9dd04b15100ef9d9cb32b51fb0b8049e09e5c9a776e80e
returns column FUN	5c1accafad5b58820b09e4aaeb02b7ba4eac8293d00f00b0b9f58144df096786
returns column FUSB	6582f047d69a96285ac0d3dc2d7c27fab3f361b4c6bbcc86c1422388a305a8ad
returns column FUTU	7aabc512e463c2275aabd3a25e298e51a8861ee5e8549928c2c0e16e3ed67d0c
returns column FVCB	5ba0fe11cf962021d6cdfab2b58129bd6d635ce35e4ce4c5f6dae9f98be4c540
returns column FVRR	0e9091a4d1a3bbdbf82edb0219a5db163eb29ae5c468070fc693afcfd362406d
returns column FWONA	4834fa31d8f23e51a976c731d1a80153dcbe0cc37b5fa30afc82921998102c60
returns column FWONK	33664bd0faa1372658de4bbd60907c96aa442bc8955e973533068ea914fcdf58
returns column FWRD	435db92bd8f8f5e1755868acc273626cec7de717364f683d37c6be825edcf977
returns column FXNC	dc2067c228542cb38d4a0c2655dbdfce1bb1f337e965ae5c8626b5eb3f1ba52c
returns column G	f1cb7519f485d45aedf4d9d6c04a3ad1506641b0d697d1584b9fbd59467c719a
returns column GABC	6f4d61fa904c232ed60fb1917c72a2a79c29377acffaffb24cf40f1811b8a844
returns column GAIN	09f930200cc0f66096fc08ea7e34c05d6fe20c7941754165634e8e27d6580ca9
returns column GAM	0a0e71e2d153e350dcd98e069042058f30d6216a9863c1cf1f9dc2176293529e
returns column GAP	992f84b091e02c5692e1e6fa1ca7f34d658fe3ef33a50c585f4bde2d048ee68b
returns column GASS	9d39216ad1411e4089e035e6e1b70237a8c5f32f35d60148148fde181dd25b14
returns column GATX	c1048f811188132be7f47cf523aac7204961732bd259b56b5347c81b9e555fd4
returns column GBCI	23fbe9e272434e91ea8bcc0b1b87407feda5a3cd6b2a641d48be63a285fc24cf
returns column GBLI	c26bb38c2a19b9729e384d87793f23ee38e1870c77dc9082855326c485a2feac
returns column GBX	0d82e6a67c13532ac73ed175e201152c47a9f1e4f9c8de8f72e76aa945ba25bc
returns column GCBC	8a2a98cba4d1ab92289abdd4956c93a861db5c9f40a4822125eebc9ac8532b41
returns column GCMG	9fb4aeecadde6e7380f9adbc27b018f2110dd68df4fa7b75ebe84e0394007684
returns column GCO	0c376798455dc1ed7fbd129b71ca1f45cf364b07dbcdc52f5af38991085b2a04
returns column GD	391604fad51d396fd021bbe2240373bd69fc1e477290eedbeddc627b1efa2644
returns column GDDY	2f5b87b85ea9df0c7cb2ab0b748507c38cc30fe2966a77d50243db116c451d4f
returns column GDEV	032cdd34bc1bd9fd8cbe2102d3340c3cbc438368c42493d73010951da5c2c6be
returns column GDOT	4f36fba04f12217a758ffaf920c5515541e1a5d3fca8818faacfb2bb208ff128
returns column GDRX	63245e7e92a5fd6fcb19d08bbdb7cc738e5b6b80398869c8212f426db95df84e
returns column GDS	4d5941f99dc20dccd14cf783a078f4313ac11c1b14cb70b78e69adbe7257c2af
returns column GDYN	dcf354da36b76aaa9a36d736d24705a387506421a95b5c5063d6eb287c54b0ab
returns column GEF	e1fecdbe115362780f58fc873f234ef621b33ed2b2c5d564124b53eb53f4fdb6
returns column GEN	aa8d10f3dcfd3a13c157257bd20ba7f4d4bb89a1b5b6ccfbcfe95442d2a184b2
returns column GENC	b42415108f4d56fc7bf7b7476d011bd1a8c5c8bb51b4a7146006e4bbbf1f2c3c
returns column GENI	b6d3918387a9176e06127953d489694ad2bc186d71732b0b967970479f927c18
returns column GFF	8dad0ecf98e9cee9e1efb675f1ccc0bcac9786418ab351a4367fc9f509b8b1b4
returns column GFI	2320a99c757819b34335e7c11dc63d1e1160ee6134fe4aea0e95e3132e2fe5bc
returns column GFL	3b42d018abbe00f036c5e8458f88ed53779d8c4849a8e65eaf022156c1d88c4c
returns column GGAL	053d1e12ecb03c766d36f3e98ef9997ae6593c76aed2c9215e99f166811c8ef7
returns column GGG	0d4f6a440aaae92f7bcb582e3dc3cf9936d8a2f7badd965caae17f4a515f4a5b
returns column GGR	ca53d526c8bbe537802f72ba239c485d4b274012fc9d325a877d4e88c47bffd4
returns column GH	a869d0d4bcc81fe886d9d215b8dc18d5db483a12ec3a83f38f7b4127a3559a30
returns column GHC	f68e440560c6b5446a2fdfe66cd56ee7789470640284bd3c06c1fc0e737a646f
returns column GHM	b4f985a2ffba79bb1328e48a01ac53415fbf1cc2c2f512bfac111206720c84a5
returns column GHRS	ff80bb5ea4b2c99d6a4b1296cfff29742f40a1187b441263bf55641a44d3f923
returns column GIB	25b8b8fdc297b9158d337b6754b406f242c23c2d44d2529dd9a4331b7daf3e36
returns column GIC	48911b4c8fa5ea377181f226b90ba30b34416b4829d9a5cd9d7970c29e0b2db7
returns column GIII	596c6df61fc2f2404d53d132621042cab278cb4c6102b2d47f4abf427cd0a1a7
returns column GIL	2f448a437eed2979bd0cf85109ab08adaaf050e167c3b84d458dbfe4f2e437d8
returns column GILD	4206af1e335e1dfafc1c57d4f7e170feb2059a89e97d06795ff9b9d29e2141bb
returns column GILT	a90d0b73acb34e1eb9a9610044ddcc453432f5f12e3ee3549cab7384148fd91c
returns column GIS	23431e7e41d764cdb09ac0e278a98b35d67670ebbf093e4fa56062a51a2b75ae
returns column GJH	37fdbb863d70fcf9a5acef5a59eaabd863f86054c66e11e78b63749ef0bd3709
returns column GKOS	452f093924fdd7ca7afbfae61c155c86b103303487a2b5c856d93ec94178b0bc
returns column GL	ebd72c412fb1e11b2fe7faedeb270e1c7be7ee21a69836396c71cee1195e323c
returns column GLAS	409b8432abef57199cebabc9846b78cfc10d3175b9eb2483fe47259a51979df3
returns column GLBE	05e56df885791b69525ba7e91883b38e70609b5d7828c11ff76768d7d1c5d57b
returns column GLNG	0f704d95925b012d6c4cb5cc95ed5b8b76ba5621cb70d0a84629fae26187c614
returns column GLOB	b25218c4db08a4483a24fc0ed3d1681039b6cf4841e85fe35e228b362b1ee318
returns column GLPI	d81dcbbc6981f66e5cb29cf6f7d51a7ccef43388bef38551c32e5c2f3da54037
returns column GLRE	5b85212dc3f77200a8bc0cfcc9ba8c9999028455cac02d721e6f4b8f0b6d4a30
returns column GLSI	d68f2843e9fc2e1b6a9ee18b37fd9cc4969373dd6b14d939da2332fbaa4d8bfc
returns column GLU	af3bbed6bdb4a507eff9f8c75e95072683b64087e534edb7e69adc06d71e9709
returns column GLW	d0b7c4a75a5183924110e3b7dc852ec548b0e2b9f20804395c49e838dd8713e2
returns column GM	9211901812752f5a72ea025f4ca704a997543acade199a98493dbe0787e7abaf
returns column GMAB	ea9e19b9a6828bd051a8f4dfcb6cc7b97653a110cd76fcbc138d876a65bf542c
returns column GME	73fbee8d1c532fba9283307d680738fcf1e9128be678db113d15d0dd08da8fea
returns column GMED	d771bae46400c1330a212ed516c94c34883b71816081ee17da8c9786c95c3d71
returns column GNE	4c6ac803ce6d662f4cf74cd1d4acb5b5e493d081702a680fe1ef37fc9adf25b7
returns column GNK	151b12dd95776e395e72d7b3be6857873198cf0d12a541d08f275220a4511ecf
returns column GNL	2439b20d80fedd7d50198a348b921795522ccc999b04819f25cbadca5f5091c6
returns column GNRC	58d41ada5f5f7c3b8465f472c207c3c2eb3b698b6e71ebe4759fb7f1239a5544
returns column GNTX	7be18ac937036617d000fb5f6f5a3575be8a99790f95cef693cdcbfd339e1a4e
returns column GNW	5c63e089f3ff64786fbee5d4dfddfcde6e6e8f196d925ca6a3762da0abe20c46
returns column GO	0ef71a1181bd170a15c6d3f800ad280a6bf5d7dd089a4d3be34c27b08e1e5b6e
returns column GOGO	8581b4851859d33e85382f74adee9dae51226b0b8a62e8f9d32520ffeebfc0b4
returns column GOLD	a352c12f9b7adae1341bbfe494e3d7c5c4ffa861fdcfd6dd1c4921dd647c4062
returns column GOLF	f6f77f1aafaa0d1e472e35399600be1450d0afb3acfc3a37c4aa90f1fdb8abc7
returns column GOOG	fec3c6d7b493cc49544ccfa447ccc36166cbb21cd7d75c67fa9128e15bde7553
returns column GOOGL	e5a89f6c6cafd16d7b0a3f091ec97820d35f9b9d97a7b82dd654f5be236bbf2e
returns column GOOS	7379b935eb2efcc7f4231bf1c9628dbf103f8f6bd47b2848005f750b4d4dc91d
returns column GPC	9b68d406e733e4cbcc5aefc5917fd3c2c2f519e8289c0ef8ebe624eba0b1eb0b
returns column GPGI	d11de9f3ebbee150cb47f95ea888437f94d663b3157cb61adef055458a2e12c5
returns column GPI	c0ff3c830ebff60b3f32b9f3a46339c385b872ea9b4b485cb29482b7f5c0a849
returns column GPK	029084fbfa2b9ac9e65fea1a4b03f20d50b1a865fb1858a15b9fe3ce7bcb3e77
returns column GPN	00efeaf68bf129826a3dfac15f18300ac4df9e2ffa331d5153b6ab6e62fbed9b
returns column GPOR	571790b220b9915ed8865050868cd0e104669790170782d91febadefe3fb76c6
returns column GPRE	bb53131845def77bd00f2cffdae13324dc483771ba2ae0f11a026e0864435ffb
returns column GPRK	aba2fe3f6a42f5c9e5dd21b5e47ea508895ae49e2d9c86940dd673fb982013fa
returns column GRBK	535b8fa8efca32bed16e079226507133639cebbfc39593e2e8d7565818289049
returns column GRC	98db61fb5bc405ccddfcbf915307bf5d7f66462192bbd2e887850a0aa049f192
returns column GRFS	c63a9b2433bcb1b7c5546ccdd4c72be98036e5c84f765b2c0ccd19cbcef67924
returns column GRI	44db59ac1d9740113df41feb102c28f3bd31e618207aa8e23a56d70e0f5ae5c1
returns column GRMN	88f9f153649677fff58ab0b41473aa1c0478399c2b5fe2631dbc7164455d86b7
returns column GRNQ	095862bf7a2b6443513d633b122616d90d8bfdabb6a84a7ede1164a18624e321
returns column GRNT	89ef1c14c84eef79230ee05d611903b81997515daa818ff08961ccded242b03b
returns column GROV	138d132ede46925b829c82076bed9322999cc18881f30ced3f48a6028841c195
returns column GRPN	c9bf3bc95fd75483c07aed7c7c46612727080cf680d9ae2c8c91b499d57d0119
returns column GRSD	63548e8149aa50ce3f90732484f244fea7f497513499799c3980cef2ca976fec
returns column GRVY	8c05f76f7d07319d653818e631abc53de3081f4f58ccc46a8e7d4de2dab4d040
returns column GS	affe7670ffe56711c3f4e680982b86c68a17048354939ff45870bc3dfd3ecd91
returns column GSAT	0cb580a5089243a8a16495555e4c9c8db2f396ae093e51394e9163578ae1aff9
returns column GSBC	01fef395b1590779fd5205d8934204425374eaa504a8ba64b8c2186df2853700
returns column GSBD	48907fc5a374a52930cdcb7fda16304610f873336e96b50d6eb349c8e446bebe
returns column GSHD	240b50fa30661bd15dbd8ece6286d3b069db07db39ec7b97e3d9c8dff72cad8e
returns column GSK	a01efb1ae1cc78d265f163c7be51be4fed512a4e05b71aed01ad8c3709ab1922
returns column GSL	fa38894d61b772bf210cebe94a2ef534ba644506e3ef1f1816cbb892d71390eb
returns column GT	23000dd98e04322c233e67606affa36bab483cb101ead38ff00e19c3f4923b67
returns column GTE	8e277babf26786d13cf2e18d84760d159b059ccc747064db33e854520b585fce
returns column GTES	c32ef3387d31939bd5b4950d9030483e0afed7cca125bd370b80245c405f1c82
returns column GTM	0ef7daf1ab5824562064deb62e91a413bb467f36317e31d62a342a2827e1c300
returns column GTN	20ec2d84aa6b956ec55d8980f90653484f594f3112337e7970c418b64d94dae7
returns column GTX	e81385e2eb014d6dcc30fb575a025deb3ac557d1c9302cc9ef51b567b6182b94
returns column GTY	70ffc6b50a0653617d056b4c18acf161591077a65448075cfddbe12a447c490f
returns column GVA	7fb342962693e43763f111e80d4e1869d18ee63d227675019769fa4f65916747
returns column GWRE	41e12b217665b6c8a66da182642a8dab452ffb5648784c4d16c824a4bb71db11
returns column GWRS	b8e80b51635084c1a0b806abafd9c1edb6a62659aa8185ca0114c814e6af6857
returns column GWW	66f4819200ca2370332cb1c2b492eba11748c2d57b57bfa8336bc00473b239d3
returns column GXO	c5a7172152aac54a5f096c4a8857612bc5eaa72d2f7a753658e16587270c89e9
returns column GYRO	abc7d7f102b16d0d916a46fba82d2b49849b6b0696bffe45bc94659e7b42bfc5
returns column H	65c44c2d480e21d7a3cfe28ad6a1c3446eb314759e883c2f179ed5043597736c
returns column HAE	523803b22d956e72b443db9ec31fd210f4be6d17963cdbd525d8e4319008ad9d
returns column HAFC	abd6a3faa4cb2c2f3d680f199f430f9b4c3a26f9c8b296e3f07e14de6559d78e
returns column HAIN	eddad17aa5a02f1d7ac303870649243af90affafaca8e910d1b2e9a72217e28e
returns column HAL	cc5eae66c52c8abfbd23148c7050e7953d2a00cd553fcf82f84af5542ca7ab81
returns column HALO	498a5c30980140bce8e188c4aec1b79bc28f5bf777c3fe240148d281a4dccfd5
returns column HAPN	fe8d7aa6d3d940c30cf2968fa2c2c18902879beff00ece802d0a96eadf71bbf6
returns column HAS	86387885ebb4abe2edee4e801740e3649face4af40ecae5d9d2309602341a1c5
returns column HASI	6528cafbaf6b978f20291769fe74f420a2a59b50fd1f61ea51153b1b2865cb37
returns column HAYW	e7ef0f642d5426c8fc5689e036a54c6f7de238b047a9ba094dd67d4422385a11
returns column HBAN	b79e7d1d78b32d5c192a8f7d949b78223b410526663485dbc3021b23a03a158c
returns column HBB	b80e12fde01188f25a20c05898521aad9b521dde28b0ebcd97e07e48e5ec5d95
returns column HBCP	1d48127858caab55b9a8febc7541f7cfc50c8201a4782163fe99508c5a414364
returns column HBIO	a2aa108275816202a8d5460e21aa6a6c1d02f4d6d2b618d343c2d86e751297ca
returns column HBM	80deaa3adb218a49aeaf891c3b869b708293f19147047cac77909ce0b829e22f
returns column HBNC	b08e199826d5b98815568489a7719fe39bac8d19326aed3eb8bfe34791f22bf1
returns column HBT	a0993cd5bf4a147c0bf047962064f4e5c35da1fea9d2f8ba0377064cae0d1937
returns column HCA	b63094eb00851d55a138642267c5c1e41955f89af856fbc0e725e5ba3e5989c9
returns column HCAT	4787e817da395c0c3d5d47881862413265952d4ef12c333cd78680b9e553877a
returns column HCC	6ef958cf535d865912735aa8e0d217595306b7b5e47fe3ee222b0b9b7795b638
returns column HCI	5246bf53768730769229575d95a890dd7734a4a5427740306af7393c684f66e2
returns column HCKT	a23a8a40b6c2af14d1b31a7a3174922ca2c21b7886c8c33e306e035c49b741bd
returns column HCM	5209db86e532fa459047d07b6436178029ad5e675aeb3e4224fc4a0a574f252e
returns column HCSG	87ed00d440855689bd3c0c86082f8b99d6531db8bd14eb00ed2d261ddbfdc849
returns column HD	267a8cb706142b057389a3e68931ae107a6f8e6f2af07a2abc776b654e5bf4fc
returns column HDB	ab61dcc6b61dc4209f504600913701e270902d22f6f392c058f150ec6977c2b4
returns column HDSN	e1e82b19aea0aff83131a0c5858b2013fa51c7f2641446036befbd848f72ccfd
returns column HE	6e0e99ea7c9b4a71e510264b2dae3805b2bdfe1ed8fb6731c638ea8498b543a6
returns column HEI	804ac1a9f8c2d2fd6706bd126df08791d05acd0d00aa278ca7b925e349c283a7
returns column HELE	53f3ab531cb193d7271ba052dacd1a3c8b095d13a7c29b623e4f2ff2514755f0
returns column HELP	fe18019b1bcb22de3fa9484e2861d261796698b2c63f1bf92a8957d5ef1d7689
returns column HESM	8db72774723a1abbbe0f260662ec8fb062497cb2448e707fb3d44c13c056f46c
returns column HFBL	1b0d2b700989ca3b43b505b1f6521a8af478de3a690ed98558355c7cba0edb79
returns column HFWA	11d010b7d01fda4c929a710effaa609ed34c0b152ea306697385304a174063e7
returns column HGTY	287fa115c668a5c5a83c77737beeb952e354162c78838346cc9ce947af6b2618
returns column HGV	47d89a0ad2b401312e4b0f4aff08afd4239cbfe76979ade2788c5c6c074e45f0
returns column HHH	6312a540d40885d3ca7a9dd7224914c97501bbf178529f08bf98b56b4ef4fbc9
returns column HIFS	8f2a2e5b5b697e2f822de400212770db7a59e13d0c914d81071e0a0cc37c001f
returns column HIG	f67fd5a28de6451759e456054e06a05fe0da43bf04628c10aac1dc131b7e6402
returns column HII	4492a26218117e53836c8b87b3d7f99f5d491f339f9f37b59f529edba6b1a185
returns column HIMS	8e658f39c8be637a3eae51341fa58810aa73ac742766e4853e27f123d40c76b0
returns column HIMX	eea08d14c8c9ba6696991bc3636b895b64e78f2620d9ee89582b144169e5f6b8
returns column HIPO	98ca14a8d2d57ee82d181d39587275775d50cd942f37db62c3f6261d6a0f8646
returns column HIW	fcd84a6595d1b0a55e9b83b669d1b36d2aa953fcbdd6f1e24ef35769564281dd
returns column HL	3dc99dc20372869a6f8128d31ff1eab87f3e78d7c349ffc7f0da34dd6bac2191
returns column HLF	70bdbacfb5514afed8ae4a0cfa7a50b8216dee825c6e6460b9e9782b8614e74b
returns column HLI	6cf4049b45905df9e1ff38af3eb438f214d870cfdd0fde5867b518ebe1b6b874
returns column HLIO	08c4cb9078c0f626372a2ea6185189723ebaa43bbeeb145d3c5ef6d689c3fda9
returns column HLIT	fdd38460398e0b2e0176dc591d70c32e5a1dee592fd932cb1bd7673365de6255
returns column HLMN	fc1dafd78b80e50804a8d6f6f89e0b42a2c870f75b115741fcd4e6df8e2eb283
returns column HLNE	314e36e6fb94101aff5f2c68c3d4cc9740b1092bdf71512c3c251ca9939abe6e
returns column HLT	0f152bce8cb3844cdf82266cd7c8c666b090df5025d5f7fcb280208e2b08d1e5
returns column HMC	ea3ed6008afa4de89a31ba24f39b6ed0938bff6aa345dd538a45373c4901ef82
returns column HMN	ca6ff3ed26ffe381875247a16b6819aad2ed0f75579c4fa2b948f81078960f47
returns column HMY	2d7a393c4eb90c601ba68fd1a7e7db7d5c1722a3837408462039d48d70f1dd1c
returns column HNI	5445786ec2fe552eab2e9c787e08f48e4a38829407f190f02989bf9980aecfdc
returns column HNNA	ccda419492a47023f91f666603df3e5ffaec6ef872165596441db25847214f92
returns column HNRG	bb9f9f0895001ba735583bee01024203861bfea45bb6a45d9a04cda6a12b9afb
returns column HOFT	46b603f9d1e8940a5b187184b89af26fa39def0ce0afee14fd4e19cf6794173e
returns column HOG	f1be1bcf7be58c9a673ceae1fed53021b0cbd08e6f36461ec315ac099faf4d0d
returns column HOMB	af0da7066dad4b3c3f386d03369a698482c3022d990d9af10ac14f120741950a
returns column HON	e917bbbce46efaf7f697ca3e245c4d07aa0329654e61a72680135a36f9d7906e
returns column HOOD	632a8acb289e951367c035db644d54d1add4e1f33925be7181cd765d0f1e0437
returns column HOPE	afa33548188daacc620413822c68f7f6d0c84a208d53074f57ea49a7e5796f21
returns column HOS	f05f3c85142b9e9020466ba5fa7097dab55f08f3069d60c598d0dae4fd4a5842
returns column HOV	314cff8d120a1211fe0520a6e405016b9a5f0a2fd1ce3bc15590529592cfda10
returns column HP	9596bce31c8ea517bce27fb66e98a687b3c5ff7701cf5e4459fb3a59674c76f3
returns column HPE	3797279939e386a2a0819ebd2eca159c9be65c98eebd96137ab4df2e7ac57e39
returns column HPK	05cff09655e082c20abbf50ee3be52504aa0b14ee797520cc4b68fc350852e49
returns column HPP	cd4b7b08136ac12f4b17f26b8deedf8166d1e2ff455f7739f37abca7118eb7a8
returns column HPQ	be214a4fa6796ff84109014e733773ee999db64ea8844aae2045028c3b57277f
returns column HQH	141b93798e3f1a3d352d5a1d738dbe7b199664d4e78142127584f23dbe223403
returns column HQI	3a1c2abe32ef2526422dd097a0812d5fe7892a8dbd2bcdf16777fa503d399fb4
returns column HQL	fc12ae22fdc03ddf159b94e04bc07b3a8fd3459c75dcdd2066633b61134f3498
returns column HQY	3d7faa57567e45a3c01d22c3878d42c6509aacf163f2f5f34aeee01816a2eb19
returns column HRB	a5ef6ef5ade308b10f45de84ef2607ccbb269dab86bb761b396359ea971129b8
returns column HRI	43cabc0040b67f703820d65780ab593b65564b70bc011312d079fcd19527387f
returns column HRL	49460409022c8020b3d2bb329d1011fc7a322eba94501f0c933cf4b261b516f7
returns column HRMY	abab313f5f6f4b7331045f05a0ef5d0c0d7f94cb200b7de4d633c96e16020d69
returns column HROW	b05368db3d30095e4a8b6cd13972c02e4e0ba340557c24bc2c611efbbf132041
returns column HRTG	e21fd72ce6f6fa0ea717d3a5f9aa90f029f919225e17f36a6d3f33f33b028e23
returns column HRZN	993c6a1ceaacebc5f67e09528e97e7158bd51b94ca0bc83f078df0b8e9ee9003
returns column HSBC	563a9f590800a1bd8b39c42b4dd0f1f7f3ed474c42539075619f543253920377
returns column HSIC	3105b3770ed5807c86edcf91550e0bc873e1fe1d74b761b1ced42830e47a374f
returns column HST	5319ee38fbfb342445d694ebfd7ab2fc788e47b24bb4aafa90ff6ddfdfc72cf1
returns column HSTM	2b43129af0c9522ffeddfd0bfcca116040acef048da0c99b400257abb3e459f2
returns column HSY	a35f7a26025edf3ee450ca36f2355f36a74e5d5725862ebbabcda0f86d1c41b2
returns column HTGC	4825a3b15032372831b48b3503a448af6943d19a78706466a1ba5116c0c8acb0
returns column HTH	060af9fb05c136d30905fe741582af66da2710149257d0ba293d10882b6c4ecf
returns column HTHT	386fbf49f9ddc61aba9e78ef3b2a071900d52aa035a8c7d5f7ea2329dea9718b
returns column HTLD	d90adc441eec88cb53999823250a0cb3e28491b43f34b9961787bddb61356c00
returns column HTO	91d779d763223de08ef98b8e57928b3bb9e5019e5559a9faed94cfb3ef795519
returns column HUBB	bffe82e3aab7fa4bbb6619109c271dc5f58d0fc7848f03f8cfdf1bb4ff0d1b43
returns column HUBG	cf306a8a018f90c79664a0c007cdd9792a466a86c7d7ba86054b6a4b0060365a
returns column HUBS	a8803c9e566a1eee6d37f1ea78b5ce215d2d3a8b2f973024d1949ccad63159dc
returns column HUM	44664feac8b31fef17aee7539a5000af8739dc6a53f0cb47f3406b47dbe0a88d
returns column HUN	a1f8b9cc53a784bafcb742868c60bde67425b2b25cee838f9efb9bcb5ce40495
returns column HURC	ce8d771846cb7123a8e88ba92f0f61b2b893a163f6dc8a17f565f3165f3f83e3
returns column HURN	66d440925e25e814cbe1a5a8c2041bde559cf876d2fe948b35de8af5b7c70872
returns column HUT	4d55cbb8663b0f93ba42944b5c2e62d934bb2c1de862fb75678fb7e1aae75b52
returns column HVT	0b0a06016b10389da690dd856fd8a1551cb3e85013f49f839388c2efd163a9bf
returns column HWBK	6d53e9ff27c59e9af41b39954a20fea22b94c6b721d92933b14fe5c8180778cb
returns column HWC	3829b55928c13edecd4a184cbd470f540292f871878f1bbf5eca3d0ad1137c5d
returns column HWKN	9fdbd4ee014e34f2e409192f495e57dc0539a71859ecc8decb6c4515a27bd1ab
returns column HXL	b4e9c969556402c6101bf0bc04b02c34a74ec0da7231d6b23eaf40d315512cd6
returns column HY	1f85d9899029514932f01ab0f03b749bc5249c790951e54fcbec32088df38c1e
returns column HZO	3b7863fac2017da9d79f64acc3592cfdb62e334687d07a20d32786dc99c880d1
returns column IA	3a6cf8bf97b1d4a40d97bc235b57ec853c254eeafe07633796a0bda4df30fd54
returns column IAG	f296f5383cdf6517ba0885a7471eb0a61364e5d157b44d1e667fb9a3bed49154
returns column IART	d588f311d3e0d729cb706c238877102f5457e009c3a0de7fa0ced7a163f72d95
returns column IBCP	68bc2b208190c107826caaa395150d3c54b33e34b1509b3fdfba0d40f057f7c2
returns column IBEX	682406f4ea6fe483a07f89e8971dada20c8b16318feb0d2f22349ed2f92e9594
returns column IBKR	94fae8b3c2f443ddef7586b621a501291103a0ab49e87ecaf1b6d9d659627f10
returns column IBM	ea0019e7eccf44540f92ca6a19611673dd1459e94ed378f583484b85c0145105
returns column IBN	50051072f079fa4ad00b15361ffe2722bba7315bf3a6325de364c265299ced8f
returns column IBOC	0c01c0f51cea31ad5ec21523a55c8b212f47e6e040cb067d2a99bcc9e3eb72f9
returns column IBP	41cf09794a9372d480064541dbd52fe7feb1c30a173f08517da796f3acbaf5d8
returns column ICCC	6570a38677d88061bec8e639590801739ae9d561278cc33ddaa772e822c3af80
returns column ICE	6cea947f85587cd6a69cce17b306d8c6a41736e36c16ce51b5ccd9612e0e9c6d
returns column ICFI	7d998ad505d8abd4858d35a5ce23a59e426bf2a554394911b1eb021870647992
returns column ICHR	2268a6c6929de731bdcfc2aafcbcfcbd6e667f584e3c19d75bb67e21c92d9b5a
returns column ICL	d70e8844a8372ef075d1013929998244d811c6461b1eb171f16e8378208c9f5e
returns column ICLR	214c9d787aacff3c022ada7ae5d7ed21b48edc7e615415305722768435203422
returns column ICUI	45569c5940168506b777ca3b6bf0c15827ac6f9a7c5dfbd22ee09d35be72e566
returns column IDA	fc6583556b8d0089ed82504b1fbcc066bb47d68e615b0391022720c2dc3d52fc
returns column IDCC	bade288a5509f78c22f431fdeab7e14783d1b1fa425a9aa3f7013a49ad9f7e9b
returns column IDR	17798778b09685d19c17d2fc128e0c129c07f087fdeea98c3e0bd340f611feb2
returns column IDT	287708697bd471e3c1bce2c271a0de30bfc530ae7c6c5177755c773205733ddb
returns column IDXX	1218419a032153196f63bccd2f44f10f4248d727c4757e40228d5d67fca3ac40
returns column IDYA	492d8f70802b61fb02ab7f6b8b48342718bf3d2a71c7611d2f6c2bb82432e252
returns column IESC	203bcc74d7ec91948b805b07107461b00b080295461b3633f9b82ece7d26b428
returns column IEX	8839d56ee9f461de8c90d74b1ca7f711d5c2380153eed64d29e5d34b2d1b01d0
returns column IFF	c0cafa5f505c5b16e78b08493e35381f783b50e5123c1c614aea4d8035c83cc0
returns column IFS	dc839212e80eefd1e19e1677b26673bcb1aeb422b1a9957de20ecb4b7fad26fb
returns column IGIC	dfbce5e2afa3f13026e02b22915a0d21705815ad4aea019003d609fb328a3b6f
returns column IHG	afcbc4f62867082d358e55e1c8c125307362b2d1d17db74c054e68c5901e178e
returns column IHRT	92ab8d2a5a55cae640c81a2cbaf2f1898eecd00e0d101011f1919cce3336cb96
returns column IIIN	963c4706dc00a0c71882b1345dec184aa551f95b24eca9b9030afc5654ee2f66
returns column IIIV	31f2f51c34ef76baa85ffa6dad983811cbbc4cd020739067771a740fc917ca94
returns column IIPR	42a7d4d8479d08acd0a6ca13338e45a2b8b9cc391a38d1dfee695316cde80ba0
returns column ILMN	5baa862106bc3b11cbe7c852a7f966b91143e97d79e861ece39b4eb8fe763c6b
returns column IMA	68222022b1b2cff3d4e2e9f3dbc5a3de0527a600a711d3cbf042c94e43c1f0f1
returns column IMAX	5f1a4e01cbf46e9a15ece9b5a2e272ed4cc5353b80b50bca7098450e19bc3f08
returns column IMCR	205e2b2a136a9e0671e34dd95e3fe81bd3d66c32ac4b28864f8c6eb1012bafdd
returns column IMDX	70b0d1d95ff9dc6af7058596b85728c0a6157be9cdca364beaaedcd385398aac
returns column IMKTA	ac3514f6e9525db9cc921ff754ff8d3290dbafd84ee93f7218bba8ad62d675b8
returns column IMMR	0378463cf1434c5216e269069e9a630438005b8485d3456bd589ce0b7e7e58dc
returns column IMO	dc95da0bf754e8ed054e2276b49244d551969b967c82c3e90252a7c8e3ca3970
returns column IMOS	a09df64bc1389d14373d440dfa925307f2cdbd63e983254c1b15ee2dd88a278c
returns column IMRX	f18e3623eeea5972f87de3ed01007dc4af5f3c712ced5fac9a24fb3e2a0c50e0
returns column IMTX	4c665ddb63e5fed5b63a9af17c09823008b29f6f12eb80efb97c0ab11eb68d0c
returns column IMXI	ae285c3efda7d7e38fac2ec99b10534a281c76991e8f8672985e1db035bf4bc5
returns column INBK	d01c11bcadcd125fc00dca5e77c3ab82fa748df3abae091a0373bc080c2a1f45
returns column INCR	210ddba061439233e22d33d168a027238cf40719df1bdc5138c36d815f8e752c
returns column INCY	845dd4437ceacc412d38d1f4cf2c196edd5cf7cc370d1e4d707506e55c0a9f32
returns column INDB	deb85d50f592c9d67b7124ed78d5814503d9b21be20da04c37d7db72894bfaee
returns column INDI	5be9a96b4fcfe4c9aca777b91b1f9874d70dad55daeee7ad9ab4326c9c1c4a77
returns column INFU	7d7b4d40b4460b6bda4aa278d114ca639e91f8bb62cfb923f633c7c6bd2cacb2
returns column INFY	b6846af40f3f2706629a462d09d5916b93ee20ab47cb91e7e224b5fa2a019675
returns column ING	42008845d1aa3a8223df37331b68fe4953d309b423f7f075aae2fe4457033a2a
returns column INGN	6f1f79ecafae0e43d445d85d4c1cb7bb1fbb7f45e4909344f15a3478fd5b651a
returns column INGR	41bd4753bf369108411001c543fc60ea4ae0840ac8d7cefac6405a1039c80b24
returns column INLX	5d112ae57322d14c063985ce5caae673256ea4c48a6331df604a9a050d920e66
returns column INMB	935effee14bd419acc86ce5bad04303d691265de2276bf44dc5305a346e318ec
returns column INMD	8e5327e937bcc5a9153f0fcfea12bbf83ca7a43b9b16cd89e6517b9b756f4d0e
returns column INN	876e30d50bebf5f07841d7345e2d59f8364aa07cbd317d4d221a7e22952a1c6e
returns column INNV	53e5be2ed245abd738c1d386841e75971ded9f50f70626b3fcecf2fc337f08a2
returns column INO	727bf47f52cf866b831c3439df1de9463a0849bb9df1a06186de0d6f6e71e1ac
returns column INSE	b0bcce4a7c11d389e9726dd2fa0ed279745ab205ea2b79fe1414c7c647fb27fa
returns column INSG	f984afc50719c1ae59fec412c3950b1ed7dbada56184326713475b322c4c99b3
returns column INSP	9b77d1b44bf3bd65545b5e50a98b69de47bcef5529620091d1d86c101a345291
returns column INSW	d3221581372f52240c58f370bc26845e761fe9d5a753ce433076b9147998cb38
returns column INTA	22e81d1260c6056fc9f70e99628fe147a8b7f133780ad5fc1cbc1e2dbf408e23
returns column INTC	4386958027cac92deda13a91bb8fa60154bb8db2088e917f74b432324903d88c
returns column INTG	a112abf204f5c7e6e898c32dcf6327acf24e11665ca8380266ac9806f4c87dcb
returns column INTT	46db5c2defc580dba71832a10332b7e80a754605e93e5647a58798017dc65266
returns column INTU	2623fb7431692d6543949764b81db7a5c2ba180137d56efc25467ee524c30834
returns column INVA	daed368ce77c94a502157346989b21fbab77a38de1712254327e79cd39aa3a30
returns column INVE	6a520bf0cd9ee80bd7754884699f7e07c6a7b4a5c124cb481668599b3ab9e386
returns column INVH	f7aecbde74538f7662ecb7d5a77c2f1286a4d4680977d0761f6719f3d00ac2ef
returns column INVX	ab9e4126897b5af101fcb0f2d4c6dcfefd29968a959f2903e13b1c90896643ba
returns column IONQ	f417132ea0b4e03c1b4cbd14f555948aabf799930cdc4edfaef77f7ca1084f9e
returns column IONS	5b3057e0d8d452881fb2aaed6978d3c6875ae2b9b18b69879a74cf03e312c08f
returns column IOSP	2e297cb9b64a69b2df8cf332af98e59446e7aa913b9e9c0ae7578c89195fc1d6
returns column IOVA	696d53f5270e77f65bb751aeed51352a643ef7105eb2351db868c13ff9fec589
returns column IP	ffe655155b7b1698c35da7b80e82e73dacc2aef651f360fbff4dd666de31a4e6
returns column IPAR	cf2bc6b21888a8572cfb28f380bee5a614cf04b42fe5f5c66f9bedeb3bc923c2
returns column IPGP	03325a3f903d3006b7dc191f91a8af81b9b491733ffef49cbf82397d521ba88b
returns column IPI	b8e6a15e7b6780a7a75ea910d5d445366c7b916a76fa23deda767ce02bfe076c
returns column IPWR	97d93def4ba7268a2951c8a8bf75cceca47c4f78505ab0b8af056f179c55f1a1
returns column IQST	af52d25101588dff5c3a079598d14f90f0624e347f9d355b5814c74848530118
returns column IQV	7b60a26b3603d1da2b61c8ac032fc50fd3bdb0686a8aa43fb9445fbb85dffc38
returns column IR	6cf0d79728e23d354207e2f91f254a2918f18b82f8da55b28f1bc25d81c8d223
returns column IRDM	6c527af9e69a836a81b0eb831f1b88938971b121db3798cd0abb9f5d9e2885e2
returns column IRM	d5c96d08169833eb56b176ce20f3b426480b1d344ecc86b46ca419de8a18881d
returns column IRMD	df35efdc5340b7ca1c1d0c3e24eac5f36197bfc024a7d5808e5b7efd109c197a
returns column IRON	eab11fd2218257c264fef880c7d973ee11d6932baf8b680cf28a3675417fce8d
returns column IRS	ddcd741d3d12e99d4a105ab681b63713289ca2e24ee342f031238424f3212a3a
returns column IRTC	8b22e70e6963bde677c1fc5d2e3d11b122d326e067faff01de37156398cd4f6a
returns column IRWD	7f785f2d830b974674216de251be4c523e3e32df1733c3d4c246ed94b1d0feb2
returns column ISBA	40fcef4633e6e3ce9052c4098cfc69c156b07e9372db4dba4fda633741be64f3
returns column ISOU	61615a885079721916cf991a6bdea3ea3587bd33b13db35f1e82b2680283886c
returns column ISRG	3e29dfcc72743e6ab0cd912812f46a920b0cf363cefd3de902ba7d3465990a97
returns column ISTR	a45cf264bd6b762972105ff5e95a5411ca459674daeb466334d1a13ee9e16918
returns column IT	b786d0e25318d7922f053aeaebc6ebb798e861e986fddcada87f74b06cf22d46
returns column ITGR	3557f212e3f8a7f8e385f6bef69c96676c1ef24cc82a8bf2f4dc7660a248a412
returns column ITIC	0b1a55ad9f1532ca1d8c1ffc5181e9c6291bd66ec2d7f3f4053ed38784aff250
returns column ITRI	3af830646190fc1d68bf957629055fa9256623d5e305f99ca5372804dadb77a0
returns column ITRN	d47471d2a9181fffbeb78e81c7368b79e88d6131089607324daeff1afe46a860
returns column ITT	defbeeba2ac716b862e86a3227aeb8c5a2b8c70d42b85cc3564783dd4b58d94e
returns column ITW	c298f41a1212044de8c9aea3ac0a356b717723154d987d4b22c3891152039624
returns column IVR	120a8d299ebf5d0e10d0461cb9a8e736765dea24a37829c6327845cc0a06f851
returns column IVZ	c7b10d0370417916ace4fc1a666e41512fa386b67b4ff4e78ee6667ad492d10a
returns column IX	cce53425a9c0033a3f4336fc4af8ea5407977526aabbc0a23ab61590fe90e488
returns column J	b132bab316964ec645534226b5c63712331d3ddac10c7b94b6e952dc88ac7eff
returns column JACK	5b16ff644e0a293529ad3d8298c7fad1175f7fa8b20d7c4205709cb5809ac44c
returns column JAKK	58c639bff80c1110e93874d4321c778bb0b75e93b1b520544001b23cdef6316c
returns column JAZZ	ef1711a4c3648ac8eae9da741f67a5764ebfaba8297b615ee4dfcf2567369af8
returns column JBGS	da6f5d6f581e47a361626c8fad447de50ef2799f4d90913c7d350e27e618ed21
returns column JBHT	86febde8d5de14b5a07597d16cbd3a568e3da0f9628ff5c587d593eb6534a858
returns column JBI	7cd5cfd8b1e807d78e0e1a34a4237ebfd57d5ad9b4e511083cfb109ba75da51c
returns column JBK	684970084b2c5e3052bbf0a3823aa0d9d20201e2db8f75e4f13cfe46eb300623
returns column JBL	87c0590c33b15ac57efc18f62536c9945540d4ef3b11ecbdd94742ecc8b8bbfc
returns column JBLU	fbeae48c4b34aa963263575e00e940ecba7c7c400ea76a5aa9fc1c5783f28357
returns column JBSS	c6fbb619bf1a1ad44d4b022f5a236372dc714c487bb114ef8c0b13c9a0ce3238
returns column JBTM	164d4a4148fbf5d6453228d46da7c149d0de12068aa183b7a2bff32e35f96dd4
returns column JCI	58440132d19bc185349c98f56bd691d0f9b48d70cdcb281f23e5b5f38c19bd7e
returns column JD	8b4f73fd54655b51e2d24ff9c33cf0482164a8db9c0a3a4f9a28d6483c9e7fb5
returns column JEF	00f3282bb42a924f1d1c2514971ef4378f06c6d6a497761874e6a0cb6a93a272
returns column JELD	e165f09bb4f33439fbcb113631c7eb04a60e10022e1ed4dd2b246c667e8e233a
returns column JFIN	a1b75231d05e4791683b47d616d0f7b399783a9b959d9ae527c623bb46ca514d
returns column JG	d8b30e28151d149fb37a13da663a35e30ecce1bed0327e9a4d73c8d6b148f0ee
returns column JHX	a1add0718f8415498b9ae7e617d03a2862442adcf776bd6dd0a9833c9be49b5b
returns column JILL	4136c83b00911c22034499c84d6cd80c2c48d186741235030b2af5af016c2238
returns column JJSF	c91054d7eb354a6ade302c6daa3ae59fad21ed3d310b53801fad53f3142b164f
returns column JKHY	b23e0da27cae8fa0dd2314c4a3f726399887eeb66f9e5fecd07feddefd481a7b
returns column JKS	688656a15088ab6023974c636ea354ed693ea0a76b47d4254020ff80e73777f8
returns column JLL	29aade5e335f7e1b1941e1755fb43830f4491d6e9f42600235438985d9eb4bbb
returns column JMIA	2f1044f607842dcd46dc4f898d318914e7e46c719c8ca3ab3560c5b5eeece925
returns column JMSB	37770caacb471bf473c3850966c2222a988fff116a5687a45380fce34aaa8a6c
returns column JNJ	f42a9518f9ddbd71022afd468dec0f8bc599f1de72df1f880c05fd2cd0c4fbdf
returns column JOBY	7af08185eb8cd50fae43979666be1979654484ea914733685b53d938b545a794
returns column JOE	a23e220f963c752f763ae1f5acabbada2cbd6768478ec7e4e21b5db18001d4f7
returns column JOUT	a405f010a74f3572b146fc68e53418efdb03c681321e0068ef1a8d6467a960ae
returns column JOYY	ee3f91cdddb265303406f798bb56542d94352c1fe2d1f3f2862cd55a1780bbce
returns column JPM	f98550b6b1a6524725006225eca211bae17ad5de003349eb1ca95f937d2775a8
returns column JRVR	940120ed075a94b93388b6893228989a655a1d82fdb7581ce1d752c0581da023
returns column JXN	e4073f11054a2b17f42e9db1846f696086d707967e8e0fd87a34b6cc7cf147bf
returns column JYNT	5feb9b1fee3391dd0fca36bb2a038e81ab656aa071e12192898991a2a58a568a
returns column KAI	b37ab92dddd8a83e67f288c6dffba91b7401c9c7954e7005967c09113399f6dc
returns column KALU	06bc8f39d515a28bccfc9ffd8a48f8e90b7f946a2e67b7db5205423c514d95b3
returns column KARO	45dfd62a66264eb69f05985b32e0605b60a674816c37eec917dc8453c1a90379
returns column KB	bfb9d0855626caee4762c43edb17566053322cc9cd03e79d634bd72a23f2a8cb
returns column KBH	fc78ad6752bdd015f53cf92405b8e98b9e3931fa42a98fb0cac8888a1c5383d7
returns column KBR	da4aa1239ae9f73fa76bea425ababb3f09f82637c5a489e7dad36ff983ede518
returns column KC	5656830410679dfd53ee07539a80ad9bddeeb14b116a893514f8e74773907c45
returns column KDP	c53c6e7d4ddc1d9e111ac0cc5ef46ce834226260a1c96a15389386fab877ce70
returns column KE	49aa9dc8f7fbc279bcc5ca95356c555c30d16c0db7f62118d1ec0bbc1a498923
returns column KELYA	b72b5e6204622c810b47d0e55b8640ab6b22662348b8c36f427997619b035c82
returns column KELYB	960cbd2e126041a7f1b93bc7d5667b8aa38c46c320128888bfeef9cc7a1d1ac2
returns column KEN	333c2ecb702231b1579a9bd35a58beb4c26552962ec5131f5f9ddc7bdd40817c
returns column KEP	a61981f62733adb612dc7a783e50d06de331682e92efcb843ab5249e7578e1b6
returns column KEQU	5eecfccf632d5f6c6a6b4066d1265d9cc90423bd56aba547a14b7ab7145752bd
returns column KEX	7445f79028d4f86723eab0d640e3b72b54581ac27836394006f44816bc46badc
returns column KEY	f2ec6b29ff632e64acf105c2a04739405696c2405fa6cf243bb9c369bdad090a
returns column KEYS	021577f9c5bea09d46bdbbfaa1fe176074ea0e1a701dc2d9d8b6ed9892fbbe92
returns column KFRC	0a91c318e69700ab90ba6026f2dfe5ca9ae80edd4a864e8707dc006690ea057d
returns column KFY	0157a4944029d0d418b6e2d2c028cef3cc83080b0f292d2119a206a2be76b6f5
returns column KG	ea99c795498969074595015315fb5faa2a3f2b21d7c7c474478ce63a913dd668
returns column KGC	f1cc02895ba96878dc6962544ff95cb84c24bece0d7b46651d77bb67d655d834
returns column KHC	6ab37b97c12dc3d1d67e1f7fae38aa02e55318e828e98914f5ce9688ab221ecb
returns column KIDS	bf910a357e663f5e29c0a7273ecb4bcd195b34b51ccc41e6d3ad9086dcb7d546
returns column KIM	0256c6d4f6f0edf438557aada779b9c399f1357c4e0e0c1ba245d12dff60469c
returns column KINS	be3baa26213601b4b4a6c03184535ce487613895d5e31878c24df19b15659f36
returns column KKR	406ef6ee25dce106a0de293af2f5ee1ea05b550688117f7f465626360e7611d6
returns column KLAC	29c962a981f534d806eb1e40253eca0fa3f8636d4678ea070c540077f6127f0b
returns column KLIC	f64a2d5d179484d2cabf9d224bba91871837db6e5b397a766fbc7182dc1f4d39
returns column KLRS	fddaee49ce1b76b98f4d6f3bd371144cbb0d046e27560668eb959e1288daf7a6
returns column KLXE	d7c7ee91f0e3d5a1cad44321ee2697ae620979d2b177cbbcd0d0c2a838d6766b
returns column KMB	d8bd74581268322cca73d5b663a696360344fc7db8c8c5435960074020136b1f
returns column KMDA	88ebc865402990426f61dad74a0f5b88901a545a2241c275a543102dc5ef282d
returns column KMI	f9533e991743a56f599ac6b8a09048b5b5dc21f206c226c95a667ad339bceefd
returns column KMPR	76bb9ede8bde46354ce228501ef839ddc1dff2bde00d94e22f937dd74d8cc7c0
returns column KMT	ca66db0437c5fa70b57db294b432366e93688a5b30cd6a2ba812438ad0dce6b8
returns column KMX	133c5ea775f6b7580ff4046125d4e4a72a525799c012a057f62c4788409010bc
returns column KN	490bc257163cae5d7d1d586f4715f25d3e399cfc23671d41bed754599a70f85e
returns column KNSA	34420f1bdb7f85888339642cee1e3a25ba4d0cc5439014bfcd069330a53182ea
returns column KNSL	0044d48ef303dac1b3be7cce44bd235068b9fc4b86e525841cabc052696af67f
returns column KNTK	260c6a11ad6b14cdf87e48a9cec943d01679d3230a3e4de7659577aae4828b39
returns column KNX	e7db065281c59db431cb38257f62681b88f0cd7f014aa933e3141a2f5c8507db
returns column KO	62b3a7b057c24e5dbe103795d72b5efd5378c8cfc42eac081fcfe45c06e66a1f
returns column KODK	da4658c3235312ead445d2b044ba0739d7e797354646e15d2cbb860cff3a1d87
returns column KOP	84cf425bb5b8c5531c499c2153d0580e35ff33bee9e9986bdb2fc462bae74576
returns column KPLT	579648142d7e4628ccc5fbaeb3c11f16a0faef32fec98b31fecdc48a89d0ce5a
returns column KPTI	d39e027f92a2b15a0270440445eee140711c17933caf5c68ebc7d8383a99a42a
returns column KR	c2dd1cd659458609c5029c41830a2cec192855cc430fcfe186afccfe091973a9
returns column KRC	2252cb4ac6d370bac1a518958fe7a4589ddfb27b8022a39632e8e449788ceb9b
returns column KRNT	711d33ffc493653c8e3443a9705a995cdf918f3bb3ba993071455e3ee3b1e79c
returns column KRNY	0ae56eebd9c7309661c901c5ad5e919896e21f725d4e858e8c687eca1c63ffc6
returns column KRO	c4b66ef8f665f2641de21d6418b7e8e1bc2b3e23def0afc59ccce6ff16795663
returns column KROS	691a084096c89be1b20765c5abfc70c3e0af3e107aea819dec1b103622331e9b
returns column KRT	dd3ff256ad7e0a190ec451255984505857a062ee4018f19e1aa44cddeb53ce2f
returns column KRUS	c9b54449f930df16677ea4d97e5ca7c714962e657ce63f773bdd4447347e1899
returns column KRYS	426b95647d81a39ffbe5102a661ec83b7a4972a438f226c2dc46f286752b9dbc
returns column KSS	078ab559d0bbb94f85b9f5cda36a91271f05a2a8132c3d352c2ae21a6ec3d3cb
returns column KT	53463d4264b7f518b3de772644f1a755ab5c520f2385b0b7db00c34cb770bd1d
returns column KTB	4da305be378ab86a4052a0b07f3bd3430098a698f8cc55f0f6824fb84fd7e64f
returns column KTOS	9aa65ab4a7d06999d8862d00a9f14352d119b2f872f47b38dd7a6b8c367f7f0d
returns column KURA	87d98613011bad713b9af7a9813d0b01f991186a240a8662ae10be36e5e5c59d
returns column KVHI	d0e9c46ce461218b1c1251e6bb404c25bf40536f67f526e3ae57953687e85a72
returns column KWR	17aaa9d5c2a492ee0fc3d77bcb87ffb88569441adc3d7d81085052c454dac3c4
returns column KWY	584a92a1213054cb96c55f562dc41bf26348d344f57280e0cf84c88e54de38a4
returns column KYMR	a8c3dad0d8a1aec690cd14c4ce7d95081919f5cf488a6c91e0d46ad6904ac0bf
returns column L	dbd839c4881348bbf64fe199237ae2da8c48f73f6d017ff626499b554b8ca6f0
returns column LAD	9d61c26f3186423c95b221e9fd7289d662eb56351b5ab244ac3170345a6573d1
returns column LADR	fb99368975d27cc4f183fc79692e9bee4d3434cafa6b722f1e647acb8cd620a1
returns column LAKE	1ad99b477b83c4e5c7c4f61077d924ae84d9ef9dd15968392f24f8467a9bdad9
returns column LAMR	cc9e8c5426a87e7895f8ea37e169a8ca95f5879d9b01ead84180ea9a5bd855a9
returns column LAND	e05a5754e827eacbe741b85ba000fec0902dcb3a4b5e41c4e6e995ba33870c07
returns column LAR	0ea4adcedae2f3962c0fcfb100382a842d2be3f6ab9747a7c982d2490d1b9977
returns column LARK	3f9cb07f73a21b595933f1eb9ecdc067f12b41b5c43edefe2d8ec64160b1da4a
returns column LASR	060dd52e3b06b56d78b50af088cb0c6d9f81e33c81e78c319ea77fae6da7b703
returns column LAUR	adbb0204346568f74942e4038e9a90c3d2c6d94f570402206daa0d1cb9ee9e9f
returns column LAW	c47ac8e6b9d71398faff3fb846e98eac46d556300691886c15f254407f5bf94f
returns column LAZ	9254880eacdc08c80a11cbc46a91f0c8f702b29e2007f10af114d833354dc118
returns column LBRT	b90268a11bdb91241545dbb499ccc47b28c4fcdf0da3e7777c6c0d3825da0837
returns column LBTYA	58a09f3665c6c4c6c34114fc829813c21c8aa6ee37b93b91e059925a2fc4bdd1
returns column LBTYB	2e47b64f1490532bd5a83051a40488c1426402bd35d58e20c5b011ff3d0b20fc
returns column LBTYK	b28adb0ae5d4ee56876bac08b1bf3586bc4fe65c9b4a25e493fae4cd85b839b6
returns column LCID	9e7096c8165665d0f0b97e51f635204f27c70fc1af811a9db89312d9e04da0a9
returns column LCII	d0c3a4e8c36352a56c3a8c906ae32a242300dfd1adbbad7049b52b04b32c6d71
returns column LCNB	315389d784bc5c43e72658808ade462587b571b1a8838ccea7f4fad2ed722d59
returns column LCUT	af87edc875a1ad05cfd2d8c68074b6d02e9992a4f8807a84f56a99667e2a9970
returns column LDOS	4d4dd125d01970da711154ce6e61268aef668277b96388e9f583ded5de1a7dc1
returns column LE	d375cd34d34cdeb03cbac88960e9f7d3550e25decf8561e9b8906b70a133e2b7
returns column LEA	73e3969e8ed1cec3ca9528ea9ab01a085f5ab2dc7664dcb930f7814f9e4e6d2b
returns column LECO	0825e978905bb78070149b77d023245be53d303ffa916f59072103303c6c546b
returns column LEGH	a505770e651e91a394e35f49b15ea9496e3c2f2be566c12c1e2e13d7f7ebe76c
returns column LEGN	aff7d06ae19e4dcaccdc46105b4064011ff7dc3228a2aa588d565145bcedf07f
returns column LEN	aa34cfcd15a1ca5601c103689667944d5c93fd914c015e55fd525e5b3879b26f
returns column LENZ	bce73f226669b9b51096bff591824f0728cac7e0cf7fee70d44f99bbe6daa928
returns column LEO	51a461b3c4383291f1e354749501d6d8f47448f0239e624a862a77b327bedc34
returns column LEU	b9abfdb7548deda5257c291569e4e55b360b7c336a2890c168d3be2057dbb324
returns column LEVI	bfc2ca55cdf5bb5c6bc8f1e5e45a3bac71508ba16af95c6e8da3ea29297bfcff
returns column LFST	53bb6fd173cc333e2fde5c88316b26131d867c18546d166ada2b5b663521925c
returns column LFUS	ce57ffc44f6679c27cad466eddd0776825f06813d1da877474de7168046d8dd1
returns column LFVN	225c6b42f14f356e3242139cceeb68149534686c3277510161cde28a9d74a8b0
returns column LFWD	12d1332911285c267ec0796ff9015925ce8b1a2afa20909b64914877ed73a30b
returns column LGHL	86766edc80a417f1969a9383d118f546772e577a8dd836772a54d82a6918e064
returns column LGIH	3a881fb8304a7210d4026d185eaf72820a9237eb5f0f9069e0a5e99a7c7cbdd1
returns column LGL	8032c6f79bda529e94c9fed415c4b503d38de4c310dee02e83bc52094c8c2267
returns column LGND	e71a3c2f5b7f5dc83d7b705574a43bc5e717921e61f0b36b862c714062bca441
returns column LH	01649acd083a65604dd3e5c7fe34d78ce140934e749d14e40e2a72451d916d4d
returns column LHX	4a4694697537a33eccc3b73dd9f431f3e34ea49713d02c267bf7f33e183a7a4a
returns column LI	9006e27f432ec41a5c0870be497bb2eb1a8eecf4c535ee0bdc6584b97eb43650
returns column LII	d70c95714b74bec48d643149701b89339e7619f77877944728c1d7de2a4280d9
returns column LILA	40b647b1856ce1f058b96e962c73692d78ced6bde94cb0021898f9bce499ef3c
returns column LILAK	d07b05a2deebcad83b73cfb11d941a85c7de874ec3b95e04a5fc8c049bf8c5cb
returns column LIN	f926b2dc087ce8dea2f4a297a62ec50ec052b362ca12f78e9b0081603564a945
returns column LINC	532426765c492bde449ffb55c9d867d639705a2861959ddaacaeccc8f4f3ebd3
returns column LIND	34935a074b79d05446754d876b800291efd3e8dc879472647f9974d901000f29
returns column LIQT	0aaea59024a8fa1eeb700694c234ad2a7596a5d117259e2fb65a6f358ba96b19
returns column LITE	05a3ea5ae0970d52ad36123661368f03c1f87241aefaf69575642e9af1099e3c
returns column LIVN	3aa47a6833229cfba1769660b714bd8283f5601ee7a801304594354275888815
returns column LKFN	fdf19b2763bfc48b23f7f253240685048ec2c5598aacc48c97005456f57f2bbd
returns column LKFT	6a1d7214152473e0eeeee1c891be08967fd767e792d94d55f19ca7bae457bb3f
returns column LKQ	3844b3692fd8788843329df2e7a5b48f752ee1381d9a91e0b401c9a98669c99b
returns column LLY	d576914b586f5fef3ef8cc62edf75425d0307da76535453560764fa5202435bd
returns column LMAT	546e8fbf2bd6d92f1d54378101dcd1fde90af0f4b06d85dcf5734b31331ce316
returns column LMB	1242eff02ea92b68cd032c28a64898b19a3c873664bc7be5f1c6e6ed83f3c0e0
returns column LMND	48c26bc4e4556ec3f8b5ab75313630ab9fa9c30d76f2bafede40ba83a67724a7
returns column LMNR	44c502df18ed8feb64247d7465b4a584b9938e757f3039143df282d243c3f9b7
returns column LMT	9ee3784f03a89a4795b70c169215ac3a7df56422e07f853d51682e59a39a9aef
returns column LNC	d36e1ffef33b6e7f174b2c397b5b5567e9fc0ccc0a7ddf21e8d35969c4a602a7
returns column LNG	cf9960e9e9530c3e9ed1717c78c7dcc279cbf26ddc905eed7c9b6dcb76c54398
returns column LNN	303c59750e2bdd84819bfcd4e6ab4a300d66960167f363e7b13b7aebfa88b43d
returns column LNSR	f4d5711bfcbc4754e36e56f1743fe91c41c744f6f8f28a610eff0c67020b08c0
returns column LNT	6c75a21ea0f13f1999229a425b092903a5bd3940d6e85f1dd7a25822a8a91b20
returns column LNTH	a8b60a43deec4f17f6abe4420f6dd8f802a0d95c9c96489a9cd1039dfa3e4d85
returns column LOB	84b52c0d0d35b8bb9253af2de21e35bc61f58af92794d6342a36c17b8aa4388a
returns column LOCO	c472bc13f9a877f660433f414a64c14f9c9235fdced7ba70b4aa5f84608060e0
returns column LOGI	bc93baa0696a530640eef95517498250d5cc8395d556d8b277d6a2232ebb68be
returns column LOMA	e99deb389fbc0f9f9eae8bfcbc14dcda110c07ec1d9f65b109e0daf6cb6a0503
returns column LOPE	ea0b46fc327b17084f0c0f9b0b99ba661f7f807f74c81400269c6f06bcae5454
returns column LOT	7c53bac92187be50af9b1b1b38c83a35a6ff8d306e1395b732ad9c9fbc6ad201
returns column LOVE	31761069c2369a0335829db044320eb09ffe729bfec4ee1de10a64ffc4380834
returns column LOW	957dc5439c306424a771b4c006e56acd70f60b9575dac56605668294468d6d21
returns column LPCN	9678975f7136ce047c33539380d3b1fb12de62217c85754633e8d501754c93f0
returns column LPG	6b2a48ce81f6e209b0989f012632f9be6cb27ff10aa0b97c539712e1f84ca33b
returns column LPL	7c66b3f3f72f6579098c67bc48b664abc395ae96d436efc6912eb5494056dbf7
returns column LPLA	7dfbb41971d73146d8648ebb9faaa6780ab8621158748479cafab0fc071863e7
returns column LPX	abd136ba5ddd2c3dc8f99a43627184a0fb590a92ace3949c926be91a537ee2a7
returns column LQDA	45ae02ace750dcd459c643e452781bc08b94895d305bd69d859ae425ba472617
returns column LQDT	7491e359a2307aaa35faf365f5a76a935bfdc3c9f467b596e9daa65a6c609272
returns column LRCX	bc1100f54ff9ac5843770bdec61ac9ae7c623d933e3825943ea21fe5a2224508
returns column LRN	216ef754166bf967e365e7231bf1a21c7389453462393ec6339eef32d785ef5c
returns column LSBK	0cffbfd9e425640b6d4203aea68374b5a958cf7c22fcffa5300f5c2806b02c50
returns column LSCC	310437c5248fa209604b247ff33141bacefa5b3ccd311e62690158ec7da8faac
returns column LSPD	cbd413fb830609b6f9a98e49b3ef9070c979dcb70fbb8b7a7afb81a2881c615e
returns column LSTR	9a8693e2bee41f47251e6532517f3fcc5522fe8a0d9487e53244311b0482cec6
returns column LTC	20ffd9924e458ed38f8cc6e4ee67bc74563bdf7f2ed67a1fdc52fe3ebb4dd6c2
returns column LUCK	c2ec2f1a25ab3ab891a982ffa3511d6dfc3f22baec82b14ea8c7d623de12fff1
returns column LULU	d9b4dfb5dcec7029246ac3cc54350974ce72ef85596b3d7282ec8d5de67403bf
returns column LUNG	bab18b0520ec211618691db909a87d71cfaccf8a2dadd3a34f2146ad2c747a7e
returns column LUV	4f2c9a21a1323e4015ad750200ec904a5bc95cea36c52af6127198d5915aef78
returns column LVO	9f127db73501294a074783db0c81431661328912bfd8f01da6bf8067ec92448d
returns column LVS	119adf916994b5ee604fbff4a4327685d39f091db5c95b94cd74159e7b046d09
returns column LW	4e93d7595168e1c124f219987f5499a34b0c6f509dd4fda5983f8c39a4fcf7e4
returns column LWAY	cba52326e289da0c15bfbb9d1baece95848fe086dbdaa31c6ce4bd57cc72be98
returns column LXFR	e183a69eefa174d4ae4192c809b4347a088e7b252bb4ad74db37ea9bb7140875
returns column LXU	b7079c59a0006ca27a00bb5da407201f55e490e4c243dd4b91d006216aad1351
returns column LYB	542bd5eb18c1ef49f82fdc6f8b0cd452b2811a7738ac2b4e41dafff22c4c6226
returns column LYEL	82ca940493dbb3878d1b4c6fc3dd02e0ddc4aeae905e45aaad78eb8c62f9ae76
returns column LYFT	1856b7f0ca6ce273cba6a70492752f21010d99819666fdde42d9aebcaa9058e7
returns column LYTS	00c271fb1cc44053e6bd3c3a0aa656c8e25b367bec6ac3644b0c285f7f346c70
returns column LYV	53b5e49e7c5085ef1ba228fe2774280ab9fb643fb92821f532ba9c75852763d3
returns column LZ	3063cb47aaf2c5a058a98873a3e4cdde117219921b93167b66156f492ed15652
returns column LZB	d6cc64f96875997716a886c2c81fe306f9283508ba673f6fd3a3f31e67e8c43d
returns column M	0fe2260beebbd2b3ed84b534fefcce3d0f6906ce84685493935cc1a6e2f14a7b
returns column MA	118714fc3b17e2a18b354676b1f2e09ead2131f4e62cc7b02baadad0e6e8003e
returns column MAC	f19a2cb947c6ee8b7f95b89baea455e23eb177886cc4edf88db4a3e2dca5bac3
returns column MAGN	95528b1078d77b66b6c4550dc2ba8428fe50e593a1bb415ab96c92f6790a6490
returns column MAIN	b634ad9d79fc6f2db93d53603f3feed73672c6441966e7dc6669e9ee653cfd64
returns column MAMA	dae806dfd117680969c87710a5a2164ea0825cebb2a3c862e496400e320c4cb4
returns column MAN	6f86b0ad35b36ed2bc4d5b5bd1a8dfea41ef0a59e69d9981f55b526b54ffb522
returns column MANH	ed14191eb6d890b91df214b199cfe6dcde7a4fdf5748bf16502a2a0805eb8947
returns column MAR	58fa61277f81e42595b51384b440a118f299cb1abccc4be4e8b27b99008e5a90
returns column MAS	12905ecb2db55f01730b9fc3fd60dda30530df7f0bfe3fb40bd2e6c8fedeb317
returns column MASS	0d0c2ae462886030fcdb99d744e6509e5bcd53fd6dcd55c4d109acef3e5ee754
returns column MAT	9c32e6a1d2323d49ed6e55b1cfc762cf5abc797c938beeb566991efa1e6dbca4
returns column MATV	1e38e4147df3bc08ce4d1e6f829c40b764beda57fdf2279193645200f7fa7fcd
returns column MATW	fe0440383a82d919a0f11ff0249b9a4204a49262979db336a4322e450473e80d
returns column MATX	04d39574fdad51cd52f741c8eb84d39c7f5c25dbef5e5d65c3a9fe0f640dd6eb
returns column MAX	d87e66197e0e92c6cf2fa746de4b2b15bba4f4151700c3084c316f361db29528
returns column MAYS	bc656d0d9c5322b1abbb6ee8773b901741ca6103c095b2cb9ece35c61ef1e88d
returns column MBBC	7ea204636ee9c5b2d9faa294dcc0141d8015c82f38689d3ec2194c3c37515ceb
returns column MBIN	b2fd86296dba1d3ab48588500f15f1ca35f946070de42d013cd6b3bc4dc74fc1
returns column MBUU	bf0af0a29f7489d55d188cac2f4ffd7eafa6e543172cfdcbcc00a995baa840f4
returns column MBWM	a7a9a6d96bfac631d83fd8118d1d29cdd2bd82cf10faee26f5cbe96b3fb4cd89
returns column MC	878535ec0e2085944644d57b7cc7e672eccc740404fbf85fd575cd284f11c5cd
returns column MCB	7a4fb3300b2b14343c0db6a1d630784f142d37effef6e477b5101f7f05bdb955
returns column MCBS	2932863ace2912d49f4616d62fc746112111e19eaa78a104407c2dd64228fe9f
returns column MCD	bac4ed72411c954b07a10887670fc3b820d9cd3ebb7d646d0989e039273d37d3
returns column MCFT	0cbd2dd6d9c7e32738cecf3612f8d9d66fb28f6aeafef3e6ebc9370972d2507a
returns column MCHB	48c206b2bdaacfb1e77b1de2eba74b57817bf4133ec4be04a4a9263ba97983b1
returns column MCHP	743bc416be1ca50a128dd041c1e208508e3a3acd61b5428b2b4372323921a3b6
returns column MCI	b261e9fb6c7e99681a31977691c3924b7d4cd96157d66ddb97edebb5795cf993
returns column MCK	65ab83bc730d3b0d38858fe142a1b8e78721996b69be0c9a07962f64a429015a
returns column MCO	b2a844e4db38ad1c1463ff9e6e7069e1eb3529f5b9808f650980e3b9a38bc678
returns column MCRB	6af889def7c14f63ea092118e75ab78cf04feb3e77c0dfcfc1ac931c8f36b002
returns column MCRI	fd393f1b71a36c2f87ab190df1896cc88277eb3d62be2f40bcc32d2d64db7eeb
returns column MCS	fe23289a38926db1940e91e3219e3addb58d379781b3ee56701a3ce295959e2e
returns column MCY	5b43180cd87e09a927374ed91a371699fa7f24aa142881afbaec43aa39266837
returns column MD	b0ef31320ab8531ea754de2464e0d3ec75883f83a5e58e63ac524d58af1afa02
returns column MDAI	cee117e37b09638e40c6bafb8b21cce11c6fccddea0a10d897196f943f701c54
returns column MDB	7acc5af530675be74b26c18a30d10fc3d62776116921b253f017505037e00d97
returns column MDLZ	fd97ddd650ee6697155d8f1b5a85ad8d0ba90ea83efb7afb9a774933b034c5e0
returns column MDRR	f0cc02e2b663b4a72fe8ecceefe7a1e90b150c6f3f0be73c075ae93ca46efdce
returns column MDT	24c4eee1bf53a45157724817eeb0083bd41f05bc1ecad48d33ef6e18ee787019
returns column MDU	6a33d62c21e17d178799b0101bc09e793035eb3878b30f75eaae533d60d4f504
returns column MDWD	b34c9ec132ba6c92668702ebedc3283e93c5270b5d84ffddb0aef24f11565edf
returns column MDXG	ec3f438277efac9678a5a38eadd054d0b928d57d53f6adb38d51610b61b990cb
returns column MEC	4f6dd1410ee7b3f8e5314ad0d838fbdb60a1aeaa7b53087bc0d3ecf2a380b657
returns column MED	444015a7a5035b0ae970ee4a7d868fb88ad7cffb0ba2ac6199f57077f2f26c91
returns column MEDP	a6d4db9541ff2a4b054ba88e88b6a8164b1c072df7fdcfbf2d987f2deff15d41
returns column MEI	96951b0f1c960b0a73467110e3dff00325e5c6c07e7f09060e4667c855fe7296
returns column MELI	2258235f43052a7abe31c5be8919997f4d652e75d1f72905ac51d6bd43bb9b25
returns column MEOH	ff187caa6f1e1dea24adb07daa73ca7ea7ca9bc9ff944c0ed7d5176aed402d17
returns column MERC	6db2ade8084c72a47afaf6a328bd4379fd149e0d5d00e6f71409c34477c50020
returns column MET	adecf083ba0ba73ceefb623660e6fe536b0dee56909f5f690737af00e9780cf9
returns column META	e630e56b4ca3e99d0d5af46a8faae9724b5c4ba2db48623bcac5c3e949170a75
returns column METC	a186cba1e5dbca0e680a0108e53e9ec4d19ec8a97e9dd66f83f492ea88d0640d
returns column MFA	72ffac51f48cd9361bdf03b60ff6b92e8807df30503d864ba6ef32ba7454528f
returns column MFC	7fb1b84d1a96e41e0df4d4cf9f99f8de7d2b8e88842996a5ec39380349b23f9d
returns column MFIN	d6021bb27c442337e1be6da8475d582c0e5ef00d3c39c8ea126fe514da9f5972
returns column MG	15c527d3109388c0ec8437b08014e8f5d5cb32f886099674284dad06356b74bb
returns column MGA	e26dae26bdadcf118d0510130d480543569e604eea6d1dd3feba75c80a2569be
returns column MGEE	19cfa28f7252a2f4ab6816a3101b7dda7469714a87b2ba331a0333e83ec5a28d
returns column MGM	e2eb535e57a4668245abea88cc4495c1429deff0a5f8238d10260e1f5053ff49
returns column MGPI	a18abf8ef869a8a291fd0ea9ec18a058444b115d1a7da8e2839c66ece764b563
returns column MGRC	e03b1f91a7b14476db9983e96e0cc0cc82ea42f1e95ff0832e1e75a923104a5a
returns column MGTX	9a37dd72bf126ac324e385b7afa58002fd318b5201c9b168e2cc5efc7dc38f37
returns column MGY	32f8728b879af9b7425a73069d8eecf9910f203369f995810c53150e36193fc1
returns column MGYR	c644c332fedf8227db51c401ae380a6c9f7199d07de2378522906501e83e9f8a
returns column MHH	764e5fc1db668a2df946b66a25630afd4dee2a6c0889b805b4fc010e34b5c6c3
returns column MHK	d79fbe399594185aabdb4e077c251307aac991253b26b163a3fd02860dac439a
returns column MHO	01e9886d7dc8452d3fbd2f3ff0011c41633cbec492769e59e04e7dc3092bde7b
returns column MIDD	50994acbfd4946c051e1e137416500930e2fca2426e7ecb2ed624e9d40a5417c
returns column MIND	68e9a41bbd6ae8d9f538a3e4207b5a8da0e9d058855f4d9faf2457070749575a
returns column MIR	15a0afda3aa73bde91929f7de40e1cc0e88852df213add43510a162ff793ad52
returns column MIRM	7aa6d878157bc7d4151f0f1e32169a0a2d5f4955f3a4d483b6a3cd6c88e673c8
returns column MITK	cd4dab113f4bb0e6bad001430ff5d88188fb3e8eaa8226337565fe4fe674ddd8
returns column MKC	62d0017f858971563bacf095ee9d44f2b2815ed2394ac96494ba2c254d0c43e4
returns column MKL	9205b703519aad68931b1d6d1d7377c8130f1947c3428ec756e403ea90860298
returns column MKSI	4348922515540f8a2f4009652e7fccb814e1940ee6dfefb38547f8575588a900
returns column MKTW	1280e58b9a0a15ba29ff6b1b8afcf926f39dc81677ef811de4e185f1fbbca8a3
returns column MKTX	9714241c639f29ed1ab6be77cd5661fc6681ea7f0a243ff93230b1c02b0341ef
returns column MLAB	04fd2fcb80accd66283619c1b30ffe9c32426e15cad80440b61998d290cbfc7b
returns column MLCO	1494f7b8e78c5a447e985448b0e78b23c4f6ff57084d7ea690928c6d3d940993
returns column MLI	22a0997e0b5d859e773c8f31566f0672da6862fe573b1261ab92f9fa9289019a
returns column MLKN	353ecdd86313a077e6a4177cdf903faae632e4843a468672c8311cfd44cfa54b
returns column MLM	5d8427644bc9a48c5cdbbf0b5cc611805d1a3fcdddc71fb6960c5066e2994fe8
returns column MLP	955ac99b85cedf0f89864f355a8e207d147423410ff8037f56e303df0e8172dc
returns column MLR	02890f6b83f95919c311bc5f4931eadf82a22f2cb0151e8804bbaeb362eea1be
returns column MMI	aabd307fb119415ab1cf657602e93d4d5b4ecda6f94f0458f6b19eba7d2f6539
returns column MMM	844d61d6ceb3e4987f9a27a6661223e656f01778f2b8235db8594dc8e6a21906
returns column MMS	56c071f9c68eef7689352b8b5a91796a09b8e9312738d465778da4d5b41d0e25
returns column MMSI	d4705572aebebc04e5dff0584ab64d798b7f18f0078291593e2706fbfb0cd1e4
returns column MMYT	c7463870278f8f61bd6019d9dd38dab31b7303ddcb2d102ed5f4da3eabca28ba
returns column MNDY	6e4f61a38aa4de15d65cc9ecaba20d39829667a6bddf9f4ee766d73ff6c68f24
returns column MNRO	09e453c1d71935c249f5bc6205c60ed7a5b508d425ec61511a73a76226aa798b
returns column MNSB	9640bd42fcc1a037cfee492596e75a26ad7846419b44eb1c5f24739152658e7a
returns column MNSBP	1d50bd2c98800fc83e2d03b93e206d37707ad3081e724f5839ff19519c949040
returns column MNSO	ba268bcd1d20a8700d3ad20201caa19c700f28a4b98bd93cd02ba41a304a2eae
returns column MNST	0831a8d364193ad2e4139821687e56a5a3f76d89b94e2b9db192d90b56881f8a
returns column MNTK	66eae8eb0b674e361fa7273dbb73ed83033b143f72f26941cd2e56bab4bfecc6
returns column MO	fb2590d1a2de60d3803910c823b32fd8d917809db75c02db9d8250a3dd09645c
returns column MOD	3c17c7049c15157827a0e378da26e598de6693382694b874ad8c0757b1f783a1
returns column MOH	e9b1d399dba089f38897a037a20c42c8111d3a64d8a571c03ca3a8a18b0b6736
returns column MOMO	ff9324a53e32db3251de1bcb634b89eb47270e4e3cacf4995b58d223e40ee8f8
returns column MORN	54613b60f4c3427cd1bfe932d557a6e379a6825cb46fa507b2975bd2aa3b1f43
returns column MOS	66bb9dcc229602b503ccaa587f8e793a908d1a707990713e1dc9eea5a64fef64
returns column MOV	f39540fe701304a8b0f91be1777d06c4dcb64021475741c44a0ce27be97e70d0
returns column MP	5638078b8ef4ed672f09e9df04d2f648b44e3035cd03bfdc0ee3975f02ddccea
returns column MPAA	1265cc48ade945aeb6dfdc6dd68aa0788704ec218927222a06268cd9e2f79b3f
returns column MPB	b1eca7404ceb4980c993d77b498a750c5ec2c44b64499eadcc887c75382cabc1
returns column MPC	9c723300a19c8033d645fa00d3301fe4f424fb6994ba19947ca89845c7aab788
returns column MPV	23bf9c3e179d50be7c51294d50803d8e717ce88739e340dc752e017d12b2234d
returns column MPWR	23ff579ee3e179c0962997a99e212b4c522e45a9494786213d1ad7bb2660a0aa
returns column MQ	d2c0235ee9b34b636cf83076375c4ca533cabe7bc7518d76b41f9b03c03c264b
returns column MRAM	9d79dd1f83796b603371014306bdbcb6a646cb014390bf2d992e5576f2266837
returns column MRBK	eace5ee29b8b90aaa58b1c5f07257eac223f1da4536478fe21f2fe29aa1490f4
returns column MRCY	bc4c73c6e489f5e37c180c7861dfa83fc8f9e5665cbbba4bcf7283dd632d3620
returns column MRDN	f0149024928e307193c0ba99806def898335f3c373da82d01349960c192f6d26
returns column MRK	387ec878e6ccd81a005ae01a79318e5583ddfa86a0cd88e681484b97528593a7
returns column MRSH	43b6381a46b860d68f0ebd157080d98a5d379f0feceb59f3ab17ed067d59fe82
returns column MRTN	02e9690b5e6dd0e4aa1a1aedf26c1464d6ffd3cf6e01f08073c5c5a79f662857
returns column MRVI	222f54a5db3ff200574c6c652a6291cace128a4f917193af75354d366e2b1d28
returns column MRVL	71c360d8609e9e1f9ac80fa690ceece29b265cdfdbf3459adea2a88ba010b2e3
returns column MS	b758558ba8ebe93a84be87ca44e44d11c4be7cdb6f9257993c2c5b05b960630a
returns column MSA	58847b278a45f4af834f00b1284d6446989c05bf828f33337258d1395a798eb1
returns column MSBI	0df073123c7cca1b67fd7094b04a7a65e31391ca9f56ca8640d243e1a778acce
returns column MSCI	ff99d54cce9c3078585125ad932fe7e34934c92d1e32a00850e7ea96aad6caa2
returns column MSEX	74f9da67484382451c434e04e32e0eae3cc7ffc25bc3e207afabc90369c7215a
returns column MSFT	b986f3d01621075fc4a1afc037d001cf51d55f396b0dc862a1784197b30bdd14
returns column MSGS	9cc0dad84b5216e4966b9b87bf8f9e76b2398cce59fa5c731b8634ced49aa483
returns column MSI	fdcd0ca8d1ff5968d01dc6504117654ef65ba75c94a8a5818375c13f428c02f1
returns column MSM	4e978bb538005aa2d52ba8a6f056a91368aab60ca3908854a5c003966934bbe9
returns column MSTR	0b3cbd436f53f5a2126e1a11eb21c67458ccc250caf49abc5e81f1978deb978d
returns column MT	d66d8f23d70b1fea63cf6b561d6fd99aeb54fe6573b3814865d9de4402fae627
returns column MTB	883e783b7f57656d6be58489e88844e5a5e5fd9cbe5b7a7587caa2c90b3e3340
returns column MTCH	1de018f4900beca605fbe8071eeea504edbdb32e6dbb01e7ffb52a295515520d
returns column MTD	781402d58a7b35225b1daba97490a15a06952755b240562c7bbaffab5807b0c8
returns column MTDR	b0467eb6b33ff89a0edfdd1dc8f6efb846e6aeb78c5099d8ab541f28716381ec
returns column MTEX	f58559cfb17d76379811e75753337ae53504653ffa4b673f5acf8179ad0e78a6
returns column MTG	f052c8dfbc80dbf0b8c47862770de17fbb21501de276b7779d7fe355e13479f2
returns column MTH	b9fb1fa2fd431c2582f5b916a2e41ef6aaa140da3ef3bef6d5de039c4245d1a4
returns column MTLS	8688d6c2654c9c023b8b7e589ff73f44f8f8fe4405bf4e52e423a6edc3d352ce
returns column MTN	78f777bbe74209a3def3207ecdb4daf3b8731c0f6aa72039c66635d864a1a620
returns column MTRN	e81e965fc83b8668945ff612a2f3e8ef5735870d42aa2b89afb996edb7f75a29
returns column MTRX	49a4120dca7661180e7d9de9c0c8e36bad50925000857ee7a4f84c610e435f15
returns column MTSI	db69f55af4bd037a4be57262d348ee84ad303ee65747304c66dbd71dce2c4087
returns column MTUS	ad92646069e9020ad5a835f557cacba9510bdcc495cae87074b5562137618f87
returns column MTW	741a50afb75f8c8ef3add906f18278ef5e8980d21de29ea9522c8ba43c25bb89
returns column MTX	71e3fa9a181342842bb5d9fa4341c66903a6834f0dcd96d4bad6f1a16401a427
returns column MTZ	5a9fe79da77df25042e07b55a7b34c7dfce78953cdf7c6f43097f8597f7a6237
returns column MU	32f0f14322fdb990fca95261dba56dd5356751d54c0d01b04bbb6f7d277151ef
returns column MUFG	430cfe78507a27d06f0b7635aaede5b8a46b913d0318d3b2b7d0fb1a9b619c12
returns column MUR	215b3289d4415ca9a6b80618facaf6bbf0b6a4e46c5c50178b6f970261a66281
returns column MUSA	c6c5dc8bbfc17fc69fd12b1072598392e11ae680397ab1dec0c5deef8ae817a0
returns column MUX	51b064b621a04333cef81dc5d63f4175a215102983315e065d65836bc38e5773
returns column MVBF	be3584722e0f1e19f22e1547e0d0e42713dd043059eea79df5113642fbb6eed7
returns column MVIS	6193dcbfde04658a2188a91bf1cd8ce33b9b5dd7411cc97eb263276c2a813ead
returns column MWA	3a59df609ec7991f71452be42f52ef7f7c1e299a16612cd0e0b284159caf00b9
returns column MX	58cde559d7a01ace6fbc8d52eb14fcb5437f3bd675e26b4752aee6ce8a3e26bf
returns column MYE	d47c0509da9081f12fd770d21a84a1694f9d4252e6449faaa446b46c59e74bed
returns column MYFW	39c830d4537d73bb904deb1501fa07f80530604a4ec026ae9874c67a9bce807f
returns column MYGN	e21511ff2038f301d757499c4d114d431850838f51a9797d4029fc13deb8ee3d
returns column MYRG	1f6740d31b494ef31b9fbef325148d72aa8d2ea9341a7a9ec87b570bb1133654
returns column MZTI	b25d6ec08d8d3e3a20d29680c88c3c14399cf8edc375cb3718096c5fc43e1ba2
returns column NABL	9a91f831f047eb4eff40c45604fdb9675e6f3101370a18cf9385e426ae2ac6ff
returns column NAII	c175be795f09f747f2b26e4144b900966f1316373535556c9cdd3197981e8629
returns column NAMS	ec28ec494e76c1d9a51dc81a79589afc2869fbd4360141184d64d1eaaaedc7fc
returns column NATH	49364d99bf5f9ac209152b4863b0bca6bd60431daee2ee9ff74bf65bf48c5db0
returns column NATR	485d416a49294a58495240031a079055cb315e080288a3c44493a7a416d7d6f7
returns column NAVI	f3764ddad0bf34d4ac233585f9a7353d7e1b1fdcf51affd32531b402c54451d7
returns column NBHC	a5ec2d4cba80c8e1e4f031b109365d0ab61c3435b88d98100d153a806bb90bee
returns column NBIX	caffdb2d079a8fd956351457a5b8a4a1bb86865d742ba1e20df78e6e5392031b
returns column NBN	6fc9d04a04f8438fac203314178c4d2b771344f8eedb8ce4c1a69df626f7f1e5
returns column NBR	7ec8de797e2cebba82536de48cb228df44d5752025c41326e461b519119b0bc1
returns column NBTB	d1b83b9ac87dc9c60ce5c09ee10a6b09a92e67fd5e964888a9b357bcb323e7ee
returns column NC	d67b3e6c035316d40e8fd96f3d1ac55a8dae47fb1cfdb9f21976ec3e08c1fa8e
returns column NCLH	ef6fb36d0d434fbce48390a8f12ba4f9257bcec74ab08aef94323774beaa8bfb
returns column NCNO	2ca7431173afdb0f23e96feaff076fd7ac1b03a2b29bb9f207d7f226e97b5c9a
returns column NCRA	1678b26297fd44a07fb7c8323512be63c116cafec3f2e82ddaed5befd405992b
returns column NDAQ	e878299a43b89fba12d93515aece50468b0e0620a5de82fb6b1b800f8a431ad7
returns column NDLS	cdd1e57e3719dd2bd79d12f7142ea0d79a0d92c2a12b4d9fe1fef90646bb641b
returns column NDSN	818c9c6560872f7ec5d5778d3dc1fb061e84181827bae553fb583b75e96e0be0
returns column NE	20bbebfd3eda379751b6f1ba80fe23521d942381db727aff32aa6cf615a4a167
returns column NEE	8f75ae7744386578d2d32eda3b1b4a232b788cc8632c028bc4b6760745d5e9ef
returns column NEM	41f5576564f7d9329ac1f4c9047831f189951671df83ba4d5569ff796086b7ee
returns column NEO	95732c0dc6889ca9a3610ee557db336c7d8e0166e27d0763fcba69218ec66f91
returns column NEOG	9b711e27a19a16a7c2eccba1d49b294ea9b132173e41a85a337543a39c0e32f4
returns column NET	e364134761e6c844aaaa0c9cf1698b9ab37bdb0ed9cca9fed41fb6439eb3c285
returns column NEU	a0383316d9e067f28ab6284886a0a82c15d15cd7b633442b1d927a776910c724
returns column NEWT	800b02934aad7518c44bebfd3ea6af81e504ca93e937d78b9eb02b33f62c1832
returns column NEXA	794803e505da17de47e8dcd2b857d862b66efad7e7bdec58c4eced286e696fc8
returns column NEXM	29be121b63bae686f5110f252c85675fb3e6a031221ecd3da99823724abd8b7a
returns column NEXN	dc76b3bafae85714f8bd3a122c7465b4b3f1135fa9360b4080507ae621432cc8
returns column NFG	96c3ae11821fe697c5f052e948d85301dc4b71626d0512b23675bd6af7693964
returns column NG	79bd54f7eebf52ff6201a3eb505b472499eab541676516101573930c7138156b
returns column NGG	14335fbeb962f18230ec694d4a91c5fd0cd88a6190ea000f0510e33ae314bee3
returns column NGNE	3164957b7e72b0220a8f3a0962201b8aad3fd6a1d1118f3e38c117ba2a078a40
returns column NGS	ced277047b86547c63487fc2339487c7080789e6711aecc6bbeae8e8ec660e39
returns column NGVC	483cc8aaa6934a3aa37c8198e82b6252eba320d0f459109cf370d21cc2a5693f
returns column NGVT	2bb6289f6da65b0590bb279fe874487e402335fa8aef85d6bded21a81caf58bd
returns column NHC	3b78c67898a5fc16040dc35970598ad31b258c88fa05e9635bd508810dc4a4d4
returns column NHI	342ae39de2fe58c4879cf22c3807e022cc32dbb84c9b4cfc9a1bfce9ed8aa0b3
returns column NI	88524618d1eedd3e049f49be03e902683f6a96d4a193bef4ba78f6f716160585
returns column NIC	3785957428d252cebf67912fe92957241c2cf2836d803dd6e543ab9e3bdec2ca
returns column NICE	f05b4124cc3013493b7cf073a742245dc8500a9dac371ad31b203eb0d5342cf3
returns column NIO	5d3a48b7c582b699b65c8dab381e909c9b734f6a1649a24a470ca0301d5137c9
returns column NIU	252252ae9428179cebe772409f08d830af96c4e47c39764c5167e542d49f8d1a
returns column NIXX	83305c6f86274b4a5b663f1600da4a867389acbd09a6e5b8f554b80fb1755e74
returns column NJR	fa40e4d4cd3e553c56394efddd71f9d1ffd0eeef4624dbfef130eb595a45121b
returns column NKE	e3f9a85e168dc0ed48571f5c243c49305f33779a0807906cfbf748b92ed48285
returns column NKSH	a1f0f83d77089c11878fcde1a595b4271b12006a103889d75cd605aa85a0eede
returns column NL	100325991b9b19481487b184dbc03195bb6eef384fdf9a67a350f56dd77cc69c
returns column NLY	ea3a0e8aa1aedab1cd5cbbb42b3f74b7d3d89a85e90c18219ab2b72d9506f5bd
returns column NMFC	07928f267051c70324186c226ffab2303daff6f4ad475365bcbc5697e371662c
returns column NMIH	baa8ead032dffa01c81b99aaf5ba9d6dc905c781f8a84324b90b993c2fd43a55
returns column NMR	0881f1f3d0e0a2af8e8d399e062728fb7a368bcbec44846f02e8f2d08eff6e98
returns column NMRK	791160154c6f1d6451bccd4a0a33636cf59033a6b912184798fe0934217cbe9b
returns column NN	63e34df122ce75ac06fa305da86606023183a25bc2be808bc04436d7136772ef
returns column NNI	1cbfe0d5b1ada24283e5e16d2621f03f76c470a8fa46179ab7392e639e64b4e8
returns column NNN	25bb57fa5ba9a4199fce059266ea17504d3d7f59e44521f9cad430e3413a22bf
returns column NOA	f23a19c22fc61ea7260c86cb61293b5e1e3c4297ab42beceb8ecfd32d38fe272
returns column NOAH	61dc3cd93be02217517f65e4aa54bc26f79393ce2d727ddd9fcf3eb1bb6e68a0
returns column NOC	0efff3f02c61effee0907a8a0bb8f541a435739f87113ce59baa193399a3341f
returns column NODK	2c642b570a2ff9bd5fca6de464ea2cfc1c23d8cb8c3abdd4b05dcca492953647
returns column NOG	38243febf691263687f22710f964cabb9c7524e36fa852999936cb671a652a01
returns column NOK	5dd5966838ad0b7f8218b70ead60041607ef2a1619a4c919c07873019aa70d0f
returns column NOMD	95c9a2c660a29354f0b5aed8ca7ce08120033e1f83d89d257040808683866ebf
returns column NOV	75f48fd917ce19654799d003b41341c8be986e5210f87cac0dfbc2c8af82f28a
returns column NOVT	79d5f3a3adca0eaa73a84f2c01ddf1b2027ddf2bbfa9261e1dc530167e7ab8c3
returns column NOW	5522d4cce7b8ed02aa9beae3581ab4df7761dfee6e28bed143336ce327d34715
returns column NPK	b4bb8bef3c41c9853f8a9dd96e4b14ba94f04bd2a9fab2dd415031258c45d68a
returns column NPKI	4cc98dddba742f9965dee556c3adde41d5bcd30ac7148ffe8e6783324256133d
returns column NPO	c0441c07bfd7912fbbbd6a0ddb96d6641db32d35861931e86f13982d91ef391f
returns column NPWR	8b1d794fc1f51be7f196c5afc356bd68094b3b1a338fc66d12dd5f949f60e498
returns column NRC	16b6d8afd8b3710b4bb4b2ba86382bf297ebbe3181d12904c6d61aced4e8f43b
returns column NRDY	895de0b092650b3adcb6e573698af855e4b4451924d2651d8475232b2fb4f4ef
returns column NREF	6e1564c8fcbd4e6b9ddc676c07a25559633d6da94c940de657b627356d2d3e62
returns column NRG	74b8ba27fdbb1c234f7afa5c4ab4f327af0a570fb993a43a41e8bc9b722f471b
returns column NRIM	d559d3ef488ae77779099de3446dd3acec02bbb83647918470fc33e804e8c4ea
returns column NRIX	c61670ab93c065ab6e2c844205dbf994a3a0e47b68649b10d4d7ec1b97d1a98a
returns column NRP	5360553457496d3e60780c91f29dc7cf344fc9a94e2ef6518409e4a879e68e50
returns column NSC	37a1f87a01b12759f5066f6a443b157a494b9b97c368c2951f9cbed05e9cd7de
returns column NSIT	8c71aa4f3690c7b4ab73c9dc3e86cfdc7dbe3fc3e11eb767e8f6cccd4472dbe1
returns column NSP	b69167507a7d10767f5b8bda70bdfd93b607deea7ed4da2030ccb98fff5027cf
returns column NSSC	28320d045849a102a9e5d4d589f01ef143263c23bff07a64c50fd2b388deb0b7
returns column NSYS	af805ab451e214b2d39921248ae191f0b3d2148afe0e3ea4d77205ecaa548457
returns column NTAP	27c683a077409c889f157949cf6c063d948db7976aa00bdae1385edd2e69b9d0
returns column NTB	48d1a9d69f81224ccf45460ab8efc54cde40aee2298c54d25c4864d47035da31
returns column NTCT	e4cee1a48ac148fc647ce6420b03fa03333eebbe4a09c1f43cbc468318ec6d86
returns column NTES	28e185290a338d3c56a3b7fa94f3380957177099cd783e0dff4597a989487838
returns column NTGR	8582c4e1e1d97f4dab82eb59378777fd0249e8c7499c2429875f20e4fef6d4b1
returns column NTIC	6a1044f193942f867bf9c3a9df118c996d81e4d71107bef80c0e7d353ae8a756
returns column NTLA	571d29b6972566201cd339f271600a7d7a44a225fde001033a224e07d66a21a3
returns column NTNX	95779e23cbe9bf0f18405d47f74dc45558b2814adf28afe641b5189a9d37aedb
returns column NTR	ddf572d6148772dda41f3d097652dec8496ac509a64bb78b2dc32f8453dde0bd
returns column NTRA	d7f8870a33ba61f500c8724ed2bc1de0cf269faeb7a2f99f965c815858044dc5
returns column NTST	f9e4f64b6acbd01c9136faed9918e429d3c741e49dcf15ae4c2a098562f38f66
returns column NUE	f29cc546de0249a46a8fa28a748afe8bd57a8a3a41a3f87146a1f3d065fd799a
returns column NUS	506c4ebcab4ed81e3285753114b0dc390576cfa10c06b61dc8ae621bb75a02f8
returns column NVCR	505a83a19f18e669b9751370fe064cf300617495a089fa9df1398cdb2f218ff0
returns column NVDA	dc688d201d38c43fbfe39a6c74ed358ba682e5023c9a2e74d8e34536c1fb49b9
returns column NVEC	62a020dc237d1f73b55979d7d3575278585dd349e5565736683545173116d1a4
returns column NVGS	31e7052eff4c4d1a6a5b54738f682059e1e21243bfb33a144bfea9fa6298df02
returns column NVMI	ee6bac6f617acb916e8db9d040c130e28d92c752e046e0e878ae2ca816a6c3dc
returns column NVO	4d0a65512ed2142ba80e6d64996db1205440deb1ce24ba7ab489e830c723bd34
returns column NVR	e29795bc56d1faa54636c7b275fe49d964f353c0ba1ed1d14fdd6edd7c0aa24f
returns column NVRI	ce191f21685dd375b4d88d925de40d00a25285897b6e28cc6d307c0cf5defd25
returns column NVS	20f4470365a6cd81170a1ac5ae9845c532411f80a37457e5e2a4ec006df8a664
returns column NVST	a9bdd09c4f07222dc87326ff0a126af59c7d3bcaff6f31347d2ca42551645672
returns column NVT	993c6300c5a7a54361321051ac2358c05df7f9d3b3c8a71308c1496af422d204
returns column NWBI	e47f265cd8c57ed9ff6a392b69cd3783b5b1e4919c3531fbfff23985260cfb7e
returns column NWE	34518f622d69c38c47488ec34d86f1b8aebfb4fa0946715ff27552f9bb12c382
returns column NWFL	180b432f673b3e59b9f6dade95b439ae3c0c84d9cc2f3ad02f38ddf914495e16
returns column NWG	7da4d8dda11b341a798cc7881282dccbeef672a580f47e4f8bdae386a480589f
returns column NWL	f7ffddf6324db6e92873c26053ad754786d86c2013fd3098947b4d933ff88567
returns column NWN	0f284d4c9cea5af63bda6756b6345fadb4aa1a1d090134c8d2f62c80d5c0fe55
returns column NWPX	d08aa8065ae304ebfa2d15d914233248bda46a9f5f9356fe5c2aee37548a328c
returns column NWS	4b73edb862637e9787d6fea7574665cc6ffef57a770d6d6bfe4e43e17b2b54e6
returns column NWSA	3b48611d063fea867c740d1bcfb855691e522e0ce915daa292c562ca0fe0c50b
returns column NX	20b19177c6eac114d919bf91591eeb76433392301216a517671f8d011b8ac018
returns column NXE	1cab5f2606e71d4034b84f314e09fcd7d2c9e866d188ee863146c434a5ab8bab
returns column NXH	6347394f4f097cf462b5d7481ed5063eb04eaff4901caaf7aadced8d340a0fb2
returns column NXP	e5902e22051a06869abe7e69cee305d4b3f9c0fe062576f0832fafee2721426e
returns column NXPI	5c5eec6f2393e35e2bb5dbea3844c1c6a92817de18cbdf17937ce6281ea3ee9f
returns column NXPL	4dd074b2583094d236aadca6fc9078475f4eddaf53a99eb17f587bdded95c06b
returns column NXST	b390d0e6cb72eda7d5a78b94d5ac011fab9ebdbc374470ce1b4854133a173806
returns column NYT	46d824858b4adc97f500cbf6710a1029eec08b44aeccce64210be47dcb9d5134
returns column O	af2f1ba1ccc9b325436b197675c863e351a4924f2c75d5e50f6515c893d854b8
returns column OBDC	9f0dad837631cdffe67fbe30139e4b1104938e291c1f635a044fb8615c691726
returns column OBE	c6c3a2c9853c407637ce24991a902f40698c03f2f61c644e0b52ce14974a3cd0
returns column OBIO	73ab37c5d1e3351c5c3b0d4ce810dbe1e93c77d2248a64464bb5dbd8d6b86529
returns column OBK	5df1d089767d8d2d6fb62338c24e58ae6a6dd33ef0927fca2bc2c3808dacca8c
returns column OBT	83b77468bc7637015d1c314bbca813fd0a926fecb50325f654089ceefa1b6e12
returns column OC	5e5598ea5db574749529321a17dbc145033ea87114b8d7fbcbbc61fa391c263c
returns column OCFC	71dd9d392826f9a72199d3817f60bf1cc06520f5761b3506fc61f2a0964241dd
returns column OCS	b9d4a54112a5c498f72d231be4465d6350657f45188769a60915f39e7e3a6b9f
returns column OCUL	9f369ebb98fba8c57a54c5358e766e53b54b9d9308629dc6f1e059dbf3cfab60
returns column ODC	8430316170c70be1d14bc76e7859ab519189ebe7e2f1b50f120ddf313388c153
returns column ODFL	f4de00d6188079e44a412e577dcb4bf46aa0f41e2bb6fed5c6dddb39389dc5a2
returns column OEC	df34139ef15d82ebdfe760b2d29c35133f66e72fa75490a3a91bbaf51cce0ef5
returns column OFG	75d221f27eea24bf17841172330d3dfd65b1bf385d1f3ba51e0902f9411f379f
returns column OFIX	abde462f2199bebb6f7eef87117bd99996853942b50f282183e5cc6bc26682ce
returns column OFLX	2b04fd9337641a0ccfa44161c9b304b6718becace5766c2b945e3e94ae38d59e
returns column OGC	344fc897c7cd6b129e3dcf203aeae6a431c4649d94924f37b32d8094171112f1
returns column OGE	951f355e2538fe4e0f1fa5c6ea6efb006e8eaed32efcbec9fdb3f65d88c9c529
returns column OGEN	d710bc4b5bcf24b059d29052a9b40a6d901531d425fda99ae0066d9c86f77add
returns column OGN	320073d2d614e7c32d480853fb43a6ec6d2f832cec1352450e175561b5b207b2
returns column OGS	c4983ad9935ad732c4b0a1e16e16136a2f52292d530766586c6004b36e13d968
returns column OHI	7be8d407550719b8d43faefe3e83fa54c920ad7f549f9fec5bc04ef7b5f11258
returns column OI	c30cf88cb14f2c59a812fff4c6cad68671307109f9b7e8eef559876e9ad2770d
returns column OII	3b3495f1c8bb55230c51952fde86f57d724b3a850f00d27f97934397f0f276e8
returns column OIS	a90e3e5ae725fd5e842c7f009c68b121bad47ee903786b543e77f0dad6cf8d14
returns column OKE	3172a9697b30e16b7c9de0c24e044daee44b79bfa43974b95671e403f48a624e
returns column OKTA	db609663734800b302fcb9a48ee49c120fdae17e2356c295f32c8fa6a2330219
returns column OLED	552facf0cb0dfa401b276d30093b58083f11deaf60a5377d5aa039a2ce983a70
returns column OLLI	3acd9ad96fae1f0fc8832423f2ff6d59919ea185033fb02c1c6d60841c0b951b
returns column OLN	3291f9e45869941d364bbc21c6b328b094ec5dd59126b5fe2bb0b204c7894551
returns column OLP	c36216db11ba9fd4cdbf294f3a7a3ab0b98b6be6fcb64f4def2695ae06a51118
returns column OM	3f647bc238e2df267ad102446fda29dd04f261cbae17c57a57c50e2a00fe759d
returns column OMAB	946027df5e37076a492b345bfadbf3518339306ea653e49618412fad30b3cf00
returns column OMC	02088ab65525977abea7f53952c4af6b2696c9caaf593d68709a0d565030a4d8
returns column OMCL	5217d7126f2dd5397db7ec2af4f8535775c1b04dc8708f7b731e69bc4c325c81
returns column OMF	b3a667963316af9737f110dd90218876e83ac858fb21c90341b78e1acae3f784
returns column ON	19f71a6aa78fc5e8d306ea29d88aba080529022b03165fcd4d66bbe9946781bf
returns column ONB	afd253e96540b5142e5f336fbf4731a7c2a8663645a57498ec19dea2797189d5
returns column ONC	0f96bd03a89005f9a7de9638fe4e1c8093c15094b873ee32cc712638ddc7306c
returns column ONEW	da422f1f1254d6da96a8965872941f11c82c35a13a24b448e3bfee8f6873bc87
returns column ONIT	43c4047321d8ce03bf68dfcdb585d507f314c9f2b6844ff44cf35d7860877c39
returns column ONON	f4f0548ccac5d7917d63fb569b4b4cbb81d9a36fe9328b835237a81926588506
returns column ONT	b1f7414bbf9e38973204973d25d09416c651cc8bd26c4414cdc14ba9e7b679d1
returns column ONTO	fd965e5d3e53459aa556638e3c03769da7bf48d2b7073e05a60ca7c4a229ec43
returns column OOMA	d8f95c635927e4e700f294625a456d7884d44d09672fca838f524547ad7d6696
returns column OPAL	8079fa50568edb47a36a71fcd76e4c8cf6a49c25257e788796b69390984428de
returns column OPBK	4c0c6c9bdbe313d5800c7b5638dc12e190e74a187b1db6707f32edfff6816ce6
returns column OPCH	55026f798e80412fc0410cd341de5c17185cb81fb79dc8d7e999c57272189fa2
returns column OPFI	11e772e4f7cde4f2aa0a3d915a582bf8be6ebfa114bd6486fda613450dca13c5
returns column OPLN	fbc4d2b1a7a2a534d844c106bef16e9e42094be8e4d5d2a3a4fe5e4c4d7ddbac
returns column OPRA	0f8200164af7e1399ac66fbb9c370a956ab7109c042a94aa048ec3c85da94cd3
returns column OPRT	4da66fe32fc9ab80eea4cb6fc5269bb7f95db7947228c36f524f2061d2e19997
returns column OPRX	092c4b39505d6a93bd6000d99fd3897a72ade07d61c40616f5efd2656cd0058e
returns column OPXS	643f02fda046145bee78544825ea7851950bf37a18d963da7c27c764981897d8
returns column OPY	c7578f4aef210bd45d4c80ac2fd183b4db3e7bc3b6dee35e41fc9efc5b903246
returns column OR	2be952932949f304cc3adc56e86e78ea521a1a6dd0513933a5fe7dd2b4ef5667
returns column ORA	ffcafdc932f1076045e4f1e79461fb93f3e35bc7f4a40c3da705c9ef5b41a162
returns column ORC	8739e838d25a264325b4a56a9ea0f84c4dde75682a4e756237b5291db5447ed5
returns column ORCL	3d10b634c1421c6774f87ef6e3151851da3c9bb92216822773cf5878885d845f
returns column ORI	58e792bc56ae701264f45d121cacb5b218c0669536fea4a492c1287f7cd89489
returns column ORLY	2fcaa7e1f4107998b4a5115bc1c6c9435fdeb9e9f9b07515175ba5f1a827e48d
returns column ORN	d48bf11670d47f47fa29731949e6cd0415e949a317616bf8dc9aa3364bbe0474
returns column ORRF	3029a8d2d6c9cd1acf4a0373800e7190a4dda8c3097382021713e6060ea18df2
returns column OSBC	adfc3e4849eee51e893d85682e7922592e7df2fcbfe503cd1a14e09ffc0135f6
returns column OSG	34a8be78fed0a12ba6db6a12ead8c79a5874b0ac02ca3a2d72075ae237838254
returns column OSIS	2a4e79849650e88e7ec2e2d057fd4c3ccb787a636b279323c22776e4244e90d1
returns column OSK	fe4e9f5a3023c54768b2efeda810228209b6b5fe23d710c74d9bb35d74fa59b6
returns column OSPN	21316a610471b4dd1722a3e4bf97707f46bc90d5e2cb7613eac8b18867ea3619
returns column OSW	fbf9fb269763b120859e7d47e3016cfc4fd9977637d5f19f0bedaf018aaa7ee1
returns column OTEX	9c312e8a95ea97207b1aa4c7d2d2fc1f78d92035dda0a7d370a1c2b1e3d8ff49
returns column OTIS	83ddc6f53990b2bff294098feba4004d101146e20de86a801dfa4c3558d8ec1b
returns column OTLY	c4f744a577eb885625560691727bedfa56ed7b988cd0a6d170518c054f5b6a13
returns column OTTR	fc774a819525cdbe6f1bf5633b9ec52ba0b52e8a25542e2db4e344437f521e9e
returns column OUST	3708aa8ed444eba305f10079d3c42c7f9d86b33b5e47fc4079c8d05fcc75617e
returns column OUT	41a9f1190a7435c1fb9f4b316061d2e61c80c5b5c55ded86d679653fbdc00ecc
returns column OVBC	c0bf84dc3df03a53a0cbdb85e3bea913752a522b553ef23dfc3bc6d4fcd74b94
returns column OVLY	a3f88ebb74792b7ca963765acff8a2a1b856fbdedbad0df4d057b06b8b702f46
returns column OVV	1077306555750a5f9bf2b68e144de4efcf55ae2f0b4c6e2c6254a0b4647bc12a
returns column OWL	daee562f1f3d641272c85c6b05b090615b7ced1fed9a35c836573193d6152b92
returns column OWLT	7558e1db70ef6f60152404554098d42bf522a1be2dca2da417272e2d7bdd0537
returns column OXM	d7db6e1a7f7723a5a440407049f7b911f0f95555fb1bc52c9070e84f65cd2fd7
returns column OXY	9413c5e22542a394b65079240912c6ad0aeb876386de0be5a6c1ac48ca8106f2
returns column OZK	6c35ce57c5032e2f34aa3c8e58f0a7b359b42f088c0fc691106c66b17f25ed3d
returns column P	5ecc45dd809b46835a47427485d05266f52e986140c20b5391480027d99c2008
returns column PAAS	373b9ded22a571c99ee6378de561ad28105b6ac8ba4998fbfbe94b3243e192c3
returns column PAC	4a72ca4ad0a3594e995bd25d64386b38439a35d8e333036e72026b46a709bb2d
returns column PACB	a60c3859978580036e6f20fd18f8d24005a3cc9709c907d0e213b2f4f1f01444
returns column PACK	4f015c22f0932ccbe8b4a125865c833632ccce887302dca123d54f5b380c9acc
returns column PAG	ee4afeb6539dcd600838808b321fc2dbef205b39e5c2fe9babb72011a7f234cd
returns column PAGP	3902af1d8c8d15b5c3c02ce8b828ae1229a4ed6d385166a864e55a4d6b999eb0
returns column PAGS	ddafd24ec90c9f1c4e1f1546f48bd02dc37cc829badaac1703075b58b12a5563
returns column PAHC	00ec85f9102205a5b6860f101acddf39357b0e6a47f6c7ac50251c8812f9f939
returns column PAM	7540523ae2f7005ff0003e84f9ac0d7c654f38321691b39f776ffce12a98385a
returns column PAMT	a18c3c1c38c261cdb0e624c6482513ef9d9e65889d95f69dc79d4500e65c2d95
returns column PANL	9097013b46a242c9a6e18c442c9da0acc40b5adcae134c7d58dfc4ff91ff127c
returns column PANW	6611fef3c105035c2e2d6381b3a85d16c82fb8e116c0005baedc13a5202c9e77
returns column PAR	1c10afc19968fc59ff2d47aad377199e70347c6b1f461ac34edf91a7ee76b1f4
returns column PARA	880b77bfb619cfb98057c2a139a9394de9d336d28d5bba4b89b66b5bcf991411
returns column PARR	64c49309dd32cad09ec64ff025a7e287ef377bcea93d8a8d1f6b810f72a8a3f2
returns column PATH	9ff84883c21873efaaacf62e60402760fa6faa2b74deff542e1f5dcb805c576b
returns column PATK	6e6917032a575bafe2132703cd5934e9bb409feef7074bf08a05ca4337e29f62
returns column PAVM	d792e0c651d651574e9ce1ab1dd7c8c682063b63397078dc6843f61da5c871b1
returns column PAX	9a653ec865efe2d8aa4f85f5a5e75d23b4efa3adbaef9d4ce487c7bb47bbef52
returns column PAY	5da000d8c4df6b93290490d3f316b1eb1b53f3aa7f5d0406d1495b0df5900487
returns column PAYC	23e351005868d1da1afe629d285f6160136a6df7889da900deb1cff0ce793b21
returns column PAYO	449095b87a28be7687e7ed73621efcdb3e1cb3b39d33c30193d423b6a02ff32d
returns column PAYX	2f376623436c2199a8e597cb53519c4d05a181a535c984dec64f988e29e70ac9
returns column PB	eff2e45a681cb320713666237ee9247ada0709409d37e67e3ec93552e4e2b489
returns column PBA	71a3cdab7b09b71e11e4d2bd940fc425e44f40683048e7defa449ca6fb101e21
returns column PBAM	307961edefad4f7d9c78da975ef3dd256be13cde749ba8e5a6b3fdbf4320c3b8
returns column PBF	4768629a7bfdbfff60dba7171d810f360eeff2ed34382cdef3c758d129ff0091
returns column PBFS	f021a2e11867bb7c29b4626afe239ed6dc029751ff579613551c7a6a81d2dbbb
returns column PBH	b556741dc872a3a90e2626fa5268910adb3e46ec6ce6cde54a13f32ce60eced4
returns column PBHC	fa1ab6dc4cc12be341cf54bc4e251a8289124446906b7c5d2298afa57287c251
returns column PBI	3dd9032e2c73e3e3573417f8f9349aa2e5c0987599b3a13ef9231216d0dd69c0
returns column PBR	0f459ae0af0098e99b8844aae6b1a6436a399ecd2ac0d72f8d05c09afaa5657d
returns column PCAR	065f3e5f2873f48127752765f1e84022238e36db54e85f7e0f17584dd139556e
returns column PCB	8aa9e2c6e213a607c6cd44e0ef15bcb9ec193212b5ef05cf675085c05ee77ec8
returns column PCG	ee06f05e127dd657814747de0add85f485fc11527b1ab5e493ad054910bba719
returns column PCOR	2725b9cbf1f69b792731ca617eeaa641b42e2a576c28f9e7fa159c5a23ad11a6
returns column PCRX	2054243a73df112d3a9684e84f263bddd27cc92b5118ba817dfbda2fcb1a537f
returns column PCTY	5ede60e6a054c8c17e2a90f2cd7917fbc9bd69fb08c4e0bfd2354304edea0ff6
returns column PCYO	b364c1c936b3b7a8daa3718e0ecf16b3053475ea0c11ca120867bd077a517b03
returns column PD	a00c9c2d40a6f7dc9a09bbbce872d17fe8be53de9209c6a4442e62e8fb31e0d9
returns column PDD	9173f10475ffe9b5023b5800a34dba04589dc0e48788ae5b367fb418ab67587d
returns column PDEX	cf37ed5fff3b798a72f15ed6ed88fda206c5e8921b859757bc6853e218cbf227
returns column PDFS	c86888bb8d1c5d3a855d7d5af7668fbb2248110b993580b3efdacf77a6af354a
returns column PDLB	d5d93589b6275a32f5e8abb3012a25fc5c70e96c2bdda57866aee4f2be80fd1e
returns column PDS	f1a30fec8f6640e91d70ea54e9296cc4373e0228bef4c942e49704f48efcb4a3
returns column PEBK	a934933e328dcd1855e335fd6b7852890029b5a5f4e5b890f9396648b03aecb8
returns column PEBO	6053644f407362dd7277b48a63d53020fcd8b83bc30c9391dcae594f26152975
returns column PECO	874073c80d802ec099c8df3e577f5b6a2d82e9f59ab7809db88b9c447213ed36
returns column PED	0abaeffffae401758e627937a35d2f2fc2a9765c5fea383a956fc9050c5ee40c
returns column PEG	9b718e6bddf3d87b382f09573007f69b53d893ea25d88382103af451b4fc898a
returns column PEGA	5865a17d818dd72c6a2468670f20ab40a78f806ed7591a568096840d2694ca07
returns column PEN	69f9d7f0ce232bccdbba2e864d5ce120fd244a87985442093361540e187629fb
returns column PENG	05d07c7d9613aa46027dca4698daa718e66f834b2717d6d21002c7c0254a08ea
returns column PENN	781e18a982de73d80c811b2d478e1b12cdb6626de40bd8adc4cfea5d0a0ffe61
returns column PEP	71910dcee7f5a72b3712557bf57d5522967fd12edcfc092fd95437de1e26ad9f
returns column PERI	ed529b3ab6f230cd67e2033a2e32fba946db013375cb805665734d8e51d081d2
returns column PESI	1df11db202dce7a06792404d51209b7660377f819c2aba726fbbb609a912cdbb
returns column PFE	e32d4198d98393c459ef902312ec0cfc53067caf55784e5dd2c8b671ae99d033
returns column PFG	df547a608590af51706adabccbcd0decb32d320ccdacc844ab08ba792774f1c7
returns column PFGC	f54f8744e658f3de1f7f4d66f23d9c95156b1b0127a7eb1a2e109665babbc0ae
returns column PFIS	41baade052fc1664e25fc9860709f32eb63a754733056d88bb280b408f2d6064
returns column PFLT	cee6eb14b4a424a3b9c8989c6323b6a771e465e8e9da4c56ab93b23a0a7a5d28
returns column PFS	a59be24efae8fb0aefe9302a8359d1cbb53489e15d31776bd38396353ccf4fab
returns column PFSI	6a678b79239ae71d2235dd3b1f61877595cb8a55d702a4e8747a8d9649617eb5
returns column PFX	ccf0abf910746ab37e66d70e4dfb79f48bf1e57376006940e8d51ca0cbf41252
returns column PG	4f79651d547394fbf87991d06437e3ef845cec3ca3e0071ccf35ff7640cf3066
returns column PGC	78c45d19f389d353f90a411f7568c82cac572dd18b33b3ae6d3a911fef185ae0
returns column PGNY	9101c9452a55d5444b3afbbb44615eb546c537e106c4ed9d21819e464ff570bb
returns column PGR	ea9235fd4e6b26b4999cb2f31cd087e192cae8c3037147b1ea27d23a9a9c604f
returns column PH	0eaae2a0ed525c5423fb15686f0531cc01f663e93fcc962423616ad674826db1
returns column PHAR	0d2d30fef6c5b403fe51dff8fd888a88535852d40c132b285ce6546d597682ef
returns column PHG	c6544e3cfe06bb00524309b874c107e2f2573a84f4f268404bcb332d117db797
returns column PHI	b765b18bd43e196ae328840fb5714988990d961a9fbe7c56f712a9d864356d4c
returns column PHM	7bdc6a1f2251a83194624b4ef81577d36f66b70c0d6dbac4d512c3c228aca4c8
returns column PHR	6b279106a0eee57025cbfc4b6e0bbc0104f6c680c92e23a4fcd3e6d9154e8712
returns column PI	0c20ce461b97dff3e5d457502aa6dba04b9c86213dd8b5a1a7d8db515138c9e2
returns column PII	9d7879f9159e638ba5f17f05f0d004e31152a9da797da44c9866608e1b4f8b53
returns column PINS	d6b599c4e96b4f21a0602b4ee7494ff147703c70fc5cdb2ac78915a744cd5e6c
returns column PIPR	fbac2343eb129b6a9b883076abbd56edbc66d34efdff01875b321b161e5b97e7
returns column PJT	70cd37a760e10feadba74f762e129fbf4596a7b4ea11b8616854e21a270c66ec
returns column PK	dac7cc710cbf043a84e382a26088c27e7c43e602920c697a1ac1d6cd8d0851cf
returns column PKBK	de8d76ff9c0b57310a5d021d1ce5130817d737f18d6b6b61c8c78b7c39f883f7
returns column PKG	e0eb6e57f075502f4bb2f4803a7794bb53c1d8a3b0a68ff39d454673c5c41101
returns column PKOH	12a173a26af3aeb3e67efd814154497657633b07a037849052482c401ad4a1c9
returns column PKX	cbb67f05f0c9ab311cd2012f86c88ad6b38878b12ec49a3fcbf58c33ad945304
returns column PL	b051867f6c7fb24f508950c21e10739a7d47fafe9cf8a402d2090197ef847435
returns column PLAB	db7615d4f2d3c24ec5ba6056bb70e2e33093e4033f3bf712d575b9edfdc84b31
returns column PLAY	f90590c041741436c72fb0f8a7c12d5d02cb367e479d97e6629415878f132b32
returns column PLBC	3183af0b0715c1313912cf6f15fd62d367cf1f07dedbcb3d6cdbe9e4c43e3d3e
returns column PLD	70d81e3ddbf30eafdba51578b69bfab896249e996fabae01e66bc0d27847dfb8
returns column PLMR	0db3d1a10f6db4628ccd209f968cb49fddc2c73699f43c005da977242dac8706
returns column PLNT	58c46383132da1d3fbf6bc9b3849ef5d681c5e6f0f1751c2742213c37ee7e561
returns column PLOW	3b8e8c0a8ba8ab0e624d2922ee208596a0ab3270ed6eefca66ab6b49be40296f
returns column PLPC	5bf6181ca011283e2d4d18b5974ffdc0c8d03dddac0b6fea95192d8dd979af65
returns column PLSE	5f2a6ba4db3353bb7c18f02303148dd4d5b23d2510f3c4a1a9c4307061a4b558
returns column PLTK	66c0220e4dbb14d3136f841184c4ecefbbe8318c77edc8b9e349629a9d7f0f33
returns column PLTR	fba8d5a1a612607988d8b9bcb74cf841050aec94955a1111e09943f9b358fcd9
returns column PLUG	2bd3706a1d1b018e5c32a7fdb3ffd441f2712207bc508a3f493c07e18f81d79e
returns column PLUR	061229812a5ef1eee9fc03f35c858e9fafcd283b05db0d52a45df9470cceaae2
returns column PLUS	e4a2bdee5e14d33f796eae048b5529bbd62ed94a2c46a1e3683d7c268e964d7d
returns column PLXS	657f161f6ffee63d514672942ec4287ae7b17557feb487e1f424c40eea288703
returns column PM	572f712b39adb4118535b8ae03b64beeaa3fefcced49e523af2de80c0172bc10
returns column PMTS	37764428a4ff40183b4c733427100496e1f8eec213173cef881a657393483897
returns column PMVP	ff6cf76317b131e930daa27d2f895093d858c2cb04dfe7d18cfb465f11f1a40e
returns column PNC	cf35593ceaf27b025541e5983c49f3c8eb2b570bc5289f8bb439250d14465181
returns column PNFP	3e451b838f555a0855465c54ad1281685b2f62e8345f9ba5d21cf246744309d1
returns column PNR	c72680f9e5b63d33b58e3c59bb398a5abb69660cab09033f351ee2a066b47ecd
returns column PNRG	ec55f8997db9d33ec08b1293369727c2c7e8b5e74db6dcc422e4f64319e6006d
returns column PNTG	dab300c22d8f8d486d17accdfaf713d7209affb48875dd849a4714ba90cc72d2
returns column PNW	c4fef916a817cc681881251121cbbbb7ff19e8d0974cf96ee58cf72775c269d4
returns column POCI	787b33b4071bb805e9047955b7c79be42672ad141c3cd4f67866a323337c43e4
returns column PODD	9da34a4b485d8cea9a828c5189ba21979b2f910ec31bcd879dcf697dc0376b72
returns column POLA	846982539e99d86562cf6ba37e506d9d70fc9e90d5c5367347cd86a01ba440ac
returns column POOL	07210f820fa36c014b33012e8243b3484c0dff67bf1961166a1eff2089c99110
returns column POR	2f191168315775e6d13089168837c3f251c288fdb6e8a8a037084cb2c1347c0a
returns column POST	3fd8717b73da1da5e3fe718995fd5b8a41d29a1a3019ba1f389207915cfeaf33
returns column POWI	db22a810aa90665db78b9ff486f9cff4e3c50636f57e3e342287022ecf396109
returns column POWL	d164885604b7498f6e97b2d93edde3cefee5193c6d2d0a736a387ef921c8c51a
returns column PPBT	046816cb917a197370faa88be18495432690a1477746ac48fd0bf3185ca44f2c
returns column PPC	2d703fea53d907d8f754d7f5aaec893d4ffa06ed2ebde0b03b3ef485d95271e1
returns column PPG	d4531ca48295b6e421df7b8626af812f583d27d33724e23b07c3f34256afef9d
returns column PPIH	1d78bd0f62e5ac13a9430de4e87098d64d59b1ed86cccb512aa46b455ecc2b0c
returns column PPL	1dc3ec27b9e5dbcb582573643f51f08d590e670efb2f6df56999693769171ca3
returns column PPLI	7d80892fe4ea56870b243497b2407e15ff217fe43c4aeb2f1669afed89f80b22
returns column PPTA	a8a4f354c6a93e1df64ae84a6827c9e91b3674017ca5068304a8e9ae5be8e2fc
returns column PR	8baf0091db18ebe063244ba4f1c96198c77997d29bcb2219b5312f07ffb2daab
returns column PRAA	11ab70d8be9da45ce605b1f7790ac486aa88f0a0a1693b18bb0f8d02486aafec
returns column PRCH	ed4b6bdadda22c4650dfb907c66bf74642b856a65b4ef8cfb3361eef2be2e325
returns column PRCT	01f8108dff8e6db2e6acae48a298dc0d0e705df6ad5408085ae6bccf408c31a9
returns column PRDO	8d4f0faa146dc328bf6605aaf38f152a7a431dc3668dc8c2c54d9542384a2a71
returns column PRE	af4ce5ab59825b3da73745e5ce02b07a894d07d9f912dee42f5bd9cc6d26f727
returns column PRG	432e62118657dd80bcddd658d9ad3b1d64cb8d90b4868c168e4ff0f736b03cf9
returns column PRGO	4442f50211fbee7ea4bf300ee64def4d14ee448b66f36ff4f662005335ee2880
returns column PRGS	ff8fe629fa2c2c21b52366376619e7f5741b36b03851bba11d71165d6a04e2ac
returns column PRI	77b3739048992cdf8697844e161f0f301d05cf21da3270626152a87595bdeb96
returns column PRIM	89a3840758e3f6b7d637f72b5c6b5354a3918dc5bfe6cde232ff21223c7046f6
returns column PRK	c9e6fb87e19ae990a42b9ae577c3bc6e541c0ecf8d445be7d86993f785087703
returns column PRLB	35d42f581aecf42abe46a474aa5e9451d618019d684ae730b49cc9d3b2717463
returns column PRMB	b590f6b054cceec68cf124d163678025f667ff6e539403856b18b6c68f830016
returns column PROF	fc34b957c0a8c0ea9fbaf527f6eccccf704aed6c8449e79bebdf234fe425c460
returns column PROV	2d16c6f22ba7fff5f9f7d91afce451774c0bc14cdcc4e68d2268e02d40181cf0
returns column PRPO	d91c468ebfedc9aadc1511bbf7b234296526454066fa32de9c71e2150d899b6d
returns column PRSU	4ae2af7610cbd7fd8e40145e9e4d29a9487a2e33f6c3646ef1bab1dc817d481d
returns column PRTH	51014b238a2ba5f349c627bca1ec12e31984966d3de3a316df43c57118a11ab9
returns column PRTS	f973cab3eb73c35551c55d0196d8d723798ae8cdf584001967ba36e431ec5cd5
returns column PRU	3f08427e90fd7f9a200722bbc1d05197ff43ba9b785e70a4118e9a7511ee31d5
returns column PRVA	5fd7898f51b7d95b8bbe7bf6223f9cc1d54fd7e5429ab2d883ccf7fec556e720
returns column PSA	99549cdad5b77cad62bdb011042372a835453d2de6af87205204de323f141297
returns column PSFE	14b3564ea4e8023322fde05f33d379f90c90cdf2a336bcecc1035e969ccb2980
returns column PSIX	a72a9ea25c7c89afbddfb131967255752aa98e94fa138511aa7145cb62ef472d
returns column PSKY	e2d7b0061c3b82898e74ea4a55c569462840a962502a9a4d00d5328c285ea534
returns column PSMT	5504d93b8221fb7c3c2b0a1ce2e228973c9b0e885be16d4e04f9e87bfb64fe05
returns column PSN	b775cf6f4f3dda6e02ed70fb696b3520c1769a32fcc3356c87dd5d194fab6739
returns column PSNY	81b38b1c554c6f7f72b056edd5ceb08e87a62eaaa6badac41b07b1ac040f5e41
returns column PSO	69bf41b5af17f815714790207ad6cc85aabd978630c5829be9dbe3deaa3177ff
returns column PSX	6701c094806c5cbc282f0f2ba94f87b6ab7e0883e3bab3d4725bf9e2f86587d5
returns column PTC	9c64a6f1647147e4dac900c4141611f581c3ab00c1c873a51c4f746f41546a54
returns column PTCT	d674f0c8e2d4b7b1ba3d86962aa46c3271d0b0cf2965741d8f43c34ef6daad05
returns column PTEN	83cde961e043dc177f11a0f6ed7d9c4e18218bf35f302a70b746dd483a86d70f
returns column PTGX	5a68f32a9dbf6661916ccaf19f8927f977d028dee5e634bc50e2a634100bcfdc
returns column PTON	6dcedb604bcd9cfc4a599cd7a967304e01adb11b954e3e10aab208dc0fbb628e
returns column PUBM	3d4e910b4be73afdc05d9352a6ce960ce882b03b50d985275523ea72da5f9bdf
returns column PUK	03541ca138e61238910d2061c06b50c6b155bbb85f734c68b115b596d7fde93f
returns column PUMP	8df2842762743d171c4287a65944ffab7edff75438d638f304c6e9ac6d4e5127
returns column PVH	ee79f5d51a489d4aae54b7e7857efbe26e498eed7d7822562d8d480dca246cc9
returns column PWP	2c64e663558ad7d337538ce1e90835c58920d064a53339c663a77ea9180f52a3
returns column PWR	352517b87c8b2abf0a8cb76559fc6d329dd36cc00cee77dbc5eef918c4522221
returns column PYPL	d6f6140419052398b18e63a0aaa23465f48183826b294caf156a6784befc252e
returns column PYT	8334fb5f002b227e15df52127a986b6755d7b6bf852b5c598c6492d2bacc1431
returns column PZZA	d969f0667ce3b8dbe7b40b834d463c899efaeb4a92f2c91bc6a6f35066576931
returns column QCOM	279d909bffca316894a77aeb625beac8d1fad1d2bf89a3a1a55673095b6ee8af
returns column QCRH	071e70da6ebbacadac447f6d704eb3ae30765e6ce5066d234d33b30ab719cc86
returns column QDEL	0ab498e885ca6b8638f4d2ff3c40ad20893278d263eb258973956543ef877e52
returns column QFIN	7b780168a7d2b638cb4423cd8c385ef63a01773e46e0b45cdd3c6b6e9bcdd8f1
returns column QGEN	c57431b9c5fb71a76a8ca8a04e85c6f77a3d2fc3baef9f1e61f8ecfe4fd126e9
returns column QLYS	79773093a5023938f8c8737100104e18e076556f11715131ce2f5f42a8145fba
returns column QNBC	5c26fb7ad8beeb0d762df4f975f43acd348b1486bf04f3c1fb88eb3d4b083727
returns column QNST	5f842d8669e5b00ca2d99142dfa03f5e4f7d006ab907e0ecee62d56dfab489d7
returns column QRHC	09d8d079a865841705c6865490be6c0fde9190f346bbf996672067cdb3455355
returns column QRVO	d30286a0c081b5b6c66c8a85545e7c24d495ddc7e076b48d3aa99ca521c59885
returns column QS	99e861513c7f44ba50cca34644121b42c7b1d9f52ea4535112953adfae792356
returns column QSR	505ea70dabd5c1698e58821f1f0cdaaa62aad57a833d5f9555386b6a97978ab4
returns column QTRX	b6646940fe2eeef601c4577263e453ec1195a8821afc8031594d3e0e9bd542df
returns column QTWO	87b95e5efb84ce84c2b534863d2328eb41e16f85328d0af18d128570442aefa8
returns column QUIK	f0c5cdeaa55c80025354358350e700010bc41e65c9b6344d70611ffb880862af
returns column R	aa270e7f7b6ac420b11454d23e74acfd966d2bf1b5654b21ebf67d7e858062b7
returns column RACE	6bb884d7fb4075a60bd0645e4ccb02012e79198d0ccd017e8016d9fe6b8b9a4f
returns column RAIL	0cc99c50d5083ebb4835203f285678c7c5c2204fbf1686ffe06653f874ea6fb3
returns column RAMP	3ef90959af1a65b8ca9584aa208621ac9a3d4f427bf17ffe84b12fbf434d5add
returns column RARE	cb51bd15b8cc1a44a9f0139b4fe1d48a1faabb64e25128bc0f90898fdf46ee84
returns column RBA	f966ee35df6117536f91140e31468488347bc354e897ec46eaff4b1941ec4f65
returns column RBB	1260437f1486a209e7eb823a054e114773d4cb94e5d6d7b0c695920a7ea6a760
returns column RBC	242d58925213b446c6a3ea6dcdd45d20d6c372a4ad34ff4ad3b05a1ef33765cf
returns column RBCAA	15dfb3c157d822432c4d3b088ed2c13424e510d5c47dbe4f2a5d8d8f53585fff
returns column RBKB	5f6634e65a931547f45e6d44391ff81dd4de786c09da8ad5fd2210661b27c8ed
returns column RBLX	d58e1b07fb9fbe4dac5c5fd2171f23a93c2f1e4b306a75001ebe7297abf508a8
returns column RC	ea83587d2e18de233f4bdd1847e0ac519db212c8de4bd5dda9c1abccd71956f1
returns column RCBC	0dde65073fa9631604226d36f2beb45bc4b4550a6ef6f9c3b2707f075433c1f6
returns column RCI	86996cd61f7cff2aae439deacf990a6df7cee079b60064788838308a23214d51
returns column RCKT	3db534a5db7292dad4f72f36b8a3dc9896c26da965065b4f373e029fa589f5e3
returns column RCKY	68ff3cbc2ed64220ab7e75786b5bea0fcea054adfbc736263d6dc735d0d6b086
returns column RCL	2ed2a0119a2f01ddf17b2b4cd9b8a2081d6b51bae999587ae186563672f3e288
returns column RCMT	fbcb8b4822a7f3e541d03c8aad469dec9d26142b2dc7bc5e11d81c854064ec74
returns column RCUS	0de91a919a088c8d87c12546aa71a00e5501f3fa90a87e9654fa5eab94af44f3
returns column RDCM	d40b14ac504a1c6beb61afba228bfbb8ddd4f956b19248516d04d98eca75e8c1
returns column RDN	1064857c974b9e6a4376ab62102f42bd5ccf97394b566176c3d56935a11d70f5
returns column RDNT	f7d6db0993464313bd6b233f461dcef4f49fbc0df0184a161ad384f4ea8cbd6e
returns column RDNW	fc8a92c751f4b1b4bb5f39656b97adb5226f0ab74f27ae12a09fac8d1a3a0bb9
returns column RDVT	39c4bd81825ecf671bf88336172b3d1681094819d651aa7dcbb4e7970f8ae1a6
returns column RDW	c4d7e35893b5a0bdef75ec6839a763731fe5319c8f4db07c651233124029f418
returns column RDWR	3cb7cd07f8ce961b5e74c1a2de42768d24cdaa9bddcb4cdf690099b196ec4748
returns column RDY	05cb150c519b890cb478b39c983f57884d3fbddf9411079943c387175a9bb010
returns column REAL	683b3db2024734672d371266a03fb28e63ecc28320da7501d18e74c5dddecfd9
returns column REAX	903eaad751f9447786c176ef2fbabbf43ede15a7660496527c78320f5aaebd3e
returns column REG	417759823082690e8fc9896da6303677a5b62162263ec07845cb9d8ae12f462c
returns column REGN	5d8452839d216b9e306c84c5256af71254b0473c7f431b1b8b14156e7b0d78a1
returns column RELL	40c8a086d84464981259bff4080473610241cac30e9ad925beeaa8da5d07b9cb
returns column RELX	0adbb44799caa0846950c9a87db701393ac05b0e463ff66ed4e1d432c9cd4f43
returns column REPX	e959f793fa1fe12af4d95cecca3b9a942febd89ccb4549a069ab3f5c322424bf
returns column RES	e863ce172ad2ef155309b93a9cf44408b9e9edaceec6176dd3a9d6d6cd790643
returns column REX	12c6a8111c03182c5dd2fec99f4c7d8fe7c11bd105c9f31e7d54803799d51163
returns column REXR	4ed8bf25c1cd39f6b32370e76eba5faab7f7dc2d9e472edcabbb63cb6bf10943
returns column REYN	5284af69f5b03bc13800a47b28054e8768af618a8455c2e4b6f30ca679fa4181
returns column REZI	589a0520c70938a84ec72cbdb69528337089e4211c07fcaedfcbc34988723ac7
returns column RF	73cba7831a72ac3b2e3a01ee7eeae0700f737e66eeb6607d63afc6c5064fefc2
returns column RFIL	59ec9c961564ce285e91a90c365005deeea5ac25b7916d7735f30fbadab76ec5
returns column RGA	d3f6b2e1d0c125930fbd3c9fbfa32c82c94187174512471fbec61ed560bd49fb
returns column RGCO	65dd3a68a4410d93fe147dcb3f919a001da471c7dfc781c04884afb12176e25f
returns column RGEN	fb35ddc9ef7fa16731afae9a1be755adcb2a0e0ec09113a6dfff00af9f832005
returns column RGLD	fa58f4307f6282afeb9005a72a9895d8dde7b5e817dea60d2ff821fc22162143
returns column RGNX	f7a3221d98080bc25f41cb8f1a8715246317f90cb3684b15207c5ed4364d4225
returns column RGP	bb1b6920eb2876b8be439003c106988b7dd8322e99602de478713f48cd31ca1e
returns column RGR	b9ea1aa0b7e4d7841c1b86a240fbf68d60b593afe2c8a670c6f665796d937d6b
returns column RH	1c145355017225390d225b1dade847ebd2a5d3b51202cf444a80cf750055722f
returns column RHI	9111e09b7ffb90079c945b2baa8a317ba77cb8fb0bca78e1d468cb327111d28f
returns column RHP	2c73e0a9c36d50076bc47fe7b16b7ff1b7dfa487c4f49bc419bcef37b9e4d0e7
returns column RICK	390ab66edb9ed075f6213c4050fe6eaafd5cb7b8e7270d004c8ff964d00c422c
returns column RIGL	8af2c1d71db35f8e1b81c88d04dba1269672f841e5298b6b9b99625109cddc5d
returns column RIO	643e3e41ae1fcd469ef67f764f83b269a5c1b90ebb219bab69b9c4591f0776fd
returns column RIOT	9e5d1a36bcedf89a4790d2976608d3a5fc61ea816b9efb9d596737021998afca
returns column RITM	d1ef7a56ef5055a6de13e2bc29964c9bba529a68179fc40d8baf9e7627a13a5c
returns column RJET	e5a4e9ef640ac99653ee946709afa359151316fe6a530e17c855510535c43a50
returns column RJF	48a93460a14c62f857fcc98019d62db170106721b261bd851771308b7871367b
returns column RKLB	736910b71850ab1a331dd86d146df05a2857af843c74e5fc8f8fe468dd1a11ea
returns column RKT	f774d00d70059e6756d177459913131d6db3f5fcc231186122984088fa2802b1
returns column RL	fa030346ccb25588d38cc39b7a65883d046e59a2a6cee0f16524f7ea841d09ff
returns column RLAY	b366ff1d398614c754b918c02843f0a7877d128896f4826eaeaae694a0813e49
returns column RLGT	3b736da5d22ba1602d1facc76dec35861d45c652ebb53a00db4dc4051cf3994f
returns column RLI	00f3f75b614c06cdcf357d4cf7663bc46dfb0065c4a2dac2c9bbe8046b463d47
returns column RLYB	791e4ef00e28608569d62e9d8179ca2ac4fbbbd8845297fdd357685c50831560
returns column RM	28586cabc1e093bf3dc6bac061c15b746b12d18115187ce928a355142b585075
returns column RMBI	db1b42dd922881f4ec736e32f44d78bd01049e91d54d051c746abc650087aa71
returns column RMBS	cf9a69e94e8e5aabfdaf2f731a3d46807bec5efc377050f32dcdd2773d1b8f91
returns column RMCO	a6e15734c9b06ff786ebe922f7b97fce063e4c9ee6bf84ed39ee021ef8cf1069
returns column RMD	268c61f1d2c36bae50a0fc2afe076be6db5444ad3142b27f4ec8e5402fa4ab21
returns column RMR	1b4ea6ebec9fb3d4b8b0d08e915382806434826ba6228d44d4f15081308020c8
returns column RNAC	f79ff7e4b7f7495e46ac35c0c10180305c2d5a28671348b93739aa2374786114
returns column RNG	9f8858e7c88a1d470a101634866dc670e6fad437391957bdbd8bc767ec265b19
returns column RNGR	d269d386b3211d6a8ed3f2bcdb6b2dc70cb535c970376efb43bdba9527570292
returns column RNR	d54d32aeea2c2aaa90668efdab51ede5791ae4b9c3d8f3c752550425dacdef7c
returns column RNST	6489f434b3169dd2b6da62a22cbab88fc427a75d8dfa5c259cdc66c99694d509
returns column RNW	bedf5ccbeec684aa68570fb044a38d84de472f3792995249823be5347bba5ea8
returns column ROAD	35869f892fd8e98bca129731c065b6f2cc33982e2945afc84940081d2c6f91ad
returns column ROCK	cc38517d73bcc29ac662f0dd1fae194c90d26e07e70985f4c161640c6e185d2f
returns column ROG	2621bf2ce68cf721d7e3258f77128345658638bec5a647dc7ca1dd7ffd7e14be
returns column ROIV	cf8daace63ca992e6631499ee150dcb15e4366b4ec36c00efe450f1d0f63f521
returns column ROK	d7904bafad24eb4f29a6fb2bfc61d0f7ed03d18542f60dffd0d60ce2b9dc2f88
returns column ROKU	737f3efd3ee6e25e49f45ea1efcc25dd4d98437fcf9ae5d31b944df35da81457
returns column ROL	126cbb4c9b0c88176f06f31e9e1ce01929703d9966a5788b1b2136c3b60320a7
returns column ROP	0ba2435fbb7378a275e065a20d389755bac580de822fdf1fd81e3b5324f71077
returns column ROST	27d92b6a7c3e02b8ed8b15ef6b204f3169ccfcd58b1fcf2e8a1ccd46307fd70e
returns column RPAY	347d585824b4c348d5cecc4c7908f0b51ae2e00635aa3b3b25a534074a21665a
returns column RPD	bbcd8c8961f4106cef9a801da366ec6f8287b1bf0501476bd906d487b4d4dbc3
returns column RPM	a2e6333914ab8504731732bdaf43fa0e011af98b2058eeafc245d7513bee9d37
returns column RPRX	79a0b9273cd92863f34a57844467c1947af64976bae21a1635b043339f2c4f61
returns column RRBI	5cc2a6beeecd5d8ec58addbc9774e18bf40014a1fce4ac0ae02742b9955ecf61
returns column RRC	12a082d993c98847332250b7fce30dbdf324f4de75bf931ed19c63e75a7c83b5
returns column RRGB	d35ff7c79fcf4ce7aa98c6f3291bc7ea7f471c3176d5cae7c54377fa3fcf3a56
returns column RRR	d6ef69197a452bc6007c0e41fd4a5de536eed97fad137c7ab174af57d7b78b1c
returns column RRX	1a089b495d7422862bade083aca04a0671b784d27712e1fb074bd39aaa3173ee
returns column RS	0250aca5c2409e5253db4151a80651e3ffd1e9405fdb5eb0c053fd6b8e7d50ed
returns column RSG	31c7b8f8c83f67abab3b9518616dd3a732047e222d7905ca279b226c1c0aa12f
returns column RSI	f3c7c9bc5a33216353c94ac26f103e7db014f990b9167e1b0213dbf5cf40fdc7
returns column RSKD	137c4a2ec49935c516971200f647085f6aea60f4d3f9ffa508032b5bdfffba84
returns column RSVR	bbb581d16b9244b5f763d7ad84fce917adc1875e7c96515126a6635861429678
returns column RTO	5a963275ef7474904e40fa4d932d48a965d5124bc5f95cf577af299f2d64faa5
returns column RTX	fff9811618e51011617bdea764aab1502a6357ba1d2492d989a998612450e0e0
returns column RUN	e1842d7a62deae35d6c01aae70a011b9a78db3fe04f955b3301eb83360fc58f5
returns column RUSHA	ca8148688e5d6ba9a392e9e8dc9f5c168100e88d105d52d024da5f8e3b6c253a
returns column RUSHB	d61afbd597d8f60d36070b1a72d5e10ee136f0b69780e44322831c8f34bd6940
returns column RVLV	c4835fc7513790cc1670f01d8b31dc4b36e0443b29f25aa15810125f8c90a5dc
returns column RVMD	853d35ce7e5d9c4a55ab11f0cf8804f986712aa1f5edb0fe97338681edbfd503
returns column RVSB	112e79426157a5ecc5290f7234d4e067a93df667564eafedd63d186a6e91384e
returns column RVTY	b84be5e95f12a54ce047f5b19902799d95a1d706609a89f04a241738f879893c
returns column RXRX	69eb74527dffad9efed60a7b6f5b1932d84a999e83993e0eb654731966916e63
returns column RXST	f5f33db319327a34bfc30f6c14404531fd5ce0809599cab77ad7af17d6d23796
returns column RY	af996145b1114de4ea11989306efa67c2c526f9405f96ed8fca4606de3d047c5
returns column RYAAY	6ba36c8dde4e914409c9d0e96f0893e8deb8b30e892d2804382934b1902a57c7
returns column RYAM	ec92e9a3969dd9548cc297d22c7650ee0985501cc9821cafd3b82f092b6e0c0f
returns column RYAN	9ac7761db8cb65f1944ba093dc8d50f07ba1da398d76f5378a4bbbe920bc4b8f
returns column RYN	e7cf27e6201dd5a99ef5278a3a1da1dfb7a2c223d991483711cc20e801673602
returns column RYZ	2909a5d9be3f9d02b63f94e57228d7548ddad017efc158c987caa269e8386738
returns column S	cd965ea8951c21f18da15cba32ec5e9dea478741e7d801d0a5535449dfa1e0b3
returns column SA	15ec39ebc575697b3604f75e31588bddd036add5c13aaeead3446a28cef18436
returns column SAFE	6372fb250fde10674466c9318e663d24daa2fd8fd05d10aeb5e4a9ab0d2da584
returns column SAFT	0df4ca5d112daff28a9e4bb139a517cc3f48bd095d87d9dfe60815cb138b5f14
returns column SAH	28d8584292daed948b75db33bd3ab0e7db1dd3d9f353ffbf70fdd2b0b7cbfd5d
returns column SAIA	e3bc76eed10e75fa045db6dd02fb107a2ac7e77f9cbdb54cd2e86f80bada258c
returns column SAIC	ad3d43a57ced401a6ebc82bc29bfd03b5b977f16086d6bc8d073e03fdc75a4b9
returns column SAM	4af66f4f218f93be735fec5ebec481480a94f859cb7086fe3e5a8d131dcf0543
returns column SAMG	f49155ce0fe5ff7222917a8d0eb4f883487d999ba2efcd7708668d3b4bb3b993
returns column SAN	936de523cdd554e40b5f9e0f3fc91bdd93fcda2ba8d4ed38aaf39f81972de075
returns column SANG	13127aca81c8a3ce63f3fe21459c2350f74af9d14c20ff605bb44de2469532fc
returns column SANM	3e0502009473a9bbd2dc0291771fb4efb8d4a8dc9e0a3a102a7b5fc70b6e1e51
returns column SAP	082578fc5c7b0ba5aca4342ec85ab3892066d33b9faf553b3c1e5200d0a49e0e
returns column SAR	c94f5a454accc9c162e6ade164ac79e797ee8823b9909f1be6b850b0163302d9
returns column SBAC	c1dc3fd139ff422b0ac69eb2441e58831d856bbe808194bc77a5315de7e7c248
returns column SBCF	fa037be36e0114ea5895f0baa5708e9d99a5948c7e2670ed5c379526dd673a57
returns column SBFG	ca83d37a4560df531467b614dad26a1a2308bcfaa9eb0d56e586b91a323e2de1
returns column SBGI	5164ab3b5b73260f6a6c5415ac1b6ead7e08ef46f9537ffb1f49041900d0aa2b
returns column SBH	c357b628549420c7147aab04b566271b27cd4fb7bdaf20af7bb405d35cb76292
returns column SBLK	998a0b71199463f575072bf70354c1bb19822593d985e351205b91b0477deb8a
returns column SBRA	3b7581fee47acd98c886cd81fd5cc88c58c4bd42658e84fcdeddbf54724f5c9d
returns column SBSI	b7b3f583077cb5f56a8ea118e1c45eb606b323ee93666655687bc46a33fd084a
returns column SBSW	944603a0969f9d103fa4b5dee93bf686d8d12d80f3550e7b1103a9ddcbd8d7e1
returns column SBUX	95597c67081e45964d213c5670c1b6092d3830037c5849d7d39db8d71cb6df5d
returns column SCCO	a9443a09e987f019b795ac4b0ad5c7bbe085a29e63a5827561afacf3dbbc7076
returns column SCHL	29d217f0a5a98402940da6a02974bdd8f346dd24614a6214c060696bca07a5a1
returns column SCHW	f2d6a75005fd23f441874096e44ab8829f1ab0ca0d8a1aa91c8e2e0b0a83c977
returns column SCI	b4b15ce5295baec9db0918194d8a78e52696ad83f30c5b6645d76a932dbb9626
returns column SCL	33340416e413b97cb30954c80b8bd7933ae3c59cc5ec5ca0ad005b6d82749c85
returns column SCLX	fd354842cf770f65a19c0fd028224219e8cd579a4c5d6e853513089b0d3ca24d
returns column SCM	a57bb254b21ebcd4d12d8acd713bdba4aa5aa8c477eddc4818c63953d3bc1855
returns column SCOR	46ffd7337c99b779f12c188439c8d6f1d6f18f75d633f44f9ef349efe3a306d6
returns column SCSC	fba2e0bdd8dedcf0715893ee4341268324c3d9dfe91d156d14838d0756482bc8
returns column SCYX	797fcf3199935bcb827b0bd6384cd7f8415d7e79f0b1b35d8bdff8361c50b525
returns column SD	f4e9b2907a3c5da9fb500594061a9cfbfe442cf4598bdd284fd2740e86b25351
returns column SDGR	87966eac34e068363f61e3a89aaea420c07c30aaf23ced0a289f945f799012d3
returns column SE	0b4b8e104f63d90e02922db5917ce9d8c7cc13f3ac9e6a2eb0a9631a29625229
returns column SEB	8249ba887f52c1698ffdacaf890470e43b2a8d1f062297c8a9be608b9d135f4d
returns column SEDG	72a3d6c53da14376fc3325ea87a053f702784b8c24ddcb0933a033f8ace8bafe
returns column SEER	17d3999e7b624d62ba1ec151b5133ce4e416fdf57c266dfc9bf3a5c473840392
returns column SEI	84f579ddc7af79aaf5d321566f9c3a0fe83d3564ad3ac8f19099ad7bf19b161c
returns column SEIC	304863d2e0f47fa6ca646453a4cc6cbcb53e47975d4f5924cb9fe479a59b682a
returns column SENEA	7173178ca65d5ed8a477370f2834fd83397ce1d2417d74314a99c95c1f1e67d3
returns column SENEB	db45bd130d7a102dbb2e07828970895b483ec9d4ac19b9537f921d865174eb10
returns column SF	6ac9efd4119c667181fd894dd5c75df4b8bab89bff181b7671b959cd7795958f
returns column SFBC	1030c8df97411aef77eef6725454157f891512a43d319813bbf79a2431efd803
returns column SFBS	5bb9b7ef84e5882a3646b3bcc20035d6ab75cdc1941e6055a03edb0778b147c5
returns column SFIX	30335e38496bc7f0df4ffbd4f9b00c2d50d4d781b626257a833adc5b3aad4886
returns column SFL	2917a6d5fe8c8275c0fe64a377f224ed461634f4613f31cf6edbea61df028b4d
returns column SFM	e3a5334961435444d360c203f685d4ac7282a39af1f26c81c635a47e4c2a03d8
returns column SFNC	a18371beadf3eb97f0126f9c10de8e27909a234cd0f7cc1974f890bff6319ab5
returns column SFST	af1a1ac7683fcd56ca3a51c154dc84fba9d0502ee27ed6f0a356a33d09e88049
returns column SGA	d2207d3d7971498fc2e33de8f04f5058f25782b0fa0b8e5f0ef9e479c6ee7816
returns column SGC	511174dbaf18fa18c3c15d8058a8a14a85e5dbce97df4f41d8e24d7aa8f65d10
returns column SGHC	2edc41f0a4d98280149f2ca67d32e79c8d7f26914dc0e39fe7499c714642a199
returns column SGHT	697d2ea1de9c1ca9a34484ec7ec97c5d11a1631f4372b2ff8d6f5727b289318e
returns column SGI	13ea4e9aa101403adb2ac79a5647f17487ac9534ba532c302bd5ffa9f8364503
returns column SGML	5fc320c0e9b378cd7f02c6db6f21ba6edc3ea41fd60e674839041d0c6bd02def
returns column SGRY	e7aa711142ad56286f8ac3aa0179fbccd1eafd77c048c776508c9b43f88d6631
returns column SGU	1be160a6be6a7b469f3ba744538774f600de90b211b9f41593943ec82f9125e1
returns column SHAK	536bd2bd6b5a5d0425c92231664fd807011b07eda7709b0194fd4c8787d3b6d1
returns column SHBI	79eecea4feffffa1e4b48b64f49bb63b536adbe2b8bce1b8450cc5450c410201
returns column SHEL	99cf736eac6616dab9ad0236849e1f613036cd871674da2bd81c270d73ada2c4
returns column SHEN	244bc8e15de0442795bec0daae52927a1ed1d8627d551cc6aba96c8f880d60c6
returns column SHG	54f5408e92765c764f30e1a514eb87a92ab824aa56326c59332b8ae46ae88fd7
returns column SHIP	76c1ba1a47b9c5210f104965faff6086d556cc9ef64fb817f0557e1d29d4ebd4
returns column SHLS	5c7fe2ac4fa18ff38abf512eb29ca33ba05704fd14543fa9b6decf19796efbc1
returns column SHO	895e1f52f9e22d780bb934925d4d6ec406120824cfeae28607478261340d2829
returns column SHOE	74c02e69c9100d2684d6742e1bce59d11682712ba30eda8f262dfdf55d2a62e0
returns column SHOO	dd89cdd61679a139373097b17f20d9e74edd34891219e8117e76cc4ce388c216
returns column SHOP	13922a4d170473b05daf7b3758705f86a78f5bad68943d37551d45c0a4f8eee6
returns column SHW	08c7cca4e38ee4effd0e6cfdbcbbec6027209b373089800bc60ebb8f1a053fa6
returns column SIBN	95b8eab9d2a027b35f321ade95be90ffc2a777dc583aec664a9cc3aa2171fc3e
returns column SIF	cd37a5793fded2d5eaa8146ec63fda61bbefdc2a6f82ceddf07e7ada04a0ffca
returns column SIFY	bcf255c540823745f949c93a8ecbae3ac4862f4bd46b0656e3008a3a29fe6bc3
returns column SIG	27166a3e2f7d7f850e3551d7e27171af1848c7588d9d94d36a92274a197ed5cf
returns column SIGI	53da428c9ef1e8f9c1160dafec87af9faf40da91ed720a6e6296961c814b8cce
returns column SII	2adcd688437aea5f27631af26acf28b75f1ef3fe1b40a516f772e255d8017c3a
returns column SILC	39a9d412911d2a2a109d6662bc287162dca3870ab12092e289c0fbcf6c88bba0
returns column SIM	ba8d20213a80849e2e31dc87798af00dc8fbb5f9025c91abca1982cc9ad2f1f0
returns column SIMO	bc92ffe084bca33e34593bed8664342c5760d33e032421a1200882903184d2ee
returns column SIRI	4c9124983eb19f557c204181dc8a8b607ef7e201d54fca9b9bfe3672ce9d2c3b
returns column SITC	52bcd8f2de186390fd6223db2864956f35aa4e7bde77e26a142823fa0facb875
returns column SITE	5a72383c5c5beccd46ca7abbba8e6f787ba80849bbba189425e9685b32ec540f
returns column SITM	06ecfad4c3d3b45de929c5fd05036376cf4b1144fdaf3e74e526eda2fa0d0c64
returns column SJM	427d81e20354aabf14db42fb707df8963d47840acd898d3d66098b52c66eee61
returns column SKE	cef6d75e429f0b3206e2641122dfd98cde3c60d279d962a2d01608976244afdc
returns column SKIL	8afb2ed7ef6492a1ad2cc621d87f876067c3450dadfaa2134182eb1b0a4b1b97
returns column SKIN	d0277b85226f7bd697957bde7ef3a03f4ea9ac9b3254285705b622cb1da9835a
returns column SKM	095dbe5c5babc811fc66fd13ec800b24b5ff000f585b29fc1a1ae2693291ebe9
returns column SKT	0d81d7c5487bc9c109d1c7c5b81b5b4f4e89ece8124ec424ddbc73848496869b
returns column SKY	ea9ea9c6a765e7695551355aec53d4b3950c3903406842a6a94641fb6c9e38d3
returns column SKYH	2c52ef99c530cf4365b55515217cf5ce6952724df017cdce863cf3f3373e9db2
returns column SKYW	7dd55fdb59805bdff3e0ca7ea1e9d966d3f5066561877f30800df89baba93460
returns column SLAB	b18e6c83b8b4ea00fe6f9ca9582e1d598462b15d990cc26489aa52dc6b06f067
returns column SLB	bf0cc9d944743c59a66b7a59bd5bc5b4677dd8983cef4d96d1099d42b20dbf38
returns column SLDB	0c50c7568391b87d70981121c8c01abeb6f8d04bb87cd6935e32c7c32cb3f2d7
returns column SLF	243610f60a115a6edbcda0dbcfc25c4af930d06a2242cd74cb04197f9be94b0c
returns column SLG	12a18b875b7d114d14eb1bcc63113f606bc98f21c8b99af31c767e4955c262bd
returns column SLGN	f6954965c32c77c0f3181cefdc3e2b5963dca9f0655ed0d5b09abb84b436f352
returns column SLM	042e759d30e245fef36d16ae25972f97d9af64031e004598beabb2396af580a9
returns column SLN	03075b30bc98a0d5b1290a12b8cda95fe0cd3c2821b2e60aa5163ae772bc4a78
returns column SLP	faae764655ebd5bcc38e6775b3b33f6048bddaec57b935c3b69126bc7c1509b8
returns column SLSR	14028e100e61ee03f83853b6624af513354c4b0887a8d8603b0807fb6b2fb1fb
returns column SM	4dd4bfae1db1735c383d9291b084542200d67867b73ba977af81ef3e55d34960
returns column SMBC	c0170928c5f3e2871a3ea72f9abbc95282d32eab3a0d4f8d68f9745cc479b87b
returns column SMBK	0456ddbc6cf31dab83d1a20ad5311a15ea25d8c3489eb9f1d4d8b0a4c9bf8340
returns column SMC	a7f3a902e00ad4ef5747b2cf8bc22f8df77b7ef61fa231a96b501acceb5cf720
returns column SMFG	2460e440d901a04c9311345bf2288e5ddf83cb2b14ab2c6c53695a3e1a2e54b6
returns column SMG	039f1b985f2e209f8f6bdd22ab5538f88ea7253f80f1e1307976ab4caba9ed8d
returns column SMHI	89beca7596be2668c53a59e3d6150078e885155473d074b633ecb2fe47601813
returns column SMID	42d9314484154a46282b01ee92bcad2cbf3a84959926d73f4b37dc4e86ccd0d5
returns column SMP	645876cb3bb5582ac29037fd046906dacf4db39a17ce89732871003e87be9b4c
returns column SMPL	36744dbba1272048e66f717b8788da2377ef969f18ade3f3b64649ffd54797cc
returns column SMSI	30fd4307a25a775bc91100e907101c5de67e8d529f298ca6dea909870dd02ea6
returns column SMTC	746ab1a15e75f059efd74834f05e7e97af5bf53ab46e355a2b9a5d9efc4a7835
returns column SMTI	4d346a720e5273e73dcf9553e0afe88b4c4b864e9af64040bc6f3648146b905d
returns column SMWB	2a74150ee67ee72761895c2caf8feae4dc51ecf098ca7dc98cee7775a77e4bfe
returns column SNA	7b5b6de24b48cd718dc8936db15abd5fc51ecfc310226e30e278eae0c5913840
returns column SNAP	8e4d295b9d2ec54eabf5009eda811dfa6f331ecc0de6d3674d977ecf848c5ddc
returns column SNDA	c2a9751c09d9508d6634a2de6ff727ee2ccda72e579d1d1c489262bbccacb599
returns column SNDR	1dff272d43fe9502b080426835b08e7037d0ede5b4575db000b2896513623cd4
returns column SNDX	71c75816a52514ff15e9e04165893ef3bc8d61dddc8d28cb5a96535a769dea25
returns column SNES	2cdb98649094a0c31c220144e35351ed7f2144957653abaa0b579981b68663da
returns column SNEX	7c757851ed29c9e251fbeae2cdc101e513ec70100eeea8fd1d513ed14f68f8c6
returns column SNFCA	69021da9e5a12965fd214113b43f93244f3148f7d295637bb7cc828ca483321b
returns column SNN	7867f0bed4728902f2c192a92a6ed060c0d90fbe2942953f562d2557dbb750ab
returns column SNOW	6665adf35344d4dd4dccc2849b200f0b80de12b65ff0e9a258cb8f2edd4bcf63
returns column SNPS	ddd46683a9358b5cf56d42e8924e6048191465ef61dafdda73a19d677d20e12a
returns column SNX	f405b1268fde73a669103444a00e3c7af9401d2f68b8e32db9e7a58248a79590
returns column SNY	67ef7d65b0bd4ada2d96c88d9a7722150e953896082804606b7af68e9a8f12de
returns column SO	4fbcc5c9205a85887d96dcefccd0846ef49449c6b2e5f40d5395b36c6304d892
returns column SOC	900785895e49066308cf2c7469aa1a9ce9bf22a73134aab0f6517366fefce7d9
returns column SOFI	33af6bef587c1ffb94322e130579d9e68973d841f2051f6706055cd5d428cf6b
returns column SOHU	f88fb19e408291aaa319282da48fbc9ce0a45f42e93e4b0e5d0cbc559a85988e
returns column SON	9addf64cc429c95f9403267614ade8aed074615e641254a414e40e83ec4f5e23
returns column SONO	b316da7b423b75eb482a042b97c2bbc07ae6789d17e0a69b34090dad06b6bb65
returns column SONY	246def57aa653a88055cd5d38e686c21c82c9271f7dadbb9182b6a8e76457638
returns column SOPH	b3e85c6c3feaa6fbf43ff3c30da7d887abefe874c0a4a4aa573a25c3ad6ab0d7
returns column SOR	98a6e3bd6c61dd4b8ce77b23620a70726d619eaf750d5f39e10afb1700f6bf02
returns column SOTK	1af19e150578ff0d2ca073c6ab996571bebf9d9c9b3fb8bd77ff57167819e7eb
returns column SPB	ffb8bb08ce9ce25a7452c309118ca9b5e524a16b0768b62fd2c99fda3f6eaa3e
returns column SPFI	77addb1dd9fdadf2182f073734707fbfb1e17087068a73987e198a2ca4b19585
returns column SPG	e92fe2afbb9966d2c4e2ce2f08a09aa15a576a2994eb7e9d4a55c2baeba3a4ab
returns column SPGI	1bdde1769f30821b628f48e440121dcee14207299d8371b284c511bda8d4c2ba
returns column SPH	ee88cd6b487b7996946e0ad3ac4adfc301451f2db97d9b4dd33152f1ac130b1a
returns column SPHR	69661778bf70d147a1764f19506b9d88c4aa8e41d499d535595972187edd3778
returns column SPIR	05fef080638394107a3fbea9d9ca25588fa306188aeec5f62ae03118957298e9
returns column SPNT	0e457f470d17a23ab1f86582b2896a1d5d6619df89f37a887d27e8519357f0df
returns column SPOK	41cabfe8fa4fb0941a7c8c9563ec2bcb819f06f16597d47941bf85f583ed119e
returns column SPOT	ce6560df00ffa3db4cdf562cca4dfa5505d9dea47a8d110d75251fc1216ffe65
returns column SPRY	922be2b1148b49d7615f6f3cf645f8436f20e056726a34650e46e85281b6e15d
returns column SPSC	ee902d594dc1fc3075420e209e23f4229c55d3e341092977c5ecbf4b8594177f
returns column SPT	fa698c50731a5cca4b8794761d441329d84565b36eab36bcbde3a13b4de1c096
returns column SPWH	7f00a2b37e0a3d079e5fbe223c7498cfbbdfa4cc5d8a75d34e4ff7a510a52487
returns column SPXC	9845958166c5c15a3e0be739bb5af201317c26491b01373ecdaa69b5a006ce96
returns column SQM	d775b591060442b8fa7f5a76697427b5ab553afe94d2f458c6a044f4de309842
returns column SR	21f95624858b3d77cb53bde8cc6603b60ba337b89ac011e9dc699109300c6563
returns column SRAD	51afe9124808f7819f696b2a2b19f0c06b0a5f6596d028d1ad9800dea68f1f39
returns column SRCE	e49682c04ef208e9a447ed6db90a909514a245367f6e82ae39032b4ea3309105
returns column SRE	f781ee04aca5148cc87024bb3fa894bad750bf4cdbd9ee75d0904f172d0ca909
returns column SRI	1417c231d0eb90348f7757b5cf1efe9ef114820375b9f4cbae88cdc7a922014f
returns column SRL	426de28687de15221c57310047731e425c032e36d1dbb93d0ff886495ad1b46a
returns column SRPT	9b2e8155c4f9a9402f36c132c29f7c2c0b319e83ae01d5955ab3a0563b00c6c0
returns column SRTS	8546a15eb4048419594ef3b0d381d61435a44e7e97af6fb566bc3d4c6f24c92b
returns column SRXH	04ae9f08cc7b8cfb374f3a33b91ceacd2ef3dfed726b1153aef0208b2faad58a
returns column SRZN	b66f7658929cbe27666cea8944ec535d0bd3b639a6bec883f3b4aa4394cd4c47
returns column SSB	385abbb252b57950483aa5828c5bd922d5ae0305ba039a1fa7dc2eff3ad4e455
returns column SSBI	f15253ea2c79a70bfd16292d355c15c68bf6461105c696652cb23b3088ac8225
returns column SSD	279f61bc5952284ffe394d8fa8db39b4341c5f00bc167d60f207fd08adca4ce0
returns column SSL	71eca485b3c468257a990773cc16f951d1b092b6bd72bc2c121d859913e6ae07
returns column SSNC	5c39bbcfe3bb5bb0ea5340d25b4dcc74e743206ac42772de1b5c106a1bd59749
returns column SSRM	8d8f202a3aa4ceaf0b85588eacdb5c6349b9add88adb04c9afc49c2ddf9100df
returns column SSTI	f72347d5ece7d2c55aed03b27e337000158966b4b2b39250d510c1d8e8b6ff0d
returns column SSTK	cbad3c3b43a7d0f3844315cc83bb296241419e8836340702f7500407d8421617
returns column SSYS	a238a2f0a4a7d79831ce804b058f81c3f0c987ea1ee6766dfddd6b6fd7150963
returns column ST	e20c3a43b5c14ca34871da74bd40ffcdd5927569ba0ab14925955c8f7cf95cb7
returns column STAA	3602e0f79a6c1c609ac36c46d12a2ce583a0f3db3fe0f96cd5c08d8833e253b8
returns column STAG	524b1cb8e5d0b4974a7189e4d60fd25ef1649dc37a5eb7fd6721a0f6c0145fdb
returns column STBA	90b3232660249b455948e42ab86e0a9f42545625130dee7d3aab16787a6d88f8
returns column STC	ebeba791a4b04d81f5c1b3bf3af6f698278070c0ea37b89cc27c0a5b071aa6a2
returns column STE	ee986b554fced3af7caaa7833e2ef75699f0a3230550fcffaedb133d79bef3da
returns column STEP	694c607426d8302eb69bc3e4afcf4f54682a5573883df9ee1cfea2b76c36e660
returns column STGW	acd775f19e5c85bce474835a3e36723e9aee4e3da5c3abfa74aa60096c857616
returns column STKS	a1cd54f2bdc641a7b5fffe8f681cf92a970f9de2892d973ad5f9c61d4c0a1661
returns column STLA	f5a336edda1b9d0b19f0fad0876f92ecd7c522ffaf6034af08ef59125bf3bb8b
returns column STLD	95e852012493e3cb3d407ac91282577326b0335431bb8913f03b31dc0c4b012c
returns column STM	209e433d13d35c08bece3d9f166cfaf043a351d447b02bfab0300a5f50a769f7
returns column STN	af20d54a9b59f9fa6ab26b39bb2328f35062c24e52922edbb30b674dd8c1f32a
returns column STNE	2faaf16a2d9b298c27b62552ff255ae1a4fa946d855ec2ab4221a321c4f01295
returns column STNG	9815d949c0d173b5a0e59eceffaf296e2d7e9fc90991d2c628be510aca0a35f5
returns column STRA	a8fe0a15b02b548c96662e7add4c8ca62e59b63cd37fa9863a7bf56440f74f02
returns column STRL	9e97b9be7044eb6c5519ad3682849110e70def78384bbc1f7ea63912ef9b7fae
returns column STRO	148ff716df9aeb482cdbef0c040b8ba86b345a82483f6d6bfb2e2abc7963616e
returns column STRR	d3a349d71e9e52d228b792e7da65db29744765427ffc261af82725437a88b339
returns column STRT	8db1c13ee7d2301a09073644508a58c9e150c3d332e08aa369e38300463bb737
returns column STT	afc27e53e730d1243e11e1f9c84570b160d6fa32b5b455438d7bc84b81d037ee
returns column STVN	6a0462a14e1737c079f71c8aaa4e267fc4f3a61a44c1d927fe8fefd1f0f656c0
returns column STX	ddd74117a331ddf290fd39bf42820f79bdb5644b325f4593c973698a04a80c58
returns column STZ	cf4fcf9ad16b54c57706ead826cf5f90ea5881c37d72f8e21a1046ef509401cb
returns column SU	ce23ba0d02db9169b1edcbb559d31c1c3df156cf33bc4b8678cec9738056f385
returns column SUPN	7b87d942d109e746822b99bd4c03439e073e9496aa189b2bbba0abf05d0dc449
returns column SUZ	8f5f1c38174f25a6a24c1f114f75e3c659606cb76a65e535c52a972e8ff8c756
returns column SW	82f3d9ee5ec0ef3c67a99200c6be7657ee6f14dbe66052e8be571b5b3e62d174
returns column SWBI	61469d6d39249a3c2dd591e48216d69c50f43f2d0c2a8783c334b5bb67ccbad2
returns column SWIM	2ecb9eab27168e9762bb79980911a912346a1fb70d1480dc470ed3a5579e00b6
returns column SWK	fd020426659d79951d7b2704444b08a37aa7e9bc6e2a8aa400b0bcea3dd0a1b6
returns column SWKS	6ee6c05a2c18484971652920424638ecda9566f04a73766a04a857cde9158612
returns column SWX	4ce6905e3d754bdd413109bc67d4b5532c5d11f54affbf01e5fb1c66a6fc2d90
returns column SXC	13100d2647c96c2dbaf3e304841a8caaa4a70d572dff157bc819812a9dcaeffa
returns column SXI	a6ef9f6551b79613192d9024c9bef524832a8f213177bf46a6e01e8fa34f167b
returns column SXT	fd3ee3bdb2d8bfe2a7ee4693a97e24b588ea91d947e2d8458fb72a2a5e67a140
returns column SYBT	e77079991aea8824eb6e1a97f31be62b078a93473f413d25d548ffb12f844145
returns column SYF	1f4779ce1d79ea3233e60a28df70af28e51d73b33dc6e6d8a9f281e52329a362
returns column SYK	b75915fde19091ca8d4a4cf9fa07491205b5d76025704a7d3d9c8d80309cd97f
returns column SYM	4cc75ab7982640bb73ca4def1c379cf4ab4be58930be8ab047c06a9f1df85d0c
returns column SYNA	59da387ede4a5d7a50f51cd367e4ab36fba9b4419f67e72a9e94fd961ebd063b
returns column SYY	2fe96699ee9aafd91fbb5d6134f9024abe0a53917eba08d2d4d3b85df1c482a0
returns column T	aaa8e1fd5c21df5a2aee68ce1cbcb32f0fab4c6c30d64f1c4a589f4f495c5c0e
returns column TAC	5fe6286dda0a9e9609da33e28f8c272b82a5d2f95e41d4d0261812f7ec8c23ad
returns column TACT	cb818366d36784452f0ae8d2d2d0ad43ace045d1b79e0a8f3d0f43289b3e4261
returns column TAK	6cdb0564126e81562c2f8ee5b7d9b0d208d4b72fe8ad8325ade7c06e73b152c1
returns column TAL	4ade4161d151ca8462c30dede8eb8d571e621964894ae239410e02bb83c3b3c5
returns column TALO	9916a9e630df6d2bb9b7abb8049732f9c4c6d1aea31b795ba0178e4e17afb013
returns column TANH	23281043ab83fc17eb915e326e2c44bfcc2ff7c0e32808f98c3f528371485163
returns column TAOP	117bf4249b20b3865c5a81dac57500ab706c6b066629d9786958380de44d66ff
returns column TAP	8844db30a0086b203c5c61e2d3c6c06cf8feaace33569aae93c4a74822bd988c
returns column TARS	d8d456ce3cb9cefec649a08953233501a369f0cc7759b8e33b070345e6e8cb07
returns column TASK	e6e4f6804a766a47f61b05d365787e29ac268a757329a0c412d35c55d4cb371f
returns column TATT	3a7527c9b5292c0cad1bddeafbe227ab94e3f1a6f0f496ca1163746ab5d8651c
returns column TAYD	4a4f50903d505aeed400718e8cbca7ddc7f1d342be1bf0fdb8292ec7b6468001
returns column TBBK	bda5eaabdc64b2f67a5c094266819e326240b2d6be7a643b16d11d5baf52136c
returns column TBCH	e247fdff55340e99ce4a104582a7a8141ad74c307ab0364a4ca690cd5c5a3fd2
returns column TBI	6a7cac3e35fa0a5542030b5676e26cec6397078d8869202fc29039c39f15fd5f
returns column TBPH	7bfb396b142fca8dd95a10abd3a520b4a421a00d32815d69c15f49c0e04a1ee1
returns column TCBI	5ed04ef75b6a20096b557d9f403787a677ee9b9ad28c27c137f200e3fb41539d
returns column TCBK	62dfde055dfe03b75216b8bc2e8d2ddc3d1be26174f21ead2f16154e1ec1855a
returns column TCI	f488c405fdee0e9ca35e03831e2d40d36cab8de2c861a2ef0118855daa62aea5
returns column TCMD	ce59b628ae9e0a6db935312b1a49aea33a3e80c5937fee9f6021d438a04f757a
returns column TCOM	6e1ae84053c20f2a9fdc009e18888ff1908e7e570da8db042942eac855d059b0
returns column TD	eb236b3a9368357c5bf04ef270b81b5dd51137a40aa2438c2d2d64fad22a9f51
returns column TDC	86bebc0c69f535e83c00c7d47edc9075d71b53fc60e735ed5bbf7077179b7697
returns column TDG	9365a51cbc27e2f8e144505554fbda85c06fc6355298bf7ed02132f585c57758
returns column TDOC	c7a35feea31746e7ec4de92cde070f2cea21c1c1b4ec6b3eb998b7131641b98f
returns column TDW	f6a91f2d158824aaeb2ecdea4794f73abfd6652d44fcca75bf2641f14aa31380
returns column TDY	88e4649d649250f453fd7f07fdeb1a18028bd2214f07787824fd828773d7166d
returns column TEAM	161d108756baff0a5c29bf4669f22ab4ffba72fccbb179ffc7cde6e90e84fa64
returns column TECH	dc2b116d79efcd093dd274955930d670949b54a9326da94492dff8dbe7c31bcc
returns column TECK	260f330263f36bf396bbc4de7cd1ed80c7c4961364a2a4a29cd9dbd1bc1389cc
returns column TEL	1eba9b6ab34762a396457ca532c293432713fa132d3f001c0cfe88e96067f20a
returns column TELA	9a19e6468a5910a1f054bd7f2d298866232f867c3f2f2b5da9751e955b6eb8fd
returns column TEN	ffa50e9e01daf1a3ad16ddd2f1f5108abffb201259a3038b80f1b78c2d1166cb
returns column TENB	b076b80db3d0b2e362ee4277853a11a0d5e55ea9e79ece148f40d3b8d458d453
returns column TEO	223b70a82a7870d14325d7546b96fbf5e2b28921f0dce8b9c76c4c183ad30fc3
returns column TER	e058dda48b5ab1375cece9b2d952c945c66159c4fb38eeebf4a1615a461e37c3
returns column TEVA	4f91cd4c1ced224750abe2a9a70f1bfb0d3db48b6eaae3391fb1779a69a90855
returns column TEX	018ae27d5cc97797f462a050bdfe8c329a8d663f5af0b75bd936ff2fc98f30f5
returns column TFC	f831a456666737ea7e72989288698346b7141d1011c76aefa861b06054b06ebb
returns column TFII	301842ea8931c264bba72c37bf6fad358ecea7b8819c2c7f0dc1203f26510dcf
returns column TFIN	0d508e0cd98944dd74898e17a6e66f0f24ef2e9d361a58677a9f913519978fef
returns column TFSL	f89e5770717b634dcc8c6530948d8f02ec8ccc29762a38c0cdb3a3bfd987494d
returns column TFX	8e022959b71802f3c6a2412f7c77ddbd00af2b84da9d8bc51fadaabd2bbb0d01
returns column TG	3aa565fb467367624c124b48782699abf9b360041ba626d13abdc97f2c1366c3
returns column TGLS	8ba246edeb342b130cd7cd6e2e9da0f394c2ee1837bc5294abfdbd6161a451a3
returns column TGS	35aae30636130c244d795829f1133a8646002782df9949da39e0f31f500e7cef
returns column TGT	d5bbe6e11ef8a017720a6b2c586560b368ddcaf0713304d10717151c6ac2e521
returns column TGTX	47b00b4a897e55c2b0e064f19cde736a5c745f88ed30941b5a259cd89a1d960a
returns column TH	5fa8d9a4c2ad875266588d34bdeb1c787fc77686d0f0f91e6aaf3a0b54d7c320
returns column THC	0dede7cc85ed538ad8023c8503860a55a9c8328fe127ac08db647c4cbc127840
returns column THCH	cf80dd3c3cb3003812bcef6eb546b4c7f299e9d203304fd9ffeb1bc731e95f4b
returns column THFF	d36421e1073c2fe85cc14bd424903322c7fb3a25dea50582a04fcfd2921dfba9
returns column THG	e9b6171e7ebb7d4a91f9d09c14b741862a41e893da060bc1540b65ce37fa064b
returns column THO	8d65f27e8961e3944723da6b0560c7b15d7d8d109f61af26b018016933f80915
returns column THRM	93fce39536bbadc23aac44d7445efa6f4876e2239a1fb025940883d1e461572c
returns column THRY	46169ee3ac253142704be73f3f718d63c285dd4283a68c818f852f4c8a097b62
returns column TIGO	0323587fed512ff6abb8795909bbcf551fc0c28443f4a680bf1c1a85a528db6e
returns column TILE	8647289c6bf360e53e2bb93ec93e48d8ad51999f0e000bf0e1fdbbb4413f12c9
returns column TIMB	55adaa056464c12009d82d2c9166a39e38ac66986e424c4fb4a2147841389142
returns column TIPT	1fa4eee4b8ab67e135f15d9d257298d0c56c908aaec6d02b732a14302aac2a8c
returns column TITN	9e9c7128a50118063942f56c44b845d17d2148d2e48120b63c75e111b4176ba6
returns column TJX	cf0c4ed1b485cbf33db10ab793b75152d9a222cdacd4aaf48323c129b72e1daf
returns column TK	8b1aa0cc1f04fb8bb7dabb6d950e5cfbb9a01bf12920d627994bf7f09e95f118
returns column TKO	cae26f52e714f0e6de26a3e791e9401786f6702ae72342971a83bbfb7f24ade4
returns column TKR	527a7e3b6a828f8bfaef567b2e6e9ab890e9829b53144cacd2c8b8e82bfe1d1f
returns column TLK	718e708032d450d97f695e86a043586a15c448690bb9f563bc79c51a76532399
returns column TLRY	f36074a136a0fa36108591bd058dd13da9b44d5c31c61bd5249ac18a3aa6901c
returns column TM	e6bbb07e6fb4be320a2a2e04a7941f844d6d1d48495306ce1ed548be17848ba3
returns column TMCI	6e1619b13939242431b112673e02d951f8c0f2c643537aef4a9a2c4d1dfe5fb4
returns column TMDX	373931822f74179b98666aed816d44b0f3d453b4465e8290bfae737786734f2e
returns column TME	7e53d4587da419d8f5405e9972925203b1c7f24be3fad61c1f729b2e8bec9ab7
returns column TMO	9697c65e21d4f0f0412efd8c3f3a76d009a3131bca01ac920d0cda1e729e2ab3
returns column TMP	5e560e0ae40383e3cbb8a49c6e02d263635192ed511d84455060de1962179d0a
returns column TMUS	54bdb1ec20ac2064da966980f6e5c0fd656c6e8b41fefd9c569d754045757900
returns column TNC	77e00bd298c476ed06dc12720752dc0ee5e8f652c103426ca3ad2f0632b26057
returns column TNDM	c0679d659b5a80225d86d698686298765f70ba5ee73f74a5a506a15423ab3037
returns column TNET	1d31cbccf679cf2e75c72b3da07a3bc0e96ba4d8dd1fd623e47f969fefa5fcf5
returns column TNK	9b638e342fee1a0e3d0cd76ff792c6fd68547f2a5db88a1476f1b68f804925af
returns column TNL	dfefa98e4406dc6cd50de4722819cf73b1e6f6744c61c0df76184a1b144e6b30
returns column TOL	2fb5a6f7adf236d50efc1d127d230629b3d0229e61f28efc45d17a6c4f138784
returns column TOWN	1e5247b9bab8f474ce6ea406eec392a60c63133b874dee621caacbd5dce0c02c
returns column TPB	ca0de7d8932b53b188ee9faa31a571f1ce9b84764681a2dc02b778fb5267eb28
returns column TPC	517eb94615cba3a20f8c635f3e0b44dcca5d83f55f93c17ef1d8b1964c44d227
returns column TPCS	daefd9efb26ef4b84761497aa577f7db9ccb7e45ebf42601d25ac12fd2dfdac3
returns column TPL	cbbe98a9581a083c351ffdd3be5e83f411e702a3c505a750cd6882b243760101
returns column TPR	1cc941571922821b923153f81252e5977dd03e4e5373248bf9596ed0dd3a672a
returns column TPVG	524a2bdedfcaa95dac750ea00f7dc03f494d086ad804cd866fcd8110b7fd6d7d
returns column TR	e934532ec8ee4efd65833a06ebd0d326c45708388f61c91a09ea2ab41c22bf50
returns column TRAK	54d3e90d809da6bb01011e0f9100e9d3b3b322d607baafe15e888a4675830e86
returns column TRC	3c63d099f1529ccaa00d5e5459e5727596afb62268d19c3a09ed78a28bf9bfca
returns column TREE	84138acc5f56b25d7ff77da52e9497dfe508a47fcc29543bcc6de0f7b0a36e52
returns column TREX	71a81dfcb51c85f77b8337ac1c2b7d95e681bb5c327711cd50ab94d4f78526b6
returns column TRGP	b969931f22b8b2cdd97bedbd1ef5c00dee6c6a4b15fc7f08e93d4d064ddcd8ed
returns column TRI	922499b5b09d5323cf4e7b81f21dadba9e6662327ed659fb45bdbd8aba0a1a0b
returns column TRIN	5e9f21548691d8823bdade88c5120ee719433cac2a789dbc9cc89bf8974e2b67
returns column TRIP	3f8b89d041a1fe9c2c1acd511748a03eeab5f900bc2105e0190c9185b63ab208
returns column TRLV	39efabf50cd7c5e8d9cbdb2e6619498beebdc4b42693db72765b59e86512b921
returns column TRMB	f416e2e8805f5c72296b389f06f8e220f945a027e53beb5b3de2cce1c00f0bb2
returns column TRMD	f4c76ef2fbca76168de1839315c6962c285097a6ad0ea0b9c58d53d40fc92fa5
returns column TRN	6c10450f0250c6f1896117f2f4e5b72dc440ae24349145c767276c29b183c386
returns column TRNO	eb6481efcdb928506d384a05821b01cb227652a3002bf007ef0d3d889cdf236f
returns column TRNS	a8d5b88ccbde50222ea5a32566aa982a379a05856c3765a6e4f5361a70b160a7
returns column TROW	deb325d040f916282267e726d29bae4f62066718d224a58211227c6e583b527d
returns column TROX	1055a580598b7c0690f41da96e9eb5da313d73e5c1787ffe235b7d4a6d2783ce
returns column TRP	03bbc7a789232d0ca6a69be894930fea2e1a3ff3a935f167cfba170389f6c8fa
returns column TRS	8b729d9a15a5f8d7cee77f99a873f62a9e3e63ec4ba55412888c80af3d0dc3a8
returns column TRU	6607892d995767f7eaadabfa8d3d03f29f221d9baa54ba8b104832949e6fed0c
returns column TRUP	9e472a00f3af6b78a61b0b811079a7ecb15d74bdf8d56feebb004b9244a7729a
returns column TRV	27adc33821e7432c06ee623d23810341daf34fc160d9327109f5a765e280cbe1
returns column TS	41af31e3407708f54c7b6bc93769a292f6eda4bfb1329d1ef6549a74fd2e5bde
returns column TSAT	d07918acb84b87c1655e1f6d86d370be781077f8001f05cd0e439213c98c1def
returns column TSBK	b09cca6f327ff54536876e29c3edaac227916af3103004bc4a2efcf6b1699f7a
returns column TSCO	e534108fe295dfdb8229d89ab48c1db7753665c58f7638a50107c2f245c07a89
returns column TSEM	2c17fe0249ad54cd6bc06b81e7c70a37e0d8288abe16b659feae3581b60a3c61
returns column TSLA	da76159a933596136a909a859e3da5f77a787f98f6b7927bc09f5e8e6f662f40
returns column TSLX	ba58316b90ac7aaf04e20fbd3d3bdf60b4d7cbdbc3a3a9deffe77bed0f7fea09
returns column TSM	fc96516a24302fe75ef53ed016d9ca0fc4035fa81d9e3d117daf703078e995c6
returns column TSN	e6877d859e9f2887a9cc5cbe8b255b7a1ae1005f45bc82c0b36dd8762ae0521a
returns column TSQ	10fab81fd69ce806a173cef9da8d7c6d67e4c7f95932a50d69db995b5a8d2758
returns column TT	ad60b6190fa192a423a6c0736bb772e9ccc282da75d834366f5b087d1718e450
returns column TTC	25d08bc8342d44c99a5315203301a1dda5950cde17f72193bc645407209671c0
returns column TTD	7e157295717fe3e27133b24f7fa9473fbde9a307af1b1460319b0add4582d903
returns column TTE	76b98d6b2dc21fbbf7c0b9b1119746766ea43afaf9eecd2e5e9e2001efcb4b70
returns column TTEC	f194396cab15793ceb4731549aabf49e67d84c49e08073b92b2af4012bb91526
returns column TTEK	f530fdff2920e3ffd02d06eaefc4d3f8ab2aeffea181c7a6c9efb9a23f0b7d47
returns column TTGT	8ae4fbd9a0202ef9cfa8a1d1c1f7c6621dc86ac27d8f26ebe952147db64338d2
returns column TTMI	14d8271d10306b097398c5a5660dedeeac1bd4782b679463a276f8e6f0d32799
returns column TTWO	81753af78365c5b51cb297d9eefeb4cdb95b026f5075cc022bed6436256ec874
returns column TU	1b999323405ffbf4deb039d174d9f135ad0b0e802482838a351c1c30dd122e5e
returns column TVC	81a668c7a1cdd967fc7371c9126a976499ab16b2ab93b5880db6ef144777af40
returns column TVE	ac002d3d6c4344a2c05887627af1ffc6dc27037640edbd39c684f29d65a58bfb
returns column TVTX	24971d1260ce19b72fe3f267a8c754e8ad68be51a18cb67d115586806b48b204
returns column TW	f760b22da0c7b684a562cc05624ae7ade8f7d65a1a46786d3a93def07a06a3f6
returns column TWAV	3920cce03003be75f95578d681d6cd043233f9a0935856dfdf56b0a61f776803
returns column TWI	1572fb38370d362bc8345c9a49350a8cba207d6a0cc4449d4dab4c4e15e6d792
returns column TWIN	5135752c1b485c7dad1b4d998f77143befe45e46ecf5f4f917a10b25b075306c
returns column TWLO	7b7df41f2a45157e371ccc60e91bee5f6259aabdbdf26307b0ec5e1b795335b2
returns column TWST	9baa6dbc1210fb61df42239690d8c0b67b06bddb8d96107bcc0b7e59b35d7a86
returns column TX	f35ff3034721dd13db3d5ac075b1b22dfc467cfc435d3d850c30eef6e87be907
returns column TXG	3e3ef532c08b602188834d6fd05a496f9e1bb10ebcbe2c88b204d9faa05b0c1e
returns column TXN	2eea0866923c1657cdffbad586f4b310ef68323df20c75387267879fef0678d7
returns column TXNM	7e07341d363773f7e7714075c7939c246e858d22b9ef660e3376b6c0937c7c20
returns column TXRH	a0630c76a3da8ee15d06c3a7e1b1daa0484643d8b87211f26dfe53644d84b140
returns column TXT	3e0ed1fbab1064c4add2d62c5acea07d1d82ce6338c7d57d1ac6f750ac4f6d9c
returns column TY	af56cee860a16bb34fc4be3a7a03e13f31425cf6ea04e760f07e2d558f2412c0
returns column TYG	6b231d4195737d39b1cc0216c16b989df9bd18962c96b4dd6d74dcbd7f00d25e
returns column TYL	5cfb0aa0197a51d0da4047dcd51471a0c737639f4b0ea0dfc9e9d656466f858a
returns column TYRA	e63d195f6f33e90ce926b17bc6ff931a84a2489501151a40cd8153b3ae250519
returns column TZOO	b4922f4202c91165ffb9c85200fd2d6fe712f5169d85f2cb459021183101cb31
returns column UA	a977c8e4e930a796ffc9b8ace5f6d7aaa373f1839185d9f765c60b8fac071147
returns column UAA	e42084dff3e76126ee4e32b5a8cf2e87a75f6a0e67b58b951ad6f8c46966bee8
returns column UBER	bb591598ac6890637da74fbbbe781ed993125d19104408ac62764cd07bebcdc3
returns column UBS	a3099dfb1d1aae90c1453fa1ad1825e309727bb7ce883d2b55d9c016a05c7a5a
returns column UCTT	92f91742192c61bb2cdf8bbd912295de2144303e0e2d0c526fbfb4940da560a6
returns column UDR	95d4f3c54b39be8f684ef683ba24c8f14092b3e8524edf0a4b3cb5ffa08679f4
returns column UE	a408783489b6c6b6c57dedbd6f281cd926addc4c60dbcd75d24079aa989c3c80
returns column UEC	5fbdf8e487d09e2eb19d83158227ce55654e4d3b0924dd85007a5d68dafcaac1
returns column UEIC	ea50c8212ff8900aa1ca33f71258b6b1f3f54a872a91d4483c3632f37d04092a
returns column UFI	c213d6c0d95543f27351a7d1ec6d90cb0bfcb315f90d80fd639a09ae02458c41
returns column UFPI	527ca4b18ea057e4016247e0f9ef3593ce058392c2e2beb264d3248457b93d80
returns column UFPT	d836290aacbae6d2782c98db3a4c81f40c64ece4f4a3897f26ee0808b3d7f66d
returns column UGI	6063d8883737b202dc4427e90d531752262420719270c7abb475199279e2cc37
returns column UHAL	f7b73137faed941c302ec538f5bb23767814c0dff55fc41a466ccc23a79b9b44
returns column UHS	38def583660a1f6451b1714c1e431940c1a5281db5334fea13227a5fd30c3095
returns column UI	c3533b24f85d3879363bff29ba688daa764d9735ad90bbaa4e94dd129686d08d
returns column UIS	d8bee4981fd25effe84fbeeebef7ad742b533ff125998b0502f66345f3c9bf65
returns column UK	e6eacf9266d095acb454b7c238c495ac156d60df7b2e1bebdaeef9f1033ed71f
returns column UL	4ca8a793f418500a42b8ff4bc057ea7cda8d5b6a085193fc85900b0932b0d978
returns column ULBI	2ae76a4a1ce1d43dc62efdd8dba81112a10381c6dfebb23c6a35981af92d8c6c
returns column ULCC	a96a045edf27e7806fb152bd57c6e01f483719384772469383ca2f092ec44a3f
returns column ULH	c72fe6b129f609d433c9473cfa472dd9c234387a658aa98e926f5b8af10df12e
returns column ULTA	595981785facd861b9e87a4bede655c0e5049ac768cdddf69255b3bf77ae28e9
returns column UMBF	4f761e050c4e4a758cf2f4c5fdc6daa0462c9e1182fbdd22f148cebdd6f05b89
returns column UMH	bd33f53de27add1a33f500061b8176c672ad32d3486fd40594674f9115de710c
returns column UNB	5e10281ae593002b5efb8cfbd94fce1e6b108f57d140bf15317e8cc330a5f859
returns column UNF	aa71f1f1de6969032a173543afab744843c0196fb8c20405261cea97e2ed9417
returns column UNM	d8ad9aaf53288077d1a4c14ac0f088e09b02af69c306a137aca781380746e396
returns column UNP	f17ba259d85aa2d3b2f7dc9b33de66e0ee4dd0a1d613e6f7ac57dc51dffcc4fb
returns column UONE	5a1621dcd774d4461982db1afb0458fa276f8c2a97278e814fdb4225bffc3148
returns column UONEK	018fa6d2a4a3420177d023a57c9679accf903bda9401e0ed078fbb4defba43a8
returns column UPBD	cb2365f45b24a34c5612108bd3e79297e3186401084a021fc9284fd0623774e3
returns column UPLD	5b932d2f4b7b0e3764df2d1d5c9abd5f11c995684757824b25c0c76f6b2eedac
returns column UPST	0e7ded2f007b5607398d6cde1a15d195d5dd69cc40308a71cead96cd33db4d0b
returns column UPWK	4ea277f073373ef58fffa119273d835f912c1c29597c8b6e98eb04ab48f6f40c
returns column URBN	b3bdd90b19d3433be5386871cfbb8073056e03536dd928071fd959edc04b74db
returns column USAU	fea9f4f04f9b87a9ed57c099fd70ff7411837a9f3635bedccfb01ffc83f0f8e5
returns column USB	96473e9d0d491d5940ab9a65913ad051e5a5e2ac08a46cb75516159e90754785
returns column USCB	06b4e051837b23df6997a1fe14ab32733038f4281cc017dda3ea1248d2395e42
returns column USFD	dec2a816492a5c7d4e8180f6aec7e34ea878e480cea39031c240c0011a8b95f4
returns column USNA	21f4fc6f2cef95d24029e743abcc38ae0ae2eadd84943183a228942f558239ca
returns column USPH	ab405d8fd55c58e390cf8481adc7480f13c5edbb8186619a5934dd32c4e30962
returns column UTI	b7e427166d24f9ddb8e9f23596c3563b2f84f2b4b6d82ad518448dad5f797a8b
returns column UTMD	31fd6884afabaad1a125c9dc23cd53196c3ba01da84a2937de9268757ef62c87
returns column UUUU	c4a9eb9ddb04856fd890f54d4c0e8fd6fcdd214f113ac5041a9c86e7839bf168
returns column UVE	1abe6f2d52270582cae74485f02bfec4ff89e9074a61187b1efa13fb7f315601
returns column UVSP	70f48429c2ecb6b95ceb1f4ef85834cd423e6eed6c5892e4cb42863c57c2efe5
returns column UVV	35e1f2876699f828848bd39f8a871cc5592052981a245a51676fb8cee54fdce4
returns column V	5014ff5e306b57f67fa799134d7410d607c8ccb8e800828b082e8bc4291a9e72
returns column VABK	f645768bd54d6e3f9c563c7eba983ad2bc536c8ba34da4641dd28a2be3de6b48
returns column VAC	d1cc4865b8482a1a3b2e2d1c0b5277ab7d1d280c298b6be766552603f436fbae
returns column VAI	de70fb7f815b0a1597c1efe2c9ece5f2360bf9cfdab5211d4fe8d35a6bee41d6
returns column VAL	b725b6fd07e8c86a13179efa21602b2a91696bd7e5547782402c250607102d4a
returns column VALE	ff14b452362544bdee9a5731c35b76907d30fed6b450b999afe4d052683fed13
returns column VALU	4471a0f8292b18ae0e27f7767fd9e0b1868a54f5b343d77d6ad95e6be4df3c0d
returns column VBNK	8457e59c2e246917769b39b113337a3f1d684879449972fd39cbb088ef30e6d5
returns column VC	76fb7cdb5d0f2c62a958a85f5ce6291c2cf640af70a8b38a05998e4fb2443a70
returns column VCEL	3cdc6399ff957ee48d798ab2af46a08d027c617f0f08dd825d3b9ac7a6ef6cb4
returns column VCTR	30e8360c1feabfee8d74a0ed9438b79b6a37b8ef1d8aec6f5e79d44f381a8b77
returns column VCYT	ebb432387b2c81b345b108d0b322d7107f33a974e9d4f0becf0d1ec60e8496a3
returns column VECO	803393d01b56d7778753149769e49c1d25240ba01cee5b7fc9f1cb1b7ed228bc
returns column VEEA	29bbc54706b8b8458fd8095e879f5919033e06e182159ad341cae338dc0972f2
returns column VEEV	33566e2369c11d00ef386125c1f974427e144df73e128c5440604808b44d598d
returns column VEL	d2f411d5c46ac801149f85de38d77fad5c9da99a2b1be09ae85992488a91d7f5
returns column VERI	b1c3d0ae6d8b8cf3642183a832acc11dacaacf489d374c8573e88513fb8ee2dc
returns column VERX	e260876a4c5c78d8f2532877a14b3fa37adc019fce6301a0ac6305f0c13728e9
returns column VET	4c9214836b81c3ee4cb2d98cd1a3760809f4dd3f780cd3a43ce8f8c8921d5684
returns column VFC	4f675729d999bbe64759dc7e38afc1feec5ab7dad422f11323979760b1797076
returns column VHC	5084c3bee16d8f10d2f73ce8204247696b51e34ee49fae4fbf32a1aa5c617d1a
returns column VHI	ec1f032ca257f3bc0355b3cb43e92eaf036e2e16f1a565c95a3c1888de1ae54a
returns column VIAV	c4725f733b73a69cc6c4aafbcdb64c1d8c647751d610f62a412812bb549430a5
returns column VICI	9c53253d344c565fd562dd55853657eb65138acf78e5b2a07b9f3d16af719bc7
returns column VICR	92af24abfc487aaa58d4c83001e5edced966db15ef4b22fe368aea18355f08d1
returns column VINP	7566f9f9666f11d1b6776df9b48732c55f857582764c90c9106747d28d340ac6
returns column VIPS	ebe64033fb12c07a275cdded14e6eecce3b76d1d048a2495828e3f8736213e46
returns column VIR	82333cbd5bc9f2ad9246717f80ce9500c1e5d289191acb5b1d0a6b17f2e3590e
returns column VIRC	6a47dbc365397c7ebadfc216e1efa86ad9228469cade61fdeb0aa300b1119339
returns column VIRT	40502455676c934114a1ecf133012d6382ddde6bffefa08d0d625ba2a8e72ef3
returns column VIST	fb1aff155db60d91b79b7d80a48f31dcf569a82c7c8da2dea3f9ec287aa6fd3e
returns column VITL	db4a6f4b72c7885a8e8597b95697cccbcc986150eec4c51d9ddca72ca793a5ed
returns column VIV	4b6b88be4d8f8ed82cc0d583a7061d934d04bbed988b754be0166a2ab6cacbf5
returns column VLGEA	1d925ba88c1993bbca13b094f31569115633873135beaa36596b5c4655a5b67e
returns column VLO	2f61ddfef453f1f2640238cd622634e80eae949c5992b76965bb4a5c1b868c71
returns column VLRS	06b29fb9256f1844739aaf6d18dcb6270186e13c4fb11a7c4ebd4a0a91b91ead
returns column VLY	c2b6bbcab5a8124a6846ebaa80a20ea3272a3dc45334e054a474e4e23caa2887
returns column VMAR	0a0fc40c7128b02e17f3cabae14aad5cbdc7743a3882fce51c92fd78aff8743b
returns column VMC	afcbb1d04c4f01264688c9a49ccec9a3d9733054950cbf6117e772a1a441f79b
returns column VMD	56f9031f1f8e2fa0a7a763b5ce81feac6819b9c9601c14534cbf4a78bfca2c78
returns column VMI	ba190dd9ed39fe158fe14523391388c9e4cc7d601bd07ee8447d8d2c4ee4e57d
returns column VMRK	d6f6e826afd9de054622ad7aea294e64b771e93f777d80db605ea3534f2e50e7
returns column VNDA	42e2b3772d6e600d96ed65f4f1ee107c7f7e320f470c48dcccd969e9e4850c74
returns column VNET	1f08e751f1311a57b1689856d7f965a4c17d111504276b281bb5694b2d07787e
returns column VNOM	611f3b2f1385b92e2fbe29006beb3e928545cf03256703dd38d395c8ddd1d7ba
returns column VNRX	b5051d5df7394d8bf777117a0744df7a1aedda310ce5b8ce3a05de2073c2e96c
returns column VNT	540f6cd4c397fc10c6180f06ed3f20cec91ad3f5227cd785dcd2fe5c01fdf4fd
returns column VOD	47c9667775f68a98212789cdab02a6b2c0b13829d3e3271b91a05b54daf4455b
returns column VOYA	d4a7157d2f37c30b9a805525c0b5e4ddc170b5286c2782294b5cb723a0c27684
returns column VPG	4de5c9155c4d7691beb3b636ea181080770a60295d372f387235f15116c5371b
returns column VRA	dda8058233cbd99232fcb9189a6de9202b6c74c15c968beed0698870d5c9c118
returns column VRDN	5f688cff8cbba0c43a39ac205f4c475ca1372d86fc13491f470ab494acd25bf2
returns column VREX	e6533cedba3d0d09249688b1121042b8884a8d11b6c43b0031ab93a2b39d283a
returns column VRNS	fb76ea0ca1a06e56585af623230b90e4776c53e002414fd254ca170ec2ace3dd
returns column VRRM	566232a8cc088b9347448b17b8d9dafbe5092bb1f3b4f0aa2ad5b17808edacba
returns column VRSK	d67817986ebed80798ef31e3c61a5e7c83cd38bf87bf20bb78dac4a7fe42ba2f
returns column VRSN	f3218ca22bfbaa0f1965bcf1693d277ca621a966e121a62ad629f22ec9b81656
returns column VRT	c1d540aab0fe1902884a07556883a1d253e8f63e0e1081ad0ff1975d50208658
returns column VRTS	dc287618941782e27ed2dbf2fc61de0c02ae26b557d4d3870823870742cb6920
returns column VRTX	bb234487a6efb859a6c61131c7b1126659cf27bb4e04210627dd431bd0ef458a
returns column VSAT	86c4a91e2617bd63a20c0f83f61151546af1688cffc51bd382e2cd6907aa92c1
returns column VSEC	7976b353b1ed10ef008a5882ec782325e6e69da36c4fae14880f529de55dc016
returns column VSH	00379047eb73efb201c532529ee016266c0734d412d8d99c9993540d867deada
returns column VST	82007f86ee7fb83398715f2e2ffb71a163196463f3f10708157b2674818d27e2
returns column VSXY	fb19367e84721a1d05435a62d68d03fd76900b9a1cae3e7355d7e40a4120cf6f
returns column VTEX	827f25ff106722d6a4894617febaf436268eb90c8244a0483bc3ee0b24b073b4
returns column VTOL	c3db400df62e12c45f0352b1ef4d023a282f37e01a9a3e534dd5ee009f204db6
returns column VTR	659422676f4f87efa3e987993ba5372d35d8fd86710586705a8fa1dd5dfd4315
returns column VTRS	1589848c57b23313644457e5be1cccb5df80888a5c99ffd253ec7868dbeacefd
returns column VTSI	93e471ceecd2809a08809286385b543b2f7b7b0e3a1ce10a3ed159908e5208ac
returns column VVV	cf04d39d540b348a832c19e8d20c13be423c7257f5c5f3b0caedcb36c450221d
returns column VVX	2db664089c8752e4e4a2d18678bb10439d58c1f6f5ba8127845ecab4817d2d29
returns column VYX	af5c9524f4c5feaa0e02d4392eb04e46332b33c306db739c06e30a5cb1b45485
returns column VZ	ed375f9f99fbcf1665a1e119fea254a1230674c20a4f3edd73cc85ecbc6479c2
returns column W	1b155d94c571ef30e8f3d53c4b46ff14655e19ac0bde9a6de7f6988811deb25d
returns column WAB	b8de4a37000fb5b5c0e8a40ba6723fec38757fa21ec8162646504a174176c747
returns column WABC	277c5bdc9f7983f833fa15cae736a460682bc33b67cb30491ecb1a683fb86229
returns column WAFD	5fea1658484cfe5a7eda2f5fcdb518edf5995086a4b19db2dc1878d249367359
returns column WAFDP	4ff31a574e49c8cd680f8dd0d3fe01e78d37ebe36c4a879684b564990721218c
returns column WAL	24fa97249f5490cc0663e14584e94bb0b4ccfe73637f068ee12988a4ffeed728
returns column WAT	a836376e970fa83a7fab5953d585104b73819129bd80e746cd175f6763fb69f2
returns column WB	9b64992b3c66034de1ade405a2f9aaee258540e2daa1d0bf2e29459bdf048bc7
returns column WBD	06981e9ee3681c2584bf7a231d9b9f7ae10011ffdcedcd8c86bbf526d171ce97
returns column WCC	6b12b4f825fe9cd888c873f920ab6cf94404678bb413e31b23575d8f29ec71dd
returns column WCN	f08d5fa824331f659b60799d50dd9b62c7aa2f7ae18ea5205ede6fe32e241cb9
returns column WD	2a1d56079aa782ef7c3dd0ec325b7bd2de633c756c98e6fa8b85a4b0f30218c6
returns column WDAY	4a5acdeb590abecfed6dd0753cf8dfa440de707b62559acb71d567bec725d2e5
returns column WDC	ce5b54f6a3ce18aac2e39671324369ed875a48494bcaec4575bd3fe043830239
returns column WDFC	a4a6d0b3f141e13028fc99cd05690bbede92708d8403f6f8fdc767caa9021107
returns column WDS	f234b41abfb98aebc6f2d882247bb3de719834e2ba3220b9afbd0b41e551af83
returns column WEC	c951d3deb6160b4fadd448c5d7030baf932b6f24e137611b4c82002bec3efaed
returns column WELL	8ae0dd06368e6d3fb88a66afe44bc68f9a3b2cb9e1a9b6baf1002629815b3dfb
returns column WEN	e7d193acf1803866e1250f933ab34bf5fac4043865cfc9c7084ea166d8db0b4c
returns column WERN	462a7dea1a45538fbc685d7d5f238568efe8e6d2de87e89739ca5373f256d49d
returns column WEX	2abd8572acefd17fa58dfbf3e6acdc7dd626b02bb1e5a0a7868204258719ca92
returns column WEYS	5f41980d842e3c2834bb11d72760656ecf217843de1863dc58ba7ab26ee0dd22
returns column WF	7c2e6ffbd8371edeeaae942d54c32070a5a519c096d7a0d6d67408bd78e13122
returns column WFC	759592d424bdac320f8eb2080b6166f442f3f90b411f80e7ec4696f42da1eee4
returns column WFCF	d772c2bf10228e910d95e4499c39bc9801c3f098bf84efe72086f39726d28dd5
returns column WFG	4ef6acac0f8c81fb0db81a7660042d7c9c77195a9b7f2a1ef5f30b277afc5c81
returns column WFRD	315e721a559984674f8daf411d38762eebdf3060546d880eb3064d979fb92102
returns column WGO	64d61b50e87d437c2de83db9a86d2c0f8c3edcd4dba0636aed1609783719f2eb
returns column WH	8599400b7e79aca234578f555dabf772701b0dbcb65ffc1738619c23a8a40eaa
returns column WHD	648cd6f2586a36ad3ed2ceaa755ab20cdd716d2cc1ab70d18cf7ce5a13de4487
returns column WHG	fd436b58b5589f4cc91c8e51f46241f79f9c24900eb8d217c5e6d2716f099b63
returns column WHR	14a85f6c719b2c9c12561d1381e0049a2b605106b6bdc8432adf389089140a96
returns column WHWK	183e294aba10889d4d1c20a3002c6cbe4d7d3141b43e2d814bd0ac3af0304c55
returns column WINA	d51c93bbb52b355f2823188c723cf12f8c3cc449f5638dab36942370557f93e8
returns column WING	fe381076115b180e6bf190652af4582eb8607f96f2006c3d372783208a911aec
returns column WIX	05756c4d62e06a4d26dc69f2e8b89796f728ec324bd690e1af3dde0c1dc20815
returns column WK	77db3159e87418338068eee2f53b5dbc32dbeee59e785f5e99cb205dd2b1248b
returns column WKC	d95f021b838f90aec00a2dfb914f355f8058daca286abf1b79b9c34ed9cd4f9e
returns column WLDN	44a907911ac99bcc3d8a46ee8711166ff0b25e256e986e00b23cb05ddaf77e8a
returns column WLFC	1072b1ccab16f7981bf7315a8ceba2c35da9ef458d52a2f5e894dc4f35bcbc21
returns column WLK	5d59487e840699a47f50167af7297024e26d239295d7d7ed8031807cb2ef471a
returns column WLY	6719e7bedd80c85fe3962025685279f9401372e5b4935480e9c1e553af86769f
returns column WLYB	16ca0b0f5aaab2771c42c3cb91f16fdd9d12d1035962bda853940dc11d3d617e
returns column WM	a23899162e0255fe469157b5c7055f74924a7d10e857d76cbb976c6b7f6345cc
returns column WMB	f4c7e2db27bd1ce083285bb056c172c9eea1bec81fe662558a553d52d66bd683
returns column WMG	4b5494395d2db57e5ee77168d38097ad4da6103bea8265ec9f4fbd0cb9a49825
returns column WMK	b68bad9037b4ddb8d6a789aa6f19812744f97a8faf68a2d1b16c44c8403d4134
returns column WMS	59ca7e7f8ccf5d22d85308acfb2b446373958cb8b78fbaa692b1a206471c6c9a
returns column WMT	2c08407954fd4e2e1aeb30be8728e43d47f8e1fe1660b651a916d12ab09c3695
returns column WNC	78f34399e7c2eb569c7c3112c2ae7b8e253cfb612c94c61bb85ba83e475445c9
returns column WNEB	56ad0d2320c360b232d4088cac4457cb7dba70721206cc48d6ae1e1bfefba464
returns column WOOF	ef4dec5d639ba8dc252f7cd4ef01e1c35aa581ccbf486d68502cb844c816048a
returns column WOR	d71a4017fd7324cad41b519072e03b24baecd846156a2e6ec0f981e15164ee56
returns column WPC	7d6166af89897e407ef0e9e2bd08dcac70299beafee48b78ed1f7a0b3e64637e
returns column WPM	6ea8717cd8333542c6700bd5f87d27de485d81e8e71743eaa46ae322f3c62e20
returns column WPP	1816307fe61d3718fb21ebd11c2df9200a16ecd36473a8a545acbc79c8144ef9
returns column WPRT	12bd50004051bfb7befab0c7c82dfff612aebbd3f087f34847793a73686c6f99
returns column WRB	b04041ff9158807df9e1e3756b07d52af6071725c2441dbed621c84ba68a20d2
returns column WRLD	8368883c1f20b133627df94c01a28b631a3bea8cde114dbb367f69b490373fb5
returns column WSBC	26b500482f101372eea89355256e6dc1937b0bc12e51aad40338469c011c96ab
returns column WSBF	1aa9277878bd8c8df93494b727055dd95d3b2a09b6c29417942f3f9acbc43787
returns column WSC	f040775ea95ac5c9440a790cb680ccf00d24c00320e23b9fe7ac99fd23a83bb3
returns column WSFS	0a7d3df7e81e69a364554076206160ddd17e309ce69a99d50301707d7eab41d5
returns column WSM	2e77b324a023adecb81a397c45fbcadc522a71799a8d5058aad3a3f4b018e062
returns column WSO	fa6b7a5599cbea182817c5a3abbfdd526c6e46c78651dd998f740dec9517b3de
returns column WST	8568331712c825c74bee27691c0000e46548b8b2c70388bba59097dd1d416650
returns column WT	384a76a44aa4d4d056dc193907e5d97ad351d434f0fadf3ca98f668e3e3207d2
returns column WTBA	b76c688cfd94b0090a1f56cf1f8880fcf3df68220bf016c4a3d60a019b530a1f
returns column WTM	19da16be8dd4d1832af8a50e652529b18ec4119e2826e3417d7c586ac0a32054
returns column WTRG	c858a209a61a37dc0640b3e4c23463c519980413649f64f9a34a3aa16c7eac06
returns column WTS	c63671c5ac09ef9cea3c5dbbd572c7ffa94e67f2dba8c3d2b191864ad6994ace
returns column WTTR	9ad0305eb16690374fd69982fc358660ce7a7a43a7a60cd7068000075b9368ec
returns column WTW	c0728274c0cacd971b28d5d28a5b3ebaafc5f0268763ec0f1afdedb099c21bf7
returns column WU	c8e54c0645642525afef793e1fbad820813a0bd2ae1454a024af1174939022b6
returns column WVVI	c48fa27fff8355592efaebdbc54897271fa132b19def5e16dbf44c6c0cd62bb2
returns column WWD	87eabdb32f8c343bbd28c61b64d3c5013d996712a791e13894c2069eb3fd5613
returns column WWW	d808941b0ececb85a2a52fc0b2c9ac70e9827b75d336dc2b8a83df73b9934c45
returns column WY	9925e9b8b9a263446e64dc9a4a9a945c369eb715120eb3a10bc27076a88dbb00
returns column WYNN	6457afe09ff248ae22725b656470ce8d44c59180c0a17d49d36d97c0f3de3b98
returns column XBIT	69f9e86c9dca4e08f6df10c4dfed6bec87209597073bcc8874d6cd17721a5702
returns column XEL	5464c6d37824221ab790f8d87d8cdbc7f4afd7aeb604a9c2aba140ba18038eee
returns column XELB	f69b03cdd756bc2fbb00c0de800ab86f4b4d6a34dafbb4419e2ea5119b2faf86
returns column XHR	64df7c538164c752790a9591ce937941fbc0751367dc4f252b9c5a529a677217
returns column XMTR	334fd843d0f09a0993efa64f6da1e23b33b442e003e0f10c3f218b783d2444f7
returns column XNCR	783b3dadafc3422a02e2f4ec78ded313cd2681d3d8c283cc3de77d0880bf1882
returns column XOM	19e0cd85ab471128b69429f3c7362c4a3391964ef192c28598a08b3ec7b11e61
returns column XP	ef693aba11ff673f5a7923afb16439001f79adad03c027934cba391501b100bf
returns column XPEL	561f815deced2f46fa3f9c48fc36c4327db649579c5aebacdfab951a6e2b75fe
returns column XPEV	5dc93725a3b27a2c855c79a3aacfc88bf147a44983f6e3f2b37a4756143a7bc5
returns column XPO	9df547bad9576ba148f85d797aa7b7f9a87410028db05b0ea93eec7a6d142761
returns column XPOF	1d6f274421a6dc98c5e4fea2ff35cbabbe6489135a2a46883d7453acb4be9ac9
returns column XPRO	941933519de2be64e72ba7412932e058ea584bfe39eacc8d4474f0e34eb1b753
returns column XRAY	11fc34d55bfb4c6a1cc4ecc5dfb0a66f53d391feabae80bd1446596fd88b3661
returns column XRN	f7d2ee494d14cfe1b6a0a72ceea460728cca9088a0cdc4d6a5a6dd0d6b8f06af
returns column XRX	d1594fd9e1b5aab12a02fb9d4b1f936b7d95e976d5cb9cf24f0d6f6ceb97b95d
returns column XYL	ce7509a5119ded86e4f595b4cab5d741aadd34ee1e0482ab7a2fdc3b1e68468b
returns column XYZ	0539b245db73213ff6a7947808514772cb0ef978dcb8b03089fb47fcf2bbaef7
returns column YALA	f418c69dee56ca790c1f7c4b1cfa3fece2f7002681d072bc0202afb8c7387d25
returns column YELP	aa4304c9d17e3e13bc69684db571e14014431025baa31217e1a6df4b88e2efc6
returns column YETI	6350433fd131f118028040df923c4c9145f14ffbc1b2d63266ed8c87174c48c0
returns column YEXT	75e0a75d69144fb9c5f57e5d4bbb0ebf4efe8a35dd5993d0f0695029d44f87c6
returns column YHGJ	b51e64a82c2ff45067757db7e94b632472e0903fcc8b446c61989ca63b8b3e6f
returns column YMM	7bf40b67723a44880f6c9d19301e39c57182a9fb8019275e6000eadf06cb3d93
returns column YORW	43946aff687c37ef20860a0ca6163de377fc5e28b13af21dac3072671614ea5e
returns column YOU	f1828b63408e94c227e54f324c805904c08d01c9fba300cbb587816f860f446d
returns column YPF	832c327a0ca55aa10d436b6ac11ec8c2ae5c7db7a36a2c22ab0245662e4361c6
returns column YSG	a6d129bebb64b98b3cb082a058ced66b28ca2c7dc719c45e0469909c506d88da
returns column YUM	0daa827cf5b8c6b067bb30642e11242e01d7ec77cdf130aefe27c69cc1460c3e
returns column YUMC	3c9697067eac9d02d60d1faaf6f3cc8b4ace10982955eede634c93d56824b78e
returns column Z	510074196d91a7ef9b6bbc1e59ef87934ad4223a70083f26b1057f2968c50c25
returns column ZBH	c06b8214a459443218b1dde5314dbad0008a33cc1eaeb45a68c6b22399c713ae
returns column ZBRA	50b9768ceda2688fa7e330e41015a46471c3b8e0e397f7735a1c85bd5220c7c3
returns column ZD	595467145148858e69d03575daeaa0f9d946110e3bd515e94f17a878801de488
returns column ZETA	bcce0a2332a1a3a27959cb63a37bc7caa3278323e34f43e92896f1ccf6da00db
returns column ZG	b85f018a3057142cdd214e343b2c6206199c4f78bb98c93e49557edfe878cd76
returns column ZH	7d41804439da3fb352fe1db18a4b375e7f7b942061cc4aac9d0c8763dda7c57f
returns column ZIM	19600574bae4c294e77c63d0893db1030592dd581ec819e825b6511e96f4158c
returns column ZION	3884da0ed64bc8e121073b50f461391272a87892a7d05d637466a15c801fa43c
returns column ZIP	2125d1feb1149f165b2f42a213283b1c03704d62cf54c88adfc31ba1bfd6710e
returns column ZLAB	d08d9a5412a47818b7b2a1f56ee67c17c5c5722580e3dde7f48ae941be22c446
returns column ZM	b2a37d92c2d263a63069888ca16f2c4ad91a7371fe419209ecd5bd4b8d9d0360
returns column ZS	06355f59580d60497a5441a5e1cbc633b3a8990f3e05f66a3a17f6f833e0ef9c
returns column ZSQR	ffce3a9eee1017dd508ad8893f2b6b3cfbac3e7dfa0f98b42c43306a5bbfba5e
returns column ZTO	01621c0ccdc0b1849fde8930d2626cbe076392227beb34d40289c461b3f14391
returns column ZTS	857fccb61b2f06eee760c58c7b690a807f9dd7a31ef991c1e5752bbc094d9a0f
returns column ZUMZ	b7faa1f3ed08b7377d027adff9355168855e4ae8c8a925a4c319298650e2869b
returns column ZVRA	2766bbb6b2ae16456c6bf96e5ec6966070eec8b236a2d104cb1de8c17b87bca3
returns column ZWS	268c786037ce0ec481579949c01b55913fe641f3d50b4b7a84a8ac0c356f71cd
returns column ZYME	9a081477d300179a427ae11a6df7bca4e75021711a4f49848e94d9875a9a7ce5
