kind	name	n	sha256
raw file	returns.npy		b3741639f05caa35c7ffb0bbb4772a50f07603699a78fb881ca609b90ae950ba
raw file	symbols.json		7ce454abed4e2e1fec9f8cbe4e1f788d6346865e618b3b0a10c0f8d1959f9307
raw file	exchange.json		8ed9b6d6270a357e99751cbe5a75a4f8986695ee94678f26d66a156e0ca97926
raw file	weeks.json		cb76e3a95f6df2b3a0962f16ce20f6eb0d2e8e49b94d0936ce59e9348ee65812
factor covariance (k=10, floor 5%)	nyse-w0	1464	3173eb49606dd0bba90b5f4a87ce5e28e1c9c749c3b84609e3cd7a975ba22821
factor cell model fingerprint	factor10-nyse-w0-concentrated-K30	1464	b0089b07a618627232a2ec628d48ce5b49754cf5ee36d3e54fe4e389f34421f6
factor cell model fingerprint	factor10-nyse-w0-diversified_active-K100	1464	ecf4333e13d0febacc3d165609d8208cc41812c86c4d923e6b07b7c499a5f161
factor cell model fingerprint	factor10-nyse-w0-closet_indexer-K300	1464	344a4fea624b34433de3c9e205764fd7870cf81175bf951e0e66125012573277
factor cell model fingerprint	factor10-nyse-w0-enhanced_index-K750	1464	dee25eda032161af928863af6aeeb585d21cdb8f2b9552c82a817ad2544d562e
factor cell model fingerprint	factor10-nyse-w0-index_tracking-K10	1464	c5f294a3e0afb2a5028e7f4a18057b0424c7c255422bbe37f6cab278ddd60bda
factor cell model fingerprint	factor10-nyse-w0-index_tracking-K20	1464	d0c244b48907e1f8fb5fbddc2f859e14b14a853f10da29593917c683330b0ede
factor cell model fingerprint	factor10-nyse-w0-index_tracking-K30	1464	7880e45916aae8dc4edc803ea5bad642d73cd277f0fc815f25d91a524ce54a9b
factor cell model fingerprint	factor10-nyse-w0-index_tracking-K40	1464	20f9e9d6a6fde2462c6b3a911a3712ed2f2b9d226226571d412fa4cb710bd4f9
factor cell model fingerprint	factor10-nyse-w0-index_tracking-K50	1464	a073977f722306590afa56f2204e0d4e3ed4e6744f7a0168658e750253fbc04c
factor covariance (k=10, floor 5%)	nyse-w26	1464	bde025ef5bae57509db3a6e967ca74cd59173df5e7e62c60d2c7da1050d5f202
factor cell model fingerprint	factor10-nyse-w26-concentrated-K30	1464	e431cc0f9dca6c97d504a3027670ea04130a4000761efc1b672702521c198146
factor cell model fingerprint	factor10-nyse-w26-diversified_active-K100	1464	50070b5fc3891756d3b1e26dc45d253576f90723d668ae6fc64ad5bef585e65e
factor cell model fingerprint	factor10-nyse-w26-closet_indexer-K300	1464	f1fc9838f5287a53ba4fe2131a63403e8f5f7c350371b9e1a26eabbe8a3be9e5
factor cell model fingerprint	factor10-nyse-w26-enhanced_index-K750	1464	f0f68adeb653695acba81d85a89cc9a54dad5a076f545a12e04c1224d43c3230
factor cell model fingerprint	factor10-nyse-w26-index_tracking-K10	1464	ccff9083a80f6cc541c606f0d488ed13166c8ec25cf5972f9149fa69a45263f7
factor cell model fingerprint	factor10-nyse-w26-index_tracking-K20	1464	1343ab3e63baf6c2bb7b226baf249f51e93787c6aac3690a2282e6be19b3e6b0
factor cell model fingerprint	factor10-nyse-w26-index_tracking-K30	1464	ac137278b1cb04f1e8d8dbef3ebdbcc33e72d764fe107770e5510e2f58e4f2c2
factor cell model fingerprint	factor10-nyse-w26-index_tracking-K40	1464	d4df1a350d2abaadc18da71a120bc82ec376dcc715ef0c87937a556c8f774bb7
factor cell model fingerprint	factor10-nyse-w26-index_tracking-K50	1464	ee12b1a385a1461c50ff0a4d6576a94bea634787e00b7d7d51bfc952f98b887e
factor covariance (k=10, floor 5%)	nyse-w52	1464	c9306262c2dabe2c8a5ee418245bf6520841718e73d503174a13377c450a2999
factor cell model fingerprint	factor10-nyse-w52-concentrated-K30	1464	8624586e1c98c5df834a10c13abd5b9dc706808e2c2c2a580c30bfbf7600a49d
factor cell model fingerprint	factor10-nyse-w52-diversified_active-K100	1464	771bf58a78df3bb5e36e3d6a3bd60d031bd26dda24d5464565d7359c54c9a120
factor cell model fingerprint	factor10-nyse-w52-closet_indexer-K300	1464	94baac4eab1e6a71d4ff85d8d054b8d97ea90316dd3b8ab9252b73ab8ebb7786
factor cell model fingerprint	factor10-nyse-w52-enhanced_index-K750	1464	cd3369deeab21f036dded569162ee246123597509f1ba963d1aa09cd8ee37d4a
factor cell model fingerprint	factor10-nyse-w52-index_tracking-K10	1464	73421926ab9e37fa29bc3f5a50adbe248e0f1ac7239c377bd3ee2d02f469f9a6
factor cell model fingerprint	factor10-nyse-w52-index_tracking-K20	1464	bfe0cc6e9ddb29c8e9b942b02a929c411349a7b47873c06eaf78bb48719e9054
factor cell model fingerprint	factor10-nyse-w52-index_tracking-K30	1464	44aaf851adbe1a5f546029eea7744276e71e83a5bcc4b4a88d41d5c931623d00
factor cell model fingerprint	factor10-nyse-w52-index_tracking-K40	1464	5626914dbef5a8978dab475d87b74a9c7eab7ec8987196d856bdeca99d3de8a2
factor cell model fingerprint	factor10-nyse-w52-index_tracking-K50	1464	495f8ce35889f9e15bf4e603666a63cbc5205720a27e430b078536c56b19482a
factor covariance (k=10, floor 5%)	nyse-w78	1464	577edfb9c9c8e8710e68464ed91d5ad557e19bc6ce775a3619f360332abe58ca
factor cell model fingerprint	factor10-nyse-w78-concentrated-K30	1464	e20be8544a0eb7742fb44540f25c4f96c14971031abbe95e486e3484b576fd3d
factor cell model fingerprint	factor10-nyse-w78-diversified_active-K100	1464	04903786b2918881b437971683fc692cf1eab62446c82fbe2f443c58af306327
factor cell model fingerprint	factor10-nyse-w78-closet_indexer-K300	1464	239b9e7a8620ca1c39365e450efcae02b675c0127fb6802f8de4a6c84c01b372
factor cell model fingerprint	factor10-nyse-w78-enhanced_index-K750	1464	7de966a07ac18688798db7251a69c0270cd0f6866c1a9fff98fdb78468122f07
factor cell model fingerprint	factor10-nyse-w78-index_tracking-K10	1464	9071c9c52cdce0a261733ce3891788734ef6ed6d204c0ad9dcbb3d22e70ea09f
factor cell model fingerprint	factor10-nyse-w78-index_tracking-K20	1464	26946ac582f0bc5a9acaee54cfd8aa882f1cc2f972a342d64963edcaedc93f7e
factor cell model fingerprint	factor10-nyse-w78-index_tracking-K30	1464	73bc82ea549389bbc27caceac2e74b17fc0bef6979539711b3fed90fc43c605e
factor cell model fingerprint	factor10-nyse-w78-index_tracking-K40	1464	23c39148730976a760106c9db820003968191a27aeaa1db318935a5aabbad317
factor cell model fingerprint	factor10-nyse-w78-index_tracking-K50	1464	745101628ec4ef1ae3aceceec161a4908467b4b213908ead269b48306d840747
factor covariance (k=10, floor 5%)	nyse-w104	1464	a27a2b0ec3ba9a9f11075940b62f75cb4a8d668b97e35211a25424f33531db55
factor cell model fingerprint	factor10-nyse-w104-concentrated-K30	1464	94308419b8fad49e240515bb35d9754df62b2a09e7ba1a67824edd3d88bf26b9
factor cell model fingerprint	factor10-nyse-w104-diversified_active-K100	1464	2c83d272ebbb451c47012548701f7c1b614a490fbf763feb5dd482dde06e958e
factor cell model fingerprint	factor10-nyse-w104-closet_indexer-K300	1464	550e44893d98ba79aa4bc0c36d683f83ce08b8e8eb5e0ae219e74146f1206c12
factor cell model fingerprint	factor10-nyse-w104-enhanced_index-K750	1464	5c350506ab0ba8b31aa968e40c2ebe02a0095d1dc34aac90a28b72604e9436b8
factor cell model fingerprint	factor10-nyse-w104-index_tracking-K10	1464	dad96b2f2f2c4837e876d251bab521f4b8fd2703564cea9a571838c55a7da90a
factor cell model fingerprint	factor10-nyse-w104-index_tracking-K20	1464	2505638c22979101cc4a26fb0138bdc00c07638f95f67a9aefd39c90ab1b474b
factor cell model fingerprint	factor10-nyse-w104-index_tracking-K30	1464	a29f1b3ef3678c4380d35d418a094a5e34964bd44db9d9b268b3ee51985cc204
factor cell model fingerprint	factor10-nyse-w104-index_tracking-K40	1464	52fbe5f4215f2be307a56d90589a5d2f49bbe1aae0afab14121277457ce0af44
factor cell model fingerprint	factor10-nyse-w104-index_tracking-K50	1464	3aebc9e4c7b358864abea827650edda858c8b39ac79b5e5433ec56a50ef3b4a7
factor covariance (k=10, floor 5%)	nyse-w130	1464	7091d4aee6f43ac97a168984d3d9b0b4fba41d74137a99bf54e99dfecf7c9607
factor cell model fingerprint	factor10-nyse-w130-concentrated-K30	1464	bd76ad5661f78280c69c045db05296e01623ef895f598ded89bfb7bd04f161a4
factor cell model fingerprint	factor10-nyse-w130-diversified_active-K100	1464	dc41489dc19946855172362595404968dc39c4a4a84ec6b11b1040be50558806
factor cell model fingerprint	factor10-nyse-w130-closet_indexer-K300	1464	3dec9abfd463308d3924107e6a0f6bdc6e0e0ea3a994cf4f88be335ed4043615
factor cell model fingerprint	factor10-nyse-w130-enhanced_index-K750	1464	550835f1ed706393302c78a632129ee983b03e45ae98d4e53c5df6d6baccd17f
factor cell model fingerprint	factor10-nyse-w130-index_tracking-K10	1464	cf11e08f4ccf359b286208a0c70069cd0fada750897bd5a01c38da32841d9f53
factor cell model fingerprint	factor10-nyse-w130-index_tracking-K20	1464	ce09f13ea15ffeda061a5008204fd98e24fe6efe985f7b55c06af1acdd873c1b
factor cell model fingerprint	factor10-nyse-w130-index_tracking-K30	1464	3e82086dd1583b1ff9e9c51811b237dc37b1e5b241e26568a6087115e27f4e54
factor cell model fingerprint	factor10-nyse-w130-index_tracking-K40	1464	cf19a09c1c68c3249da28e44e14f85a0a7da10fa21c6862a43c6d58b7af1d4c2
factor cell model fingerprint	factor10-nyse-w130-index_tracking-K50	1464	eb063aaca15e7edd118f23fb67612b1fa27293589cce8577c21d826c8c0b34b4
factor covariance (k=10, floor 5%)	nyse-w156	1464	024f9e8bd530293539635cb0ed05d5a2e55e056f2b6d9cdf0426b128c5cd3c9e
factor cell model fingerprint	factor10-nyse-w156-concentrated-K30	1464	3701a1cc22aa0bafd2a4f0b888513c69ed13e648f6c8641e697849ed54aa3107
factor cell model fingerprint	factor10-nyse-w156-diversified_active-K100	1464	793910ccaf658675f1a3eb78827d871f0bcb20a414be1271f7b871e7d9b797bd
factor cell model fingerprint	factor10-nyse-w156-closet_indexer-K300	1464	d3aa49cc2ae0510548e67c5db7451d0e111b26012a7421dc41cc5b1a06033f20
factor cell model fingerprint	factor10-nyse-w156-enhanced_index-K750	1464	e18724fe332f7a0d5deddfbe019a9c213c6683cd9a721ce42a19bc63255fc161
factor cell model fingerprint	factor10-nyse-w156-index_tracking-K10	1464	1fbaa20ee814ed6a71b3f9080a5ec52117f60c63275e65ac6ffdca369bf460fc
factor cell model fingerprint	factor10-nyse-w156-index_tracking-K20	1464	9d8e17cad89d5b2f5e07c088f6151bd5f7408d00110aeca21af14712836435a8
factor cell model fingerprint	factor10-nyse-w156-index_tracking-K30	1464	e30c04e8d246b9f0b202b3690dd28e4d2c90f6ed03abfdae541177916cb57b8f
factor cell model fingerprint	factor10-nyse-w156-index_tracking-K40	1464	9b89242c87dc5dd41773a2cfe3eaac5ac0e306461f491530de10a93b72c6df3d
factor cell model fingerprint	factor10-nyse-w156-index_tracking-K50	1464	d7b0bd867395c821d4068ae6d954667bfec729e70d790fa76f3e22a3a1c4951e
factor covariance (k=10, floor 5%)	nasdaq-w0	1437	ec95ee8278404167b323a75c6cd9174eb7ad7572d43298c8c4e3a6b0c7b95a98
factor cell model fingerprint	factor10-nasdaq-w0-concentrated-K30	1437	9279c1ac8b491aa9824be1cb8bf663be99c2310b6dc43582404de629c896809b
factor cell model fingerprint	factor10-nasdaq-w0-diversified_active-K100	1437	e9aa8639349b32fa190040b67e6155f3ba70b143d551f38602aa28d6aa165694
factor cell model fingerprint	factor10-nasdaq-w0-closet_indexer-K300	1437	a5cfdfe2f519de31d7d787ef3c634772bf95565bf4ddb9f7f68ebebbfead4a6b
factor cell model fingerprint	factor10-nasdaq-w0-enhanced_index-K750	1437	e8f441f89d7b6aef337a680674f81d122b88599291606297d948e85f623c93a0
factor cell model fingerprint	factor10-nasdaq-w0-index_tracking-K10	1437	7d5975ac3a248dc907836ef63a6285528246c0caa9859a5183f103869191bdf3
factor cell model fingerprint	factor10-nasdaq-w0-index_tracking-K20	1437	d6cc905717b2e22dd2b490c3ad27143afb028b98e5b42eeb8ea4a953949187c7
factor cell model fingerprint	factor10-nasdaq-w0-index_tracking-K30	1437	be9875943f9b172b0064252280ab64f6cc517afdd55d1530b5813afa776ddd43
factor cell model fingerprint	factor10-nasdaq-w0-index_tracking-K40	1437	e15c5410ca122816974cc64bdf4818d6b03248272ae42a72a54c3192449df194
factor cell model fingerprint	factor10-nasdaq-w0-index_tracking-K50	1437	5eca2d5d157ceff5310d364fde7a6b2bb49a4b15552a66205e7c108e05155e2f
factor covariance (k=10, floor 5%)	nasdaq-w26	1437	d7edb097acd696b8981a728cf70e1b5447df6dcdec8bd6350e8c63ae4c5a45dd
factor cell model fingerprint	factor10-nasdaq-w26-concentrated-K30	1437	c3330be580535af09894e9ba27882dc07bd43f069df5e09afae6d8eff45655ea
factor cell model fingerprint	factor10-nasdaq-w26-diversified_active-K100	1437	c666f4951914488013de81107782b7fd8f2fda08f1eadeb343ee17e1a6e07f60
factor cell model fingerprint	factor10-nasdaq-w26-closet_indexer-K300	1437	d62bb24a3059b00478c13177106d923c4b65057c2ec12e104473694a89a50498
factor cell model fingerprint	factor10-nasdaq-w26-enhanced_index-K750	1437	5932ea67b7e52933bd904d4bd283ab88a86b30027618de1b8a17c40a31ebdb29
factor cell model fingerprint	factor10-nasdaq-w26-index_tracking-K10	1437	e0a188d2f124b9521fa538e9f54cca723c5d0f4a3a98b483a61e90fd9bc0049e
factor cell model fingerprint	factor10-nasdaq-w26-index_tracking-K20	1437	ca1139dd6be02074e7d94fcf063c1ede10f2ac507d508016eb184073f450f76b
factor cell model fingerprint	factor10-nasdaq-w26-index_tracking-K30	1437	1c25a6b61e0ff85704b5059fcda21f368a3e974519f05dea7fd9be84049d911e
factor cell model fingerprint	factor10-nasdaq-w26-index_tracking-K40	1437	951e93571f06a9c2bc0ad8cdd981c9f8d0da1635bfcb329dde78374e3296a5b9
factor cell model fingerprint	factor10-nasdaq-w26-index_tracking-K50	1437	5fbefa7a1aabfc2886731e87e09de25932ad66585436e777a41b98f1a49477b4
factor covariance (k=10, floor 5%)	nasdaq-w52	1437	884d9389170d9705f40da9f0c89af6601b2fdd0b8ca2e7ba8b5adfe90048fcb2
factor cell model fingerprint	factor10-nasdaq-w52-concentrated-K30	1437	049e2dbc1ed020e33dc165813d08e8358d6b2c7e0b208e76a6814529c8c35770
factor cell model fingerprint	factor10-nasdaq-w52-diversified_active-K100	1437	9dfd04c7bbf2301015e105c8bb6711933ef3e88bbc3275c5b9d104b495ba9101
factor cell model fingerprint	factor10-nasdaq-w52-closet_indexer-K300	1437	0b2598d865d2eedbe2ab84800c3e13e8c50044d785cdb15c353ecc691a3b72e4
factor cell model fingerprint	factor10-nasdaq-w52-enhanced_index-K750	1437	7d00bc75cabb40b38d496e4869aac679391775473a2c7a6665f18c38979e3ada
factor cell model fingerprint	factor10-nasdaq-w52-index_tracking-K10	1437	16c58a0ede6a964f1b1f6dea19b2da7696588c85dc4725b4eda3d700877215b6
factor cell model fingerprint	factor10-nasdaq-w52-index_tracking-K20	1437	2a575d04d73e93b8603a2785b21630837bb3f99e154d5e4cbfdd3099c18c91cf
factor cell model fingerprint	factor10-nasdaq-w52-index_tracking-K30	1437	6e6efd732acd309050ee26c101666c35d908b06a81f8e11d5eff1a1631a03b92
factor cell model fingerprint	factor10-nasdaq-w52-index_tracking-K40	1437	5bfd3477d3e2825b1c77b826cafdff12726573e7c26e6e9ee09ce5b4eefa7216
factor cell model fingerprint	factor10-nasdaq-w52-index_tracking-K50	1437	594d452de80e202b1a416257aece3a090752aa67e36368275336d7decd0fa693
factor covariance (k=10, floor 5%)	nasdaq-w78	1437	49fd8f89a99146de35f1870a9d9dcbd77342ad536153e6c1be8391eaa4a4be4b
factor cell model fingerprint	factor10-nasdaq-w78-concentrated-K30	1437	3eced836f150c0cda3116dd14cab9e31956f97fc74f1232274ddce3ba69a80a4
factor cell model fingerprint	factor10-nasdaq-w78-diversified_active-K100	1437	28393e324b2039469f1fd95dbdcdbfb0e592474ac4ace44924ddc791c0eb67a6
factor cell model fingerprint	factor10-nasdaq-w78-closet_indexer-K300	1437	dd929f197f32e92cbff1d58ee135e2bf4f285514f34fd4b2441434bbdffa1c29
factor cell model fingerprint	factor10-nasdaq-w78-enhanced_index-K750	1437	62c2bbb55880f4f091283a1c8f45e84a0270e8ad844b60f360c8158ceb29d589
factor cell model fingerprint	factor10-nasdaq-w78-index_tracking-K10	1437	cfd787ec81bfc73f5f7dc5089873d87e9ad8747c86bdc8e58688f484c6df22e3
factor cell model fingerprint	factor10-nasdaq-w78-index_tracking-K20	1437	1e71f2008eb9daa6ae11ee301434f57f52d7d93e484fa1c6a30c1e68398d2aee
factor cell model fingerprint	factor10-nasdaq-w78-index_tracking-K30	1437	a7ea7ed84df701cc3d7cb2c2ef39037a68dcf55dc840a8a1e29eb245b17486d1
factor cell model fingerprint	factor10-nasdaq-w78-index_tracking-K40	1437	f804d5759ed2bec0d65971993057c1e39792d53d097cdb30bc4ad5455514e199
factor cell model fingerprint	factor10-nasdaq-w78-index_tracking-K50	1437	5148bad774c6dce17d877af94cbdba43252aaa0aaad6c9f90976cb41d2888dc4
factor covariance (k=10, floor 5%)	nasdaq-w104	1437	a3673e3e9d609f6b6ff2610b3f76cf90c4b0466a0c2abee583fbf2e17a5b0389
factor cell model fingerprint	factor10-nasdaq-w104-concentrated-K30	1437	98b6b3460f28b65b91a52fe28c8d8ef92b2be90bdbeb7eb3633a4dce95b853d7
factor cell model fingerprint	factor10-nasdaq-w104-diversified_active-K100	1437	7ae7d765ca3b8a2f57d22eac25767407b455ecc833283ea0c1c8e6490e8a2702
factor cell model fingerprint	factor10-nasdaq-w104-closet_indexer-K300	1437	80d87b1da4d3fe358184a58bcfc45d30321a793d53b10a0c2d05594795370ecd
factor cell model fingerprint	factor10-nasdaq-w104-enhanced_index-K750	1437	a396ff934df049f6d9d1bad6c6607481cc4425a6360eb721f0ee28ab4492e2d7
factor cell model fingerprint	factor10-nasdaq-w104-index_tracking-K10	1437	310da93ac074a2ad028adda3a42ff8b8835b7b13af7da95ae87becf4c5d19f18
factor cell model fingerprint	factor10-nasdaq-w104-index_tracking-K20	1437	52f388b4e23593c7377fbd6799c5437ba227f328befe76a12b229144bc86618e
factor cell model fingerprint	factor10-nasdaq-w104-index_tracking-K30	1437	42b8f8b4a0232f7b9b40bff037a90278233af2634aac695304a101fd2d025ad6
factor cell model fingerprint	factor10-nasdaq-w104-index_tracking-K40	1437	7bbb10a4e5f56f480f880a68069e2d97410c8ee8caa6ccab66bfd8f33109cd5a
factor cell model fingerprint	factor10-nasdaq-w104-index_tracking-K50	1437	435b3104dce6fff3087e72dab1640f27a98818a8c5cbd7518596d4017a88c6db
factor covariance (k=10, floor 5%)	nasdaq-w130	1437	373b285562d1b3eb790fd384b6da70137c277595bba84697680eae08ad42689d
factor cell model fingerprint	factor10-nasdaq-w130-concentrated-K30	1437	ddba578e4ae158d6eb99a8c105d9201e6e266518ff4afcb25cf822648f9cd5f2
factor cell model fingerprint	factor10-nasdaq-w130-diversified_active-K100	1437	411a5fbc0cf11c3437f7d0d9c3c428f78d8728b55d4866326fbf1fa982447d35
factor cell model fingerprint	factor10-nasdaq-w130-closet_indexer-K300	1437	251489a373d5bfafab1d9e76a665c913ba481f0c7bc8efd039b77aa804aade62
factor cell model fingerprint	factor10-nasdaq-w130-enhanced_index-K750	1437	b16c99e59381f70f90908c994c4b05e64183f30be9946760bf7bcdaaa5142700
factor cell model fingerprint	factor10-nasdaq-w130-index_tracking-K10	1437	a1c8622e259c697971ad3f79864d29bfcab87cec9ecc0d49b5b2f5494c6a4167
factor cell model fingerprint	factor10-nasdaq-w130-index_tracking-K20	1437	5e00e3c23495ba4b27035725061f54889301a7845f58289e93bb61a3cf7782c2
factor cell model fingerprint	factor10-nasdaq-w130-index_tracking-K30	1437	c0a9df106933a4c5050f2446c664d81c7aacdb92e6cb35e04ba1f955bd37734e
factor cell model fingerprint	factor10-nasdaq-w130-index_tracking-K40	1437	021dc01aeae6ace8eecba697f1ccdb4ba0563d95e9f5b62c4052f3ae130d74e3
factor cell model fingerprint	factor10-nasdaq-w130-index_tracking-K50	1437	76ecee548ac30b528d171fac4f9be70cb63c8dff9d6280ad163172f14d141445
factor covariance (k=10, floor 5%)	nasdaq-w156	1437	b8234c4b632434d50b11b62e3c03988fbfc4d95b1f4e16736534d45d807c27ee
factor cell model fingerprint	factor10-nasdaq-w156-concentrated-K30	1437	4aa4c68a9bc20eb932e0c583690f40aa7ec4df9ca91d1b32a0cb93cc32a6f8bd
factor cell model fingerprint	factor10-nasdaq-w156-diversified_active-K100	1437	f8277240386271aa471ed8f41403f7fbc2a150694f31eca1572deb3254145f67
factor cell model fingerprint	factor10-nasdaq-w156-closet_indexer-K300	1437	a725fda86b40f4c37359a13df4b8082d4a235c72e1601e3879282e70ba5e0984
factor cell model fingerprint	factor10-nasdaq-w156-enhanced_index-K750	1437	c6830cb7cb5b531e7ebd36a1383fad290ba89449ecf15a7716138953950d4206
factor cell model fingerprint	factor10-nasdaq-w156-index_tracking-K10	1437	b6bca9b6d2ad369ab69e97bf9af5d22f3ea3647b07f58b341ab4aa2da5df1afe
factor cell model fingerprint	factor10-nasdaq-w156-index_tracking-K20	1437	20b48896b12a90f73b130b19f8bef3540cfe0eaec6daac5b69efbfa649e73dda
factor cell model fingerprint	factor10-nasdaq-w156-index_tracking-K30	1437	369d9b34ca20342cdb640e36b108fd88341251bb279a640be13ce7ccbe19f980
factor cell model fingerprint	factor10-nasdaq-w156-index_tracking-K40	1437	5d5ec7f6ab9a08d353c4bf171bffbf19d8f81318a35769e8594463a09f22555d
factor cell model fingerprint	factor10-nasdaq-w156-index_tracking-K50	1437	e748acc3e361a449172f64cbf282bb83dc051b404acc8431e8ba0c3637926586
factor covariance (k=10, floor 5%)	all-w0	2901	aeb9e264ed0d992bed1c34116228a662dc6fb10ca7ce4b55dcd7dd466654bc4f
factor cell model fingerprint	factor10-all-w0-concentrated-K30	2901	f784bac8ae89138084c12ab3b701f858f626be0df7a99d10133a6725605d6917
factor cell model fingerprint	factor10-all-w0-diversified_active-K100	2901	187c336d1808571717519f8788ed016868c83bd1616b7155e1f194cfe4bbd655
factor cell model fingerprint	factor10-all-w0-closet_indexer-K300	2901	6dd2d70b3b3266696d3893ea12390c97dec31d2fd73a197f7cf91c5c41b48a58
factor cell model fingerprint	factor10-all-w0-enhanced_index-K750	2901	4c650a29b11c8246e4254585f217a5505334f5149393450d0c50186f8c74db47
factor cell model fingerprint	factor10-all-w0-index_tracking-K10	2901	db3f9a0adba76e2432516aab7d580d77ba6b5ce8b05cd60e21f8bffee037be32
factor cell model fingerprint	factor10-all-w0-index_tracking-K20	2901	8e26ccd8736150fdff98345d74a84900ed83a41fd311b91b27466e84ba904e9a
factor cell model fingerprint	factor10-all-w0-index_tracking-K30	2901	b4d1bcc4aaf230f649c11095b1e3dc6175d6e6953922bfab7967c17fa2d18135
factor cell model fingerprint	factor10-all-w0-index_tracking-K40	2901	d53f150ebab3eba8d7f17575ff0b58c9948bd7520a3216a2b847f90ce58ee5ba
factor cell model fingerprint	factor10-all-w0-index_tracking-K50	2901	fe9293afd326409d87f7f2f3e27f94ff8f8d0942b7342a9c2c1ff01e4e99c0d9
factor covariance (k=10, floor 5%)	all-w26	2901	3e8fc54696f3da7f9da6ad1cb754db48244fe8e608806edf87ddc0822b24f035
factor cell model fingerprint	factor10-all-w26-concentrated-K30	2901	ffed10d7eca0addb19e3f80ed50f2780ea4d56b2a975d04d8dc9281dbeeefb51
factor cell model fingerprint	factor10-all-w26-diversified_active-K100	2901	1ca67e25bc9fbea77486a4ebde5641f6c54dcccdda70784315c363412cd686f8
factor cell model fingerprint	factor10-all-w26-closet_indexer-K300	2901	ac262554aa1e2b8a7f13290a10799a41088832dd8f9dfb4fada8cb0d4db198d6
factor cell model fingerprint	factor10-all-w26-enhanced_index-K750	2901	4df438b2a093d59f09defd6a8de8fe2efde2614f26e944e4a867b88e702c3632
factor cell model fingerprint	factor10-all-w26-index_tracking-K10	2901	3ee2ce5ec0c543cd6094d66d71be6e3a93515cd3a95a51455272f39f5f3d16c0
factor cell model fingerprint	factor10-all-w26-index_tracking-K20	2901	0932338b646b8b89b6e25515839d03ae847bb0a7551fb836bb143dc1f3c98e21
factor cell model fingerprint	factor10-all-w26-index_tracking-K30	2901	aac834e674a46ed39d78cc61fca5d30d30cc9e426d18a69152be794044e76e8f
factor cell model fingerprint	factor10-all-w26-index_tracking-K40	2901	b13815b868837318afe4691b1b7473e1e93076bd2df91bbf10c7a0df02c50f3a
factor cell model fingerprint	factor10-all-w26-index_tracking-K50	2901	a4f821bbb75c1c24e69bf8768a5dabeb03e836e18bad843855c3eb3d19ca695a
factor covariance (k=10, floor 5%)	all-w52	2901	826090ea4778edc671f91e1843977a264a82b4ba67345dcd5c36caf2d410f2ba
factor cell model fingerprint	factor10-all-w52-concentrated-K30	2901	bc27816ad01af20411f340cd516adeff5ab79cfab03af071963c1a464df8db5a
factor cell model fingerprint	factor10-all-w52-diversified_active-K100	2901	27eb5646fb0d80090a0c13d653d3b18edf81e725846d6d2ff179bcaad65dd0ad
factor cell model fingerprint	factor10-all-w52-closet_indexer-K300	2901	9ff0a9f480af318df7a06eaffbab606eef5266e1bb4e977c812fad318b2b8407
factor cell model fingerprint	factor10-all-w52-enhanced_index-K750	2901	16924204d1b13e256da949e9cde82e2c9f1d5209c4203a25489358064552c2ab
factor cell model fingerprint	factor10-all-w52-index_tracking-K10	2901	99b2770bafef38ec2508500b4bc55b2999585ab5778bed31b420f4cac0d08329
factor cell model fingerprint	factor10-all-w52-index_tracking-K20	2901	961a73b9ef021671e88b061058edb78bbb5bd377ed7eee8688cdb8d46ee35dd5
factor cell model fingerprint	factor10-all-w52-index_tracking-K30	2901	08365e46fe14945e8eaf554c3bc5ab0a98b402e6b157e3f3effc4fcc8eca5731
factor cell model fingerprint	factor10-all-w52-index_tracking-K40	2901	885597b242c6c6b2693db4d27062cf46c58dfcaf12b7691f54e8c5d220e72774
factor cell model fingerprint	factor10-all-w52-index_tracking-K50	2901	06469600ad5dc859cd20b4184b03603692eec92d31aee0c020168cab48b10758
factor covariance (k=10, floor 5%)	all-w78	2901	66e2c9c661960ee9d0437a1b4333c2533af2ba9e47f2c72314a80f5e46e8cb71
factor cell model fingerprint	factor10-all-w78-concentrated-K30	2901	411c0b5ee3124049fb3498a7989b708fc039e1ee932b8bff56ac3174da40d59c
factor cell model fingerprint	factor10-all-w78-diversified_active-K100	2901	c80a2ec7b4d5c8f4bef0578c246c5d8c982a2bcc6194ebf9523774e9da9aa389
factor cell model fingerprint	factor10-all-w78-closet_indexer-K300	2901	aa7dfd704a34f98c7f73e46c52fb72e0596079d8303bd7449fa2d57cfadb15a0
factor cell model fingerprint	factor10-all-w78-enhanced_index-K750	2901	4ab1879ded9cbecfbd76a2ee3c2f703bade79be32edf55c58be235f3d0256c4d
factor cell model fingerprint	factor10-all-w78-index_tracking-K10	2901	0ac94db9961975dd2a9bdbefb4b783781e20b9738e31013cfe6ad0d0dc29818b
factor cell model fingerprint	factor10-all-w78-index_tracking-K20	2901	4a56b3a5b6625fa5614ea674fb4cbb87523e8726c3f05b191d7ca28da402a965
factor cell model fingerprint	factor10-all-w78-index_tracking-K30	2901	2bb4d10a3369541cf414bcb5c48d617769251f9b2ea09f5c7506bd5febbf36ca
factor cell model fingerprint	factor10-all-w78-index_tracking-K40	2901	6d7e91575b393d2e69f4ff4b677e54090162af778074537ec655cadf52b1ad39
factor cell model fingerprint	factor10-all-w78-index_tracking-K50	2901	979d72015c50d125b15a0dcba1c443fb640d658195cfdbc9487e4d3508c8767c
factor covariance (k=10, floor 5%)	all-w104	2901	c67a1fd8d965d259513522af0bfdf0866d1c061e145437102ffa32ede5f0d413
factor cell model fingerprint	factor10-all-w104-concentrated-K30	2901	9d6465e710a51d04f3f13cf9d43005424b0aa1044ff1a7b9a09256a2910f5b63
factor cell model fingerprint	factor10-all-w104-diversified_active-K100	2901	52b49a1b705d18e866dcd3ca9f08392f75187d7fd0db0d28e45064aed0140b05
factor cell model fingerprint	factor10-all-w104-closet_indexer-K300	2901	54269794d472a5d536c37badf23bcd82864c51be6c575dcdce190ffd7a24fd51
factor cell model fingerprint	factor10-all-w104-enhanced_index-K750	2901	acf675ea8e3e777fcee6517dd5b6ec62954d03b97825845fd378f7a065f566fa
factor cell model fingerprint	factor10-all-w104-index_tracking-K10	2901	512658e540071a7429c4d3624ad7e5a7276b695b7176c6dc1044d36e833cceb3
factor cell model fingerprint	factor10-all-w104-index_tracking-K20	2901	adc87134b1a74a74a8564f14b81e5f1326ec79c1c63c12c42d5f8ca5a6bd561f
factor cell model fingerprint	factor10-all-w104-index_tracking-K30	2901	041a27473d0a6c4a16da22ab29acfb5628b1ca2e0a57f4bc4f5a252aa534eeab
factor cell model fingerprint	factor10-all-w104-index_tracking-K40	2901	ce994abc9fca895cbbafe25f087c01a332f086d65235bc2d752ff3776339debb
factor cell model fingerprint	factor10-all-w104-index_tracking-K50	2901	68b501e221a0b4dca314b0012f37526d19e74e83090766e9ef996ac14c00b20e
factor covariance (k=10, floor 5%)	all-w130	2901	525da1e688829ef09470f01d36acb5d1e70de4f2313cbe0e57447abf521c1b36
factor cell model fingerprint	factor10-all-w130-concentrated-K30	2901	221d0f44aabbd5ea7dc7fc385ae4db7e48ee3f216f79dbf2cd37c9f87df0e82d
factor cell model fingerprint	factor10-all-w130-diversified_active-K100	2901	e5e75e33481f5f60cd61c9627dcd25fa0fe7533802875cd6481f64021657cf39
factor cell model fingerprint	factor10-all-w130-closet_indexer-K300	2901	9b0bb028670163ef70ceeabf44c185b22e999478f7902fedf59851fb7261f9e4
factor cell model fingerprint	factor10-all-w130-enhanced_index-K750	2901	638f2e97a4520895db277e75a7680fdcc0eeef8988393a3f9c344a7033900afd
factor cell model fingerprint	factor10-all-w130-index_tracking-K10	2901	ad0facd51411cf8a1315be938922995bf750c8fba737ab03245c4f11191f63f3
factor cell model fingerprint	factor10-all-w130-index_tracking-K20	2901	0263519d92a3b7e454845af25b0a13d25fddde01c8a6d8689972928c716e031c
factor cell model fingerprint	factor10-all-w130-index_tracking-K30	2901	6c6928d0ab84532b8746e1e0505cb9550092214560bb83566956c1c22e7e865b
factor cell model fingerprint	factor10-all-w130-index_tracking-K40	2901	7d901c433a5dcb86a4e1d8b5e51f85da86a40216633f03e4180687c149bb61f7
factor cell model fingerprint	factor10-all-w130-index_tracking-K50	2901	80956dab2f14cec47e58d21b50bd9c912d8702e1d99858a4b20b9bcb231f1961
factor covariance (k=10, floor 5%)	all-w156	2901	e92e552dd071ccf185e7403e2ef70c3ea4eba19a4b17d4b2db893878a6f9ea9f
factor cell model fingerprint	factor10-all-w156-concentrated-K30	2901	6b442f1cd255ffb8cbf02f2555e3e3f1f52f8b7aed7843b17c9303a5246a81e1
factor cell model fingerprint	factor10-all-w156-diversified_active-K100	2901	6fc5e3fe7446d7a0aed0d35a2f04e317c2b663bd54bd0eb8ee00d21dc02570a0
factor cell model fingerprint	factor10-all-w156-closet_indexer-K300	2901	5f15c876cf2fa08092d41c0a5776e74cf5999c8b1809b95681cd7bd3cfabdeb3
factor cell model fingerprint	factor10-all-w156-enhanced_index-K750	2901	c147ecf270992f3fd169b18678512efd91977ffac70dc15a2960e853e5a6badf
factor cell model fingerprint	factor10-all-w156-index_tracking-K10	2901	e74bef3fd7e6ae1026b0a77d6e870c003ae2387f645a0c2032ca2b7a1ae2b5dc
factor cell model fingerprint	factor10-all-w156-index_tracking-K20	2901	9003ff5d1af76be53806de64e1fe149c905d91cf28378016769e94441887066e
factor cell model fingerprint	factor10-all-w156-index_tracking-K30	2901	56844d14b68057468a728bf1e9fe145964885a2fd283df026bcf90a0ab25fcd6
factor cell model fingerprint	factor10-all-w156-index_tracking-K40	2901	36f5555bac8bfb08ae43e3e6e3566c011bccaeeaea098be5ce6f5368708a86ca
factor cell model fingerprint	factor10-all-w156-index_tracking-K50	2901	567f50aaa9983efba9f5f427d4ff86f14f9a619527a888f1ef1fa18533b261c8
shrinkage, identity target covariance	lwid-nyse-w0	1464	c903ad20ab28189b38070c29ac4f43c24673fbe02101bae96176814d39967f16
shrinkage, identity target cell model fingerprint	lwid-nyse-w0-concentrated-K30	1464	de2b9486ece475bc84bfcb271a6fedceb35e53b1fe3747941e52ada3d5966ad8
shrinkage, identity target cell model fingerprint	lwid-nyse-w0-diversified_active-K100	1464	0024b3cbb9bb0003ee6d3e1da792e2fec9227435c3059ae5392b2b519da9c5c8
shrinkage, identity target cell model fingerprint	lwid-nyse-w0-closet_indexer-K300	1464	423cb5da75fad71b0723e857d08eca2d6df81f8c8a95eecb36b683ab8a0855f8
shrinkage, identity target cell model fingerprint	lwid-nyse-w0-enhanced_index-K750	1464	29a4ca621bf2049f48836fd88be386cfebe7f830cc117e0744a0d12cb59c2213
shrinkage, identity target cell model fingerprint	lwid-nyse-w0-index_tracking-K10	1464	74bd133e484c043cb8724ab21d656f1e561f84b6df294c1f9ff15173043b50ab
shrinkage, identity target cell model fingerprint	lwid-nyse-w0-index_tracking-K20	1464	1ed7f65bceee5e4b49c8984a0e0516182d3fe5e2651026648c936c49bfa8ad6b
shrinkage, identity target cell model fingerprint	lwid-nyse-w0-index_tracking-K30	1464	255656318dd141d3cc594d4df13bc7f4db82b2f1affd22359dbf42af48747e55
shrinkage, identity target cell model fingerprint	lwid-nyse-w0-index_tracking-K40	1464	f9f95e1e7727e4de494ad1f6472b99b9ec301f95cae14113494fa5c2e4f01889
shrinkage, identity target cell model fingerprint	lwid-nyse-w0-index_tracking-K50	1464	9ee6c019cc631bde7dee68f93a615464689b51d51aa093ba61228f031bc40e07
shrinkage, identity target covariance	lwid-nyse-w26	1464	98115b6e57c04dc4858496d418cd9572feaf11edb2bd6ed00ed0b84fb07a2990
shrinkage, identity target cell model fingerprint	lwid-nyse-w26-concentrated-K30	1464	2db86615f4fbac6a115e7858d353b49fff053f71cf9177a374c15b6d8122a23c
shrinkage, identity target cell model fingerprint	lwid-nyse-w26-diversified_active-K100	1464	f04845e900a7fc6d41bfaaf712cf93fecc9bcb3b032cb26c7bc977bd65c8a679
shrinkage, identity target cell model fingerprint	lwid-nyse-w26-closet_indexer-K300	1464	a8aa5cebeeea7763999f0620e3a872c14070b102834416274e6dcbe8e6c21896
shrinkage, identity target cell model fingerprint	lwid-nyse-w26-enhanced_index-K750	1464	ae83d9e3a7750992fe8007ef371127dd3cf7fa18a4c0445f38e9573781eb0d4b
shrinkage, identity target cell model fingerprint	lwid-nyse-w26-index_tracking-K10	1464	3fd6ef7e90db2b67ded48796a66cc9a6a4e2a1d74366613d6e3ba2b1c5d445da
shrinkage, identity target cell model fingerprint	lwid-nyse-w26-index_tracking-K20	1464	7b021bd4fcc1980c512467da2a8ccf5a392f7203d42fa7c48c71dbb87e081a55
shrinkage, identity target cell model fingerprint	lwid-nyse-w26-index_tracking-K30	1464	14bb35b1471829440e5d1abd79feed72224819344d9a2d950403f36fd66591ea
shrinkage, identity target cell model fingerprint	lwid-nyse-w26-index_tracking-K40	1464	7eac7a61d13ee36b134e70c3ef3127d21f3aefc9cf7db8b23e02f740c127bb69
shrinkage, identity target cell model fingerprint	lwid-nyse-w26-index_tracking-K50	1464	03c3fa97e46516c788637c2cb42cad7768fc8562602eba5f8f774ab4de394ba2
shrinkage, identity target covariance	lwid-nyse-w52	1464	a5e897901ef4bf6d4e121fb168cc65f0c6937e7e9e65381b3b55c39f04ae2d8c
shrinkage, identity target cell model fingerprint	lwid-nyse-w52-concentrated-K30	1464	eb72ab3d398a0a485cd6aa0e5cf5eb790c89d0370a8652fa0513ccb3e73aa723
shrinkage, identity target cell model fingerprint	lwid-nyse-w52-diversified_active-K100	1464	587d8b1ae087eec8ae170bfa0a1ca9e7249be39a12cc3508d38c46be5d6c6555
shrinkage, identity target cell model fingerprint	lwid-nyse-w52-closet_indexer-K300	1464	286d0ec1d18817b9b65267be4d5525aef58d361e79f9ff774fd9f2b84158dfce
shrinkage, identity target cell model fingerprint	lwid-nyse-w52-enhanced_index-K750	1464	e46efe9681c1291cda73f4c0ce9182639848e3fc56a9df0cda3464356b544209
shrinkage, identity target cell model fingerprint	lwid-nyse-w52-index_tracking-K10	1464	4dc550d5bb6f2be351ab0ed6af11cf9d021befb381d125d7e910612e5bd07a8e
shrinkage, identity target cell model fingerprint	lwid-nyse-w52-index_tracking-K20	1464	4391637a5d65d6c4e5f62a959808062cc657fdf71089e4f955d3731bfda28e01
shrinkage, identity target cell model fingerprint	lwid-nyse-w52-index_tracking-K30	1464	cc9e40fa1364630bbff484a6592123de84c203c210bca23f9eff93910e1d32bc
shrinkage, identity target cell model fingerprint	lwid-nyse-w52-index_tracking-K40	1464	c4d9e7bf4109998334a5c54acfe0cff3650bcae0f5aa625fc558320f626d488c
shrinkage, identity target cell model fingerprint	lwid-nyse-w52-index_tracking-K50	1464	1bebac83dd75ac8b3b744cc9b6a5a1f8c0ea05316a6e631145672a40ed797beb
shrinkage, identity target covariance	lwid-nyse-w78	1464	49687693887c79a01fe0d0f7dccbaf8a40733cfb58e9ebe244502117583a7c88
shrinkage, identity target cell model fingerprint	lwid-nyse-w78-concentrated-K30	1464	408466503ff0e307d31484e2a529617abe7c9a37080bbad155bf7069123e02c8
shrinkage, identity target cell model fingerprint	lwid-nyse-w78-diversified_active-K100	1464	7f21585c5bbf9f75d9255df744710f3ac87b124e5338c8e06afe267a8b0eb83d
shrinkage, identity target cell model fingerprint	lwid-nyse-w78-closet_indexer-K300	1464	13a089e0d865f20490a55f2dc8fc6c5512b8d0f64feaa64d1de3b1c63772e59f
shrinkage, identity target cell model fingerprint	lwid-nyse-w78-enhanced_index-K750	1464	79923e11903965f5251745d60711adc5cad1c4f61c8e94a6b2d10b81f938c8c3
shrinkage, identity target cell model fingerprint	lwid-nyse-w78-index_tracking-K10	1464	fef270998f20beb3f6fdcc4fcc668495abaf8d9bacbd7b73661c726f2410d6ea
shrinkage, identity target cell model fingerprint	lwid-nyse-w78-index_tracking-K20	1464	24d628fb0cf341dd105908f599f8c660a0d2487e7c43015362c2317d2ed2b9b1
shrinkage, identity target cell model fingerprint	lwid-nyse-w78-index_tracking-K30	1464	10a1abde49c29109d8ece405323cb42ec42b15f59d1b73c5fe63ba97fa20dd38
shrinkage, identity target cell model fingerprint	lwid-nyse-w78-index_tracking-K40	1464	87b2983a2334d7c83fbe6d67915cd1c9556ce8956b4a55a349a28f32f4f0a4a7
shrinkage, identity target cell model fingerprint	lwid-nyse-w78-index_tracking-K50	1464	3f9400d250975161790ad962593f58a2d6d3f6220b3168e46a66fab6e2ce539c
shrinkage, identity target covariance	lwid-nyse-w104	1464	82f3933fd52c4a3529e6315ce0bad0fcb274c896392e7ea1c2763b51765dd01e
shrinkage, identity target cell model fingerprint	lwid-nyse-w104-concentrated-K30	1464	311e561d7f94ae5d1a454406326034f6ef681320a5e4fec139d9d8f673186c51
shrinkage, identity target cell model fingerprint	lwid-nyse-w104-diversified_active-K100	1464	212f326ea79b15e91228824c9b0e2516bf6a7e327a96123d71bb755b8f35b219
shrinkage, identity target cell model fingerprint	lwid-nyse-w104-closet_indexer-K300	1464	d881615fdd046f824c5300b5b0e07b5c7fef15a5c9b79181f10e0a097ba71835
shrinkage, identity target cell model fingerprint	lwid-nyse-w104-enhanced_index-K750	1464	de5ec3d9fc07589128284e705ea187eb70ec55e74a162913cdfcdba30026dbdc
shrinkage, identity target cell model fingerprint	lwid-nyse-w104-index_tracking-K10	1464	f9166a29c359a531db348324600d339e398f183a18a0ea6d00459552de0fc1ec
shrinkage, identity target cell model fingerprint	lwid-nyse-w104-index_tracking-K20	1464	8ef6424fc7d230f373dc573a8dd82db3ff66d9603586fa9a9dd546f1538d1ec8
shrinkage, identity target cell model fingerprint	lwid-nyse-w104-index_tracking-K30	1464	b0c5e7fa92f33aa095e59827f5cc53e3d0a86a76a867df7fdece87b8428c0b3a
shrinkage, identity target cell model fingerprint	lwid-nyse-w104-index_tracking-K40	1464	9217bd0dec60407d7aa91e47468b06f24e850bb4d3e33a6128b4dbd64f2cfaa1
shrinkage, identity target cell model fingerprint	lwid-nyse-w104-index_tracking-K50	1464	f7f29d80e525d354be2ea3e4cd4579968c61720448cbc81c86708ca06d5088e3
shrinkage, identity target covariance	lwid-nyse-w130	1464	c9860d7133c9a932c978b8a3e6f6c74a8de2d27a5276d1d3e44ab3610f4e03df
shrinkage, identity target cell model fingerprint	lwid-nyse-w130-concentrated-K30	1464	884a7b8f71abbfa85b58bb12373362ea647c73a0e098e2d3f1d9d8346353c01f
shrinkage, identity target cell model fingerprint	lwid-nyse-w130-diversified_active-K100	1464	0a0f9b208603e12bb71f02ec90d8e072e2b5b409c1d24e4d34c8a81460b564da
shrinkage, identity target cell model fingerprint	lwid-nyse-w130-closet_indexer-K300	1464	f00b1bbb120369f965f11a7360552cdeef63b6008fe14202b81bed57a5c59c8e
shrinkage, identity target cell model fingerprint	lwid-nyse-w130-enhanced_index-K750	1464	3de46aaecf6369bde6a0662c95d36fbf95b919bb6153ddedb165e5a30b7c18cb
shrinkage, identity target cell model fingerprint	lwid-nyse-w130-index_tracking-K10	1464	9af7d27b7b77ad7678e67679556ed7fcda9b502e8a71a7c784b94e5941750f0c
shrinkage, identity target cell model fingerprint	lwid-nyse-w130-index_tracking-K20	1464	dff6821f493cc926354701b8a0d8dd684df7b40c5fcdf29bf68e4f53b7674af7
shrinkage, identity target cell model fingerprint	lwid-nyse-w130-index_tracking-K30	1464	38ed25b4733ee15006d607ff20999a6fa92c751a3eecce12349e541aa8313796
shrinkage, identity target cell model fingerprint	lwid-nyse-w130-index_tracking-K40	1464	fb9e0082e8f918f0ee9e3d54ee8c058dc5559772a1e3bd6bfc1543bd001925b0
shrinkage, identity target cell model fingerprint	lwid-nyse-w130-index_tracking-K50	1464	03ef96fe44a5ac854471111e26b850fd87e35de9e878ec8a42c481d8f0671bfc
shrinkage, identity target covariance	lwid-nyse-w156	1464	44770486db1c36fec7829c80307d88b7b7b83be8df873724fc0f94e93e34a0a6
shrinkage, identity target cell model fingerprint	lwid-nyse-w156-concentrated-K30	1464	f4a37e1322509d6e31d7f7fe932fc07a8efb0ba64dbb155a5c04567eda271b45
shrinkage, identity target cell model fingerprint	lwid-nyse-w156-diversified_active-K100	1464	7d25cdadf64cb9dc81d232e58bfee0ce11d6ffe9ed32464a1fa7164f3c860db1
shrinkage, identity target cell model fingerprint	lwid-nyse-w156-closet_indexer-K300	1464	e14cec786e6c329938a69dd54397825f7daefc2b9a23a11cfc6fa95e40199015
shrinkage, identity target cell model fingerprint	lwid-nyse-w156-enhanced_index-K750	1464	8d1ab588e72c93aacf31832470a3f7b1a1b61ea7da3a98e9cff6004fe4faf00b
shrinkage, identity target cell model fingerprint	lwid-nyse-w156-index_tracking-K10	1464	4968fc54046b7f5fea1bfb6c805d271b799c1cdddc6e34b347223acaefe33199
shrinkage, identity target cell model fingerprint	lwid-nyse-w156-index_tracking-K20	1464	7126ebd6717a3f3c388fa9990e95f10c272a215e95542ffc15e9377297cfdf33
shrinkage, identity target cell model fingerprint	lwid-nyse-w156-index_tracking-K30	1464	fa2d650721aa80c5b08db42f37208b0d0d80a8e2759a2f39d11b936cc74617db
shrinkage, identity target cell model fingerprint	lwid-nyse-w156-index_tracking-K40	1464	e49ff8291360246ab807c2741072ab7f84813f562c7e212b3a1d53ba81861298
shrinkage, identity target cell model fingerprint	lwid-nyse-w156-index_tracking-K50	1464	87a1112e9bdbc261df51071faea3b09d12072e33f7e1f09b37ebbe18cdcc8f6b
shrinkage, identity target covariance	lwid-nasdaq-w0	1437	062236992aedaeaac928fa48cb29f602674da1b46fbecd45d0116076277bb244
shrinkage, identity target cell model fingerprint	lwid-nasdaq-w0-concentrated-K30	1437	ca07459e97b720612bfbae4523372c773fb93c2b0d3593ea9a44014882039255
shrinkage, identity target cell model fingerprint	lwid-nasdaq-w0-diversified_active-K100	1437	52a70afc4a3784151a379ff17c5b17c53ad3435c02cf7eb473c1efb54e3dd73e
shrinkage, identity target cell model fingerprint	lwid-nasdaq-w0-closet_indexer-K300	1437	f2be1abd50cc37c589045824ae2df2cf68667ad438ec3927be1fb78f200f2fea
shrinkage, identity target cell model fingerprint	lwid-nasdaq-w0-enhanced_index-K750	1437	9d6b3d35cfc0ba54ed0923ccdbeec2020b1ac42a9274b56c8fde0072954bc76a
shrinkage, identity target cell model fingerprint	lwid-nasdaq-w0-index_tracking-K10	1437	c3e31ecbd39ebdffe5f62c583f11c4925f57f0d9256074b7da5c6855f399c28f
shrinkage, identity target cell model fingerprint	lwid-nasdaq-w0-index_tracking-K20	1437	aed8d388bf56603a37e46fa0dc14f9cbb9f31ff629d2a1941b07c8b66bb983a7
shrinkage, identity target cell model fingerprint	lwid-nasdaq-w0-index_tracking-K30	1437	a3a06cc830a4cc70bb49bbf36fabd04d65eea5625af4cd35923cb697fa96ea2b
shrinkage, identity target cell model fingerprint	lwid-nasdaq-w0-index_tracking-K40	1437	29f42d032b91cff5c62474876df3b2503817c7fde7079e2173d378c9d4237900
shrinkage, identity target cell model fingerprint	lwid-nasdaq-w0-index_tracking-K50	1437	e7557108c0ab9937cd53eccdbecc6e62f46d248f61a4f25105e1bd989abb3112
shrinkage, identity target covariance	lwid-nasdaq-w26	1437	c79d340ad307932db8a09b642890ab2e632b19beda76aa478c05007f01b0f0d7
shrinkage, identity target cell model fingerprint	lwid-nasdaq-w26-concentrated-K30	1437	704dc8f4bbe00ca5a771f74277c4a648f9bd8d35ac3606415e3baf02d23c0376
shrinkage, identity target cell model fingerprint	lwid-nasdaq-w26-diversified_active-K100	1437	4a228f653941ef2df31a71bf01b26902164cfd09ac8777eb0e6d7119bec4848f
shrinkage, identity target cell model fingerprint	lwid-nasdaq-w26-closet_indexer-K300	1437	384c1c44a7d9cffba59af8689c766888b74ba009274d857dfbb51015a0da810a
shrinkage, identity target cell model fingerprint	lwid-nasdaq-w26-enhanced_index-K750	1437	06ec963d79414de5ed752501d4463e1ac30812f9fde2b1afe60be3fda4f3bc78
shrinkage, identity target cell model fingerprint	lwid-nasdaq-w26-index_tracking-K10	1437	a2154ef573338e7cfb0cde1bd76c224afd8baf0b09aaafba32c9f008bf0138ed
shrinkage, identity target cell model fingerprint	lwid-nasdaq-w26-index_tracking-K20	1437	0ebeeaabd0915caead111bcb0338d43177875c07fe013ae8a0e84b32bb586479
shrinkage, identity target cell model fingerprint	lwid-nasdaq-w26-index_tracking-K30	1437	0b708bc49ada53a2de654318f538a6cc2d3d08e2e71c829802ecd785a73a3f29
shrinkage, identity target cell model fingerprint	lwid-nasdaq-w26-index_tracking-K40	1437	91f54cbcd17bfe51106b9411423c3c8130414052c8e4cfb98a3c935b5b660d86
shrinkage, identity target cell model fingerprint	lwid-nasdaq-w26-index_tracking-K50	1437	4151121b625d5cc0d2539c5bbdc9bdc76bbfb08c119dd85ebb3faa8323eb1719
shrinkage, identity target covariance	lwid-nasdaq-w52	1437	a156474af9b44402a1bc367858f5942e52123e3f3ced25f063ec4dab1a870d04
shrinkage, identity target cell model fingerprint	lwid-nasdaq-w52-concentrated-K30	1437	39bbc330df215f776684d97a2aba689ec04ac0ea0fdfecaa7c566c90f001c96f
shrinkage, identity target cell model fingerprint	lwid-nasdaq-w52-diversified_active-K100	1437	2e12c35195be7514d8490b8ba09af7838f993fa30594e5d32df0a906d143aa3e
shrinkage, identity target cell model fingerprint	lwid-nasdaq-w52-closet_indexer-K300	1437	20baee0d80124411b572508ce21c2022a2e3fd44ad9429937aeb5d7792353c96
shrinkage, identity target cell model fingerprint	lwid-nasdaq-w52-enhanced_index-K750	1437	439f2ca038d357a9106e7726f88553aaf1700e97f036fd26d8c200f0b481837d
shrinkage, identity target cell model fingerprint	lwid-nasdaq-w52-index_tracking-K10	1437	9d90932ecf44982c75546eba99ffdd33329d16bd5965eb70b6ca7dcdb0227553
shrinkage, identity target cell model fingerprint	lwid-nasdaq-w52-index_tracking-K20	1437	ef7a1fb4287b381a7035000fb37fa324d808d8f1ee30cbfeba0536748b1be164
shrinkage, identity target cell model fingerprint	lwid-nasdaq-w52-index_tracking-K30	1437	f35e3359a4db694a69dae49bb88ad4c7086a6d2721ae8298ece4b497e7150289
shrinkage, identity target cell model fingerprint	lwid-nasdaq-w52-index_tracking-K40	1437	0727c08dfa7963a6fc87156f4c10531827bec25ef06be67d07395b178dcd38c7
shrinkage, identity target cell model fingerprint	lwid-nasdaq-w52-index_tracking-K50	1437	1d787d0b17890186b09f8bc4486a47fcd8d748a5b0303f8452944e1819068943
shrinkage, identity target covariance	lwid-nasdaq-w78	1437	fcbd717d982ea6a99619ab801d0bd5c2d2c725828e767bdb43ca5ab8d2363823
shrinkage, identity target cell model fingerprint	lwid-nasdaq-w78-concentrated-K30	1437	c0ef95158441e4ddc0f9fe56c87db9d115f228b3750257a550be4e7d12408ee6
shrinkage, identity target cell model fingerprint	lwid-nasdaq-w78-diversified_active-K100	1437	747cdf4ce0f2401e33529a8417ee11cc40ecc1362dc032d3b76cd392518f2f8d
shrinkage, identity target cell model fingerprint	lwid-nasdaq-w78-closet_indexer-K300	1437	250b8d6aae78125a3c0d27581aa5635fa38023bed9df19a8af98a77373d0a676
shrinkage, identity target cell model fingerprint	lwid-nasdaq-w78-enhanced_index-K750	1437	521d6354d4cf6bde1850c7ea7be4bed80597d7ff45bae0d166498b512d75d27d
shrinkage, identity target cell model fingerprint	lwid-nasdaq-w78-index_tracking-K10	1437	1a7aed6d5779194bc96fc6a651dda0cf8f48b67b7fd5d335f872480c53eaef6e
shrinkage, identity target cell model fingerprint	lwid-nasdaq-w78-index_tracking-K20	1437	3d66f67239590aff818b2e519e46b9718e84639ebf06a125b35ced846da44f50
shrinkage, identity target cell model fingerprint	lwid-nasdaq-w78-index_tracking-K30	1437	5dd3c6ef4dce04bd1a79e76a019d5ef5c62826404a1c606d24077cbafabd2b25
shrinkage, identity target cell model fingerprint	lwid-nasdaq-w78-index_tracking-K40	1437	b3dfd28e82544e785b0af66441422bea49bfddd0dbc4f74217341d8f3aa8e009
shrinkage, identity target cell model fingerprint	lwid-nasdaq-w78-index_tracking-K50	1437	7b7284bad20c02a764e66a54927d6e6522df99ac36b3dd344fc0d37142a2bbb9
shrinkage, identity target covariance	lwid-nasdaq-w104	1437	a4c1cc609e7538695870923eaa098a5b3ecfcf0f93dd9c514f7daa80b25a9ee8
shrinkage, identity target cell model fingerprint	lwid-nasdaq-w104-concentrated-K30	1437	e7b98f72302d1aabc89a0318ece5627006d3190f602309ce3c5553479f45706c
shrinkage, identity target cell model fingerprint	lwid-nasdaq-w104-diversified_active-K100	1437	5759542ecc2676e52c9608c69d83320f1ef31c08709f181bacfc717a6875900e
shrinkage, identity target cell model fingerprint	lwid-nasdaq-w104-closet_indexer-K300	1437	3c00c392e87cde0416be0ce755654d1974c80758052e80a709f88990b911e353
shrinkage, identity target cell model fingerprint	lwid-nasdaq-w104-enhanced_index-K750	1437	7e3095a1ff8d3c8349bf899641e96929bf8b32d09a95287e1d9f7b4012a23a0b
shrinkage, identity target cell model fingerprint	lwid-nasdaq-w104-index_tracking-K10	1437	9fcdb5138a8fab59810ee236f360f2bda3afd1f14e838fca231da6a619cfc6f8
shrinkage, identity target cell model fingerprint	lwid-nasdaq-w104-index_tracking-K20	1437	1511226e91e1e62a0995336c7d5da1e64e58207e494352ef37102e219062aeb3
shrinkage, identity target cell model fingerprint	lwid-nasdaq-w104-index_tracking-K30	1437	9789ac14a8001a16ed1e9fe7aee44f47954ed31f850e00ff39497ca9e1218d67
shrinkage, identity target cell model fingerprint	lwid-nasdaq-w104-index_tracking-K40	1437	9bbf70a6659b509b9c3796989adcdcb4c1edf13abd2f7af58b6b0427299011ba
shrinkage, identity target cell model fingerprint	lwid-nasdaq-w104-index_tracking-K50	1437	0edf70c83698c2c764854c178f021902d7a69770cacce536c93b01552c982e48
shrinkage, identity target covariance	lwid-nasdaq-w130	1437	f5599c91b622940e63dae465f653f552ca9f39364abb016df31a47f122eec371
shrinkage, identity target cell model fingerprint	lwid-nasdaq-w130-concentrated-K30	1437	4e225b94547c4870c4515ac468415c635b13e8864e565c6f054d7c5ae7fa3bd3
shrinkage, identity target cell model fingerprint	lwid-nasdaq-w130-diversified_active-K100	1437	5f6dc9a7a3148080b1d605e111e8103af8ebfbea84fe9160caae3c6242f28ab9
shrinkage, identity target cell model fingerprint	lwid-nasdaq-w130-closet_indexer-K300	1437	f873ebf6915768b18a4c10a7fa125a9fbe3cd83a2f6393ccaf37264a87031715
shrinkage, identity target cell model fingerprint	lwid-nasdaq-w130-enhanced_index-K750	1437	9700778ee2d61064c57c52fce57c453b411eb1c066eb6eaa6e26f95eabb993fe
shrinkage, identity target cell model fingerprint	lwid-nasdaq-w130-index_tracking-K10	1437	3a699c0929d34abcfac282f732f5d638d1917d180861dd5f5491a0c031e5edbe
shrinkage, identity target cell model fingerprint	lwid-nasdaq-w130-index_tracking-K20	1437	0e08d5c7dc77053916811462c2294adec97eacc0d115342d1e65be16f4aa64d6
shrinkage, identity target cell model fingerprint	lwid-nasdaq-w130-index_tracking-K30	1437	550ebe4705c7da89dc55d04b820ee8ec2bf29035b0fee8e5f673798fb3c04919
shrinkage, identity target cell model fingerprint	lwid-nasdaq-w130-index_tracking-K40	1437	fe441245fd27e279c2bb94152ad60865c3ed13a5f99090185b761c7e2a54e832
shrinkage, identity target cell model fingerprint	lwid-nasdaq-w130-index_tracking-K50	1437	8321c450d3aa6e41cf3df77ed4fc4a2cd8b3d7f82d3473f123741403a0d83019
shrinkage, identity target covariance	lwid-nasdaq-w156	1437	174f79cbcc7cccbc869b35ef745177cdd07140d43f9bd60dac002dd158086de1
shrinkage, identity target cell model fingerprint	lwid-nasdaq-w156-concentrated-K30	1437	d8d19adc69c94b661839ebdf88b461c9617ea2a8dbcd6c66b6cf31e3ab284513
shrinkage, identity target cell model fingerprint	lwid-nasdaq-w156-diversified_active-K100	1437	ead6c73d6ec1875e561e4979d4e7f502ea67e192a6ed95610b35d47cd0e97159
shrinkage, identity target cell model fingerprint	lwid-nasdaq-w156-closet_indexer-K300	1437	37dd1119e98cc66380d93db6360aac5fce0e3bd9b311ba432faf29922d7f7715
shrinkage, identity target cell model fingerprint	lwid-nasdaq-w156-enhanced_index-K750	1437	b3b67675840d8e7611d273e9c63907305b747c0cf63955a41bc60c6ee4a2a670
shrinkage, identity target cell model fingerprint	lwid-nasdaq-w156-index_tracking-K10	1437	0846b096f419364627e8190c73dc5945a7057e9cf993d0a40d6ca7452b022e55
shrinkage, identity target cell model fingerprint	lwid-nasdaq-w156-index_tracking-K20	1437	18c9408b634456bf26e37f5a97304377e51de786ce3864ac4ffc74484703b200
shrinkage, identity target cell model fingerprint	lwid-nasdaq-w156-index_tracking-K30	1437	b8a1603e8eb6b2e9409b20765ec184db4726da77d0f3b3b87d6ccb557e19cba6
shrinkage, identity target cell model fingerprint	lwid-nasdaq-w156-index_tracking-K40	1437	81d70d644fb2c17594f11a109ffa29573b2a98e1233899ffb877ec6a72b064e4
shrinkage, identity target cell model fingerprint	lwid-nasdaq-w156-index_tracking-K50	1437	10e3665059e7a2dfda1332a76db37d882a2c9805ff2386cc97d08a39b04cc548
shrinkage, identity target covariance	lwid-all-w0	2901	279d053986ecd6e4f827dcf2c341d3f81e46ccf05683e88bd93ee2d24cf01f6c
shrinkage, identity target cell model fingerprint	lwid-all-w0-concentrated-K30	2901	c8f7bd40da62f0fabb037d10aa55808d11855af46bbb232228f8437f1b9393cf
shrinkage, identity target cell model fingerprint	lwid-all-w0-diversified_active-K100	2901	7714d460c81c403cc4259cc7c409e0691538f359c1ed2a873c24cb7a686cc494
shrinkage, identity target cell model fingerprint	lwid-all-w0-closet_indexer-K300	2901	b5f1bdb34e38f70af53149088069ef2ad79f4e45d2fc7edf8eecd9aa71e59283
shrinkage, identity target cell model fingerprint	lwid-all-w0-enhanced_index-K750	2901	449e8deef148ddd0cee5aab56e1dc659b71f5025e19dc2a17fcd638c4ba7f967
shrinkage, identity target cell model fingerprint	lwid-all-w0-index_tracking-K10	2901	56905a509573a840966a16966f8be5111754d2c8d353117c2ae347d833740fd0
shrinkage, identity target cell model fingerprint	lwid-all-w0-index_tracking-K20	2901	83099859e95affbdd974418f452b07c7d6f890d59ec2f966dc6ba0d595f625fd
shrinkage, identity target cell model fingerprint	lwid-all-w0-index_tracking-K30	2901	aa1ebdd3ef789300bd766c4474e3d736c79626cfdcd6cf0c6c26b970adea2e87
shrinkage, identity target cell model fingerprint	lwid-all-w0-index_tracking-K40	2901	7a236b4d21033ab6b9c49326c4ed6031e7f86d6c800cc826bac90995e702cec3
shrinkage, identity target cell model fingerprint	lwid-all-w0-index_tracking-K50	2901	437d91cdc033318e61f76c3309208bc0aba218972f4383221c9d49cbd993fd6e
shrinkage, identity target covariance	lwid-all-w26	2901	dce49c9b2e64c3da8d98f4b32c810c7119c7c296d1d01dbabb84ee8bf321003c
shrinkage, identity target cell model fingerprint	lwid-all-w26-concentrated-K30	2901	2517f60d800e87f982c063c3f7fa464939e367a187f01bfdac8ab596361f2632
shrinkage, identity target cell model fingerprint	lwid-all-w26-diversified_active-K100	2901	494824d9bfc5b2f513502651f174a4bb21c8b2fef3e345bbb932a090b275ef7c
shrinkage, identity target cell model fingerprint	lwid-all-w26-closet_indexer-K300	2901	75ac864edfe58a95d266690d43a152501247e1f08de5cd3ef59aedc1152374e0
shrinkage, identity target cell model fingerprint	lwid-all-w26-enhanced_index-K750	2901	85a1c872ed5ddc8f24075676a912e399957edd61bf092bb617510f1748e43d11
shrinkage, identity target cell model fingerprint	lwid-all-w26-index_tracking-K10	2901	cc997e134ddcfd64a87afd9751a99c0b45217336eb746fc08a0bd726f587efd9
shrinkage, identity target cell model fingerprint	lwid-all-w26-index_tracking-K20	2901	2f9c9583624fb728af6b3fa184264d63767a3c0a4ee2db35339d19bddeb94dab
shrinkage, identity target cell model fingerprint	lwid-all-w26-index_tracking-K30	2901	8102628e7b6de5fbf76dea81a837891e69250a0441a098403478d3b802067b55
shrinkage, identity target cell model fingerprint	lwid-all-w26-index_tracking-K40	2901	26fe7a9ca2d698c8e5394bfa92339c2218bb37d01a65dc164ce30b5e29a54eb7
shrinkage, identity target cell model fingerprint	lwid-all-w26-index_tracking-K50	2901	45854f1975dc86ab803803350b5eda054e59a972be449dbedeeecb942f483a44
shrinkage, identity target covariance	lwid-all-w52	2901	e7cde5267257628645cbdd546bd9246f60626ce5c87ce32c504e9b387d49d8ee
shrinkage, identity target cell model fingerprint	lwid-all-w52-concentrated-K30	2901	a356be0e93388132d2f3f8051366036781359eddf255c16fcd3dfb064209df8b
shrinkage, identity target cell model fingerprint	lwid-all-w52-diversified_active-K100	2901	952b2fe5139d077ec02a846a44b0176bbcba90a8b228725894b282fa68084372
shrinkage, identity target cell model fingerprint	lwid-all-w52-closet_indexer-K300	2901	cfe8f3854a496f3df49fdb95c24993b7bee74781ad1e814d6905acb587bed341
shrinkage, identity target cell model fingerprint	lwid-all-w52-enhanced_index-K750	2901	10d0e36f249ae65ab6fc082df962f6e7fbd8282a8c48f65b83c0866379e43e59
shrinkage, identity target cell model fingerprint	lwid-all-w52-index_tracking-K10	2901	7df11d52036852aff72d19d0e79375e99e89c7f60452a19d01ea99c000b5cde8
shrinkage, identity target cell model fingerprint	lwid-all-w52-index_tracking-K20	2901	32ead414437b82c7c892214532949013f7fdf28c8d59ef0f4d406c9b7a7ca397
shrinkage, identity target cell model fingerprint	lwid-all-w52-index_tracking-K30	2901	8215287a7327913778f02e8e95c3b965b646196d20c0bb00adf34b82fafe081b
shrinkage, identity target cell model fingerprint	lwid-all-w52-index_tracking-K40	2901	a48eb3fc413b143f55e5ba3d56688c3e415e96eb38c06cde1882ed3dc45323a5
shrinkage, identity target cell model fingerprint	lwid-all-w52-index_tracking-K50	2901	9dac80ee2271d384c53ea270d3ed1feec93b1492ec0b064c9266af6fb3fa383f
shrinkage, identity target covariance	lwid-all-w78	2901	b25ec312ef6017fe2d8a485c1e9ab7f67c3a0559d6a0a58746004b357841ffcd
shrinkage, identity target cell model fingerprint	lwid-all-w78-concentrated-K30	2901	04eb158dfc61ba848139dea37582a7fe5ed3594063cfb54377db061e0d259be9
shrinkage, identity target cell model fingerprint	lwid-all-w78-diversified_active-K100	2901	5d32cd9cca6266f23f6755474ac1ccf5a22d5775cec557ac22e50d36d98f9499
shrinkage, identity target cell model fingerprint	lwid-all-w78-closet_indexer-K300	2901	ed688bb70fe5ca842eab463202cc7a0a374ee592e48938fa23e80b2b187abb94
shrinkage, identity target cell model fingerprint	lwid-all-w78-enhanced_index-K750	2901	a3c6320d1a4d641ee6fe1b4831cfab1e3e192fb8eccc02462dbf52b777c2bde6
shrinkage, identity target cell model fingerprint	lwid-all-w78-index_tracking-K10	2901	a39013c09d1f4ef30077aa122b8c2218ec5adb8566565e4ca780468ba8a26eeb
shrinkage, identity target cell model fingerprint	lwid-all-w78-index_tracking-K20	2901	f87f919f7941893e71d984b2ba53a19101a7ee0ad4452a82ce1c4e29c557e1c2
shrinkage, identity target cell model fingerprint	lwid-all-w78-index_tracking-K30	2901	2ecb411ea4b842e37e584af5d9967210fa779e375825e62a225ddd20e7bd46b6
shrinkage, identity target cell model fingerprint	lwid-all-w78-index_tracking-K40	2901	7b1b571f7a5c7740dab2e5abc441ec9131ffb0e69023af059a63d58cddd7d1be
shrinkage, identity target cell model fingerprint	lwid-all-w78-index_tracking-K50	2901	115b113df8ec295b83c163315d2b16cf003b0e48d692d5da8cb9a095ec26c387
shrinkage, identity target covariance	lwid-all-w104	2901	3d370267e5643238fe888f443d14550d72f3d8cf1e2055467c28de5176124712
shrinkage, identity target cell model fingerprint	lwid-all-w104-concentrated-K30	2901	93180294d8986c88e9b5f48089b7246b2a225d8ca28311735543d5d7f4f39761
shrinkage, identity target cell model fingerprint	lwid-all-w104-diversified_active-K100	2901	05bebd2bb71128d4d2d6b520477d962d79b15a8bf813ea09346aaaa5f1fe4bd7
shrinkage, identity target cell model fingerprint	lwid-all-w104-closet_indexer-K300	2901	af24efc712b16f8900e6bf9eae2e9fbd7e00c01af72b66ba8313ff7aaaa72f81
shrinkage, identity target cell model fingerprint	lwid-all-w104-enhanced_index-K750	2901	2c25ed9e3cae499d7b983c71ecf42dd62b0979386895bdc7f0bad5c9f85a96e2
shrinkage, identity target cell model fingerprint	lwid-all-w104-index_tracking-K10	2901	c8694f1fc58458a99156999c07816cfcb39c71801fc951c09dea21ac77600fcb
shrinkage, identity target cell model fingerprint	lwid-all-w104-index_tracking-K20	2901	2e3301d09cdcf14019ef9dc1cbe901913d3f39ae1b9ad8d8196c9228adf67e6b
shrinkage, identity target cell model fingerprint	lwid-all-w104-index_tracking-K30	2901	3a45f4d254b67e247f6e19c6ad647b817006bfbac4a47b28f86d23f6cadad3d6
shrinkage, identity target cell model fingerprint	lwid-all-w104-index_tracking-K40	2901	208c13fcbe43f1241bdaef08a42531ea664bfedcc4d5f6fddd96e901c839c542
shrinkage, identity target cell model fingerprint	lwid-all-w104-index_tracking-K50	2901	98002d3d01e5a56707a7f840e34a09df5441d8c1ae835e53a63ac6fcf9c44a28
shrinkage, identity target covariance	lwid-all-w130	2901	9a5258046f59f5a540db37bdc4fa14546a8e2f9e1a3e48091fbadbe0313d1134
shrinkage, identity target cell model fingerprint	lwid-all-w130-concentrated-K30	2901	0a606ad0a408864723312f96ee905c617929f5956b600d1b6141fb10e2eee68b
shrinkage, identity target cell model fingerprint	lwid-all-w130-diversified_active-K100	2901	3d85733279bf50b5658a25f18402eea2901ba1e009938db4a4af0436129a976b
shrinkage, identity target cell model fingerprint	lwid-all-w130-closet_indexer-K300	2901	45249245c180fcf9af69d5218d1c8bf5c5598f1558509b61760746c9df59383f
shrinkage, identity target cell model fingerprint	lwid-all-w130-enhanced_index-K750	2901	ea0b14d5fb488bb968a238cd92cb839a0c1a39189d3a5ba7bea60cbdfd66b405
shrinkage, identity target cell model fingerprint	lwid-all-w130-index_tracking-K10	2901	1ce7c884d89715327c77883f09098598152fef42ee61e53d0b096f81678e4caa
shrinkage, identity target cell model fingerprint	lwid-all-w130-index_tracking-K20	2901	08d069b74a815980b1afb292516d5373229aafab60d79ac2bc98c91333a9b4ff
shrinkage, identity target cell model fingerprint	lwid-all-w130-index_tracking-K30	2901	8dd9332e19d6ab4837a6e6d2faacbdf7614b490f679ba16644695555d0e37e0a
shrinkage, identity target cell model fingerprint	lwid-all-w130-index_tracking-K40	2901	0980cfae2de5f978572c71ff58b6c5fcb214dd389e0bf621f5e67a5870a44e16
shrinkage, identity target cell model fingerprint	lwid-all-w130-index_tracking-K50	2901	ad4505a39ac42a218e16d0ea72b2a2799231d2406fb0dbfa11eda9b9d3d07619
shrinkage, identity target covariance	lwid-all-w156	2901	96910aa121b40e7a63cc8cca5f7483ecf68cad63d1e66571169bcef4369767df
shrinkage, identity target cell model fingerprint	lwid-all-w156-concentrated-K30	2901	9c7b4ac262206bfce1c3486ae0e2d7d6ec17ff74b0309664d212534b5a646b33
shrinkage, identity target cell model fingerprint	lwid-all-w156-diversified_active-K100	2901	e1815268f3fe7e79d718722752a93e6d827069dcafba8f7df82a6755ffa1f31b
shrinkage, identity target cell model fingerprint	lwid-all-w156-closet_indexer-K300	2901	dba79536690498da5afb1c579ea16d9d31862302b2cb12d4ac0dc7eb17821053
shrinkage, identity target cell model fingerprint	lwid-all-w156-enhanced_index-K750	2901	b02a680a74e954f8ec92b5c36f093e8b7a07c406fc3471683886b12b2b52fa62
shrinkage, identity target cell model fingerprint	lwid-all-w156-index_tracking-K10	2901	4e7e45a84d3252f851fe78695791eb145d64aa69234ca3513d4f296d99e0cd38
shrinkage, identity target cell model fingerprint	lwid-all-w156-index_tracking-K20	2901	fb0ace031c795d95db1a06e826548f476dbff87df71fabdcbee58ff43239f413
shrinkage, identity target cell model fingerprint	lwid-all-w156-index_tracking-K30	2901	16d2fe6068129176e60506f1bd6766a28c659c52855db59798c45d4b4920219a
shrinkage, identity target cell model fingerprint	lwid-all-w156-index_tracking-K40	2901	2937c9bd46ac3990175825ecfc50fbcec0f244b62bdb2db06d70591375f89d2c
shrinkage, identity target cell model fingerprint	lwid-all-w156-index_tracking-K50	2901	d4e26081c6fa798c3acc9b0f2b88ac83b265c5f38afd9e213ea9f6a851a80a66
shrinkage, constant correlation covariance	lwcc-nyse-w0	1464	c28dc1c7d9b2bd5f282f4c252fbf5ba443aad571c7d747c1155e20bd3e1df111
shrinkage, constant correlation cell model fingerprint	lwcc-nyse-w0-concentrated-K30	1464	bc056a0c0b050529777863cb231c1893d82596cef8db6c88f4119cca9582d078
shrinkage, constant correlation cell model fingerprint	lwcc-nyse-w0-diversified_active-K100	1464	da2ec63eecf816d7ebd88573d5927886b0926f8b0a79763c11c6db0e722f1b73
shrinkage, constant correlation cell model fingerprint	lwcc-nyse-w0-closet_indexer-K300	1464	861bbed7d4128e7d860b53313cf4c36ffce898de45b00087ad8f9a7e547ec945
shrinkage, constant correlation cell model fingerprint	lwcc-nyse-w0-enhanced_index-K750	1464	393fdc43c90969755dadf293ccb8b0f8a3c4adb93bed0521195ad14c523afc5a
shrinkage, constant correlation cell model fingerprint	lwcc-nyse-w0-index_tracking-K10	1464	693a6e17c583e30555c5a8edcf435508bd072c193f5e72c97e15928f6f64b617
shrinkage, constant correlation cell model fingerprint	lwcc-nyse-w0-index_tracking-K20	1464	e58f7cee3c2c4fe700fc8c54b156928b7997aafc11e1d9e52f82f37759fb604c
shrinkage, constant correlation cell model fingerprint	lwcc-nyse-w0-index_tracking-K30	1464	812dbe443a3944989e3400ff5aa10bac1d586bf46517d99af478226b3c0633ea
shrinkage, constant correlation cell model fingerprint	lwcc-nyse-w0-index_tracking-K40	1464	c7ced46f3605fa4e4fe5807fa7a87f692f7c4424bb11d6ed6a017671f03c1962
shrinkage, constant correlation cell model fingerprint	lwcc-nyse-w0-index_tracking-K50	1464	4381042eb133b193462dce8fb315a660274e5ae12037c086a72605abe924bf8c
shrinkage, constant correlation covariance	lwcc-nyse-w26	1464	a9931858df2140f8a665100e827c82696341acc5431a05c65d30ffa22a44255f
shrinkage, constant correlation cell model fingerprint	lwcc-nyse-w26-concentrated-K30	1464	eec501447099460a441a29f954bb4107420e0c5f0baf97729115a39e2ba89c12
shrinkage, constant correlation cell model fingerprint	lwcc-nyse-w26-diversified_active-K100	1464	749268de5ad2ddeacce3f9bb82fb9c0250058092e6e7554ee71f7488dde5a23a
shrinkage, constant correlation cell model fingerprint	lwcc-nyse-w26-closet_indexer-K300	1464	bb297e6b7310e8bd7fc589cc3cf3ee9031291c19e71fc33dd3b6d08ddb3637c0
shrinkage, constant correlation cell model fingerprint	lwcc-nyse-w26-enhanced_index-K750	1464	aa13dfb677b2863051d7c58492394d507ea7334289d09defd20f5f07d5c11b7b
shrinkage, constant correlation cell model fingerprint	lwcc-nyse-w26-index_tracking-K10	1464	154d0ac20a2a1a493e1fc2f4f69aa46c1f09148737d96f46dc1b555bfb75771a
shrinkage, constant correlation cell model fingerprint	lwcc-nyse-w26-index_tracking-K20	1464	7c6f2caee1fee512001a2468f9c138502f5ccb3fb8bf883fc2e460dd0e6912ec
shrinkage, constant correlation cell model fingerprint	lwcc-nyse-w26-index_tracking-K30	1464	09aa1c50bf9fef631bfd2f76abcb42e101f0de82e9dc891c7064373251c9eb4e
shrinkage, constant correlation cell model fingerprint	lwcc-nyse-w26-index_tracking-K40	1464	b34cda8bbe85de4171ae7703fc3a975f507055fe71cdaa1e33fa4395b1b810c5
shrinkage, constant correlation cell model fingerprint	lwcc-nyse-w26-index_tracking-K50	1464	c4c23125a4b50f8c8b7621c5d82193b37a9a7f2425511fa7fa82300aa8acdfe5
shrinkage, constant correlation covariance	lwcc-nyse-w52	1464	9bed6a47672d16322c98209c0cb4ac5cf4d4a89478c842caa13b5103282cea04
shrinkage, constant correlation cell model fingerprint	lwcc-nyse-w52-concentrated-K30	1464	0283af1071dd6a9c5136a3571fe8d1105b42333fb58b721cfd78880d6359f338
shrinkage, constant correlation cell model fingerprint	lwcc-nyse-w52-diversified_active-K100	1464	73150759f3a3736223ba3afa634e7d07b6d524e415264019a1f32be1a09b6286
shrinkage, constant correlation cell model fingerprint	lwcc-nyse-w52-closet_indexer-K300	1464	e18e391e6daf0088deb81b3043f1ff4f00f3318c0dad665dd9c873941c597892
shrinkage, constant correlation cell model fingerprint	lwcc-nyse-w52-enhanced_index-K750	1464	90e4bf33e60e1de7e2660b9e95aa30b07c3c19f9dcd8332700288df5a757fdbe
shrinkage, constant correlation cell model fingerprint	lwcc-nyse-w52-index_tracking-K10	1464	15ed67df3736fd11132d5cb5af741160d02bbe5419ef555b57ce70144cfaf5d6
shrinkage, constant correlation cell model fingerprint	lwcc-nyse-w52-index_tracking-K20	1464	c4bcdfbc12ba08eb44260a56737dada2613d0644673ea097e53f3adbc7e27002
shrinkage, constant correlation cell model fingerprint	lwcc-nyse-w52-index_tracking-K30	1464	c3961ba441473ee3c025370d29fb2152c04d9196f358d1ee82c2a58a478a46c8
shrinkage, constant correlation cell model fingerprint	lwcc-nyse-w52-index_tracking-K40	1464	2bbfd750ba679ec3347ca5d7b6da3841d8866192b861aa1e35b7404835bc9ab6
shrinkage, constant correlation cell model fingerprint	lwcc-nyse-w52-index_tracking-K50	1464	d47881026673af8339aca04a3f791ec3a2326c0dd2fa72257637cf447e25d0c3
shrinkage, constant correlation covariance	lwcc-nyse-w78	1464	baa18525d36e18b0f57b5e52c1b826ed619ec9ce46b3d7235d1dd94ab8533e76
shrinkage, constant correlation cell model fingerprint	lwcc-nyse-w78-concentrated-K30	1464	814d30b2a0360f776908fb4e106cba372a460f5289a30783ee2945365353edfa
shrinkage, constant correlation cell model fingerprint	lwcc-nyse-w78-diversified_active-K100	1464	0ff99d639f7eb500228be2f0ccfa3434eaf39b2a1a79579db8e71c78b8c760d4
shrinkage, constant correlation cell model fingerprint	lwcc-nyse-w78-closet_indexer-K300	1464	b7753cd4a15931614206e664b9a4f759d29497a6084bce421ed468e292a21de3
shrinkage, constant correlation cell model fingerprint	lwcc-nyse-w78-enhanced_index-K750	1464	2367a0a8ba540192e841df6be7b3d79281f1ed6fc42cb0d88c561a972670bc96
shrinkage, constant correlation cell model fingerprint	lwcc-nyse-w78-index_tracking-K10	1464	bf1dce23df2f30967b97cf8e8b719aa7056e9cbee331fc567889b51b61b2b480
shrinkage, constant correlation cell model fingerprint	lwcc-nyse-w78-index_tracking-K20	1464	a8b265df465bf924cd0558e5c45703db1b03e7a8c22aa935bc92ec520b713015
shrinkage, constant correlation cell model fingerprint	lwcc-nyse-w78-index_tracking-K30	1464	6b40f9f5cbdff898c32e449c7672f08bcd2bd6b69b292154e8f3b80e7333557d
shrinkage, constant correlation cell model fingerprint	lwcc-nyse-w78-index_tracking-K40	1464	71a379bb039177fa6fd7b060f9138cfc9807c47a910a00db168f795f8035a4b2
shrinkage, constant correlation cell model fingerprint	lwcc-nyse-w78-index_tracking-K50	1464	296362e89338bd402b36d8903e80f65923930abea200d40d450e3e85a2de38a0
shrinkage, constant correlation covariance	lwcc-nyse-w104	1464	51bc296181538b39f0ed86fed384d6f764d16333d05954dae87b5593f1f05c1b
shrinkage, constant correlation cell model fingerprint	lwcc-nyse-w104-concentrated-K30	1464	ef5c7049812f6b140e4ecb7e9b118fd5cede7bb7bdc908d62f96efc6c04d23df
shrinkage, constant correlation cell model fingerprint	lwcc-nyse-w104-diversified_active-K100	1464	b883f9a4727e5ad97cbe2c8caab967be5ea403639792573456600bf27a294adc
shrinkage, constant correlation cell model fingerprint	lwcc-nyse-w104-closet_indexer-K300	1464	a19ecbaf5244c48f3dec534343097430c73edeb14624ee9429d712e418b1fd9a
shrinkage, constant correlation cell model fingerprint	lwcc-nyse-w104-enhanced_index-K750	1464	fa8129187f82bff2d4c6d31ecd38f9392efe226e86d3ada8069b19e012a5bee8
shrinkage, constant correlation cell model fingerprint	lwcc-nyse-w104-index_tracking-K10	1464	49ff270ce1fbf8facf68e52f8581e94b76212bb6900d364e6097a870637e9599
shrinkage, constant correlation cell model fingerprint	lwcc-nyse-w104-index_tracking-K20	1464	1c6cd0a262b3dc5881679ff56c70ff28bb03edef53de9a585671aeab5901323a
shrinkage, constant correlation cell model fingerprint	lwcc-nyse-w104-index_tracking-K30	1464	55d49702508aca43a809d1f71f2d09d20a6cd1e05a3bcc25a7bca1a73a503cd1
shrinkage, constant correlation cell model fingerprint	lwcc-nyse-w104-index_tracking-K40	1464	e4a2751b1f6c549bcf858d289bc69619702f5e87c7bc9e06a2f8364aa87b5c9f
shrinkage, constant correlation cell model fingerprint	lwcc-nyse-w104-index_tracking-K50	1464	a101ca206aa0bbaf945827eb2440b96792a75659b7eb6add6afef9a1ed1b3f23
shrinkage, constant correlation covariance	lwcc-nyse-w130	1464	5d30f0ca951d3d188a66703d67e78892afb747edaeb128d42f7c7d7c819516eb
shrinkage, constant correlation cell model fingerprint	lwcc-nyse-w130-concentrated-K30	1464	1a203580033200d0092995d667c2bf5f13e162d9b7e0d095215e82c6857d4d37
shrinkage, constant correlation cell model fingerprint	lwcc-nyse-w130-diversified_active-K100	1464	344ff3da864605f56b1563289d28bfb5d3aee048c32aa0d406862ce0560b79bc
shrinkage, constant correlation cell model fingerprint	lwcc-nyse-w130-closet_indexer-K300	1464	149ecf2f2d695854fb9d36608ebb0314d2fe14fcaf07bb72f0a32fe990f27ad3
shrinkage, constant correlation cell model fingerprint	lwcc-nyse-w130-enhanced_index-K750	1464	86b135b990ed05304a4edb0cdabc1fa3c98f60981cada7e7bc8c4c6e4f267de7
shrinkage, constant correlation cell model fingerprint	lwcc-nyse-w130-index_tracking-K10	1464	f871db464ee54bb0c64e1e74c608d3d9e5e77112f58db377401bd372a6ade41b
shrinkage, constant correlation cell model fingerprint	lwcc-nyse-w130-index_tracking-K20	1464	a78a4e044b06dfa5d6f5d343a47f61883ecec0e304018a7cc5bdd3bc5eedc340
shrinkage, constant correlation cell model fingerprint	lwcc-nyse-w130-index_tracking-K30	1464	d5b8d3d53bb8f6b9414b998dac58979c8d709612174dc7dee93ac8fbb4c57b15
shrinkage, constant correlation cell model fingerprint	lwcc-nyse-w130-index_tracking-K40	1464	3a59fb4c8306ae34b6983b4e00c7facc0b0a866369ef3d5fb822263ddd69bc8d
shrinkage, constant correlation cell model fingerprint	lwcc-nyse-w130-index_tracking-K50	1464	2c9a5ca7e127debd0398ff4a7f990e317d02aa57369ef04d6d121936ba426ab6
shrinkage, constant correlation covariance	lwcc-nyse-w156	1464	f15978760d1872235489f0fcea62fe571221375f57c7894650d503747e8e2a0e
shrinkage, constant correlation cell model fingerprint	lwcc-nyse-w156-concentrated-K30	1464	be130ec5534d3614430ba28c8c4250731860507a9c8ccc0a4bddaefb92dbb094
shrinkage, constant correlation cell model fingerprint	lwcc-nyse-w156-diversified_active-K100	1464	18cd100b699ac62f6bf639f921e4eeb2a5b053c7830fd69abe14b1d5282df8db
shrinkage, constant correlation cell model fingerprint	lwcc-nyse-w156-closet_indexer-K300	1464	b0efe19e025fd88b7e0bc998a1f816df88315ade894a7d420c0929e2c38a4a58
shrinkage, constant correlation cell model fingerprint	lwcc-nyse-w156-enhanced_index-K750	1464	9c5b97a0a42d33d737dabb4c107b02e0041bdc79aa18f59df14f6a7132b9472c
shrinkage, constant correlation cell model fingerprint	lwcc-nyse-w156-index_tracking-K10	1464	10eed5ccbffd53e8471cb4e95d3ae0b4a7a1fc54a66b30719e1708ba9a32e971
shrinkage, constant correlation cell model fingerprint	lwcc-nyse-w156-index_tracking-K20	1464	377c7883485ca2bc5bc3811676951bd3a5c26b88d3bcd68cc5fd2cdc4eed5343
shrinkage, constant correlation cell model fingerprint	lwcc-nyse-w156-index_tracking-K30	1464	7796ec3120f92ba376c0a45f15df08fe6111d43d84215367eaee759df8aeeb55
shrinkage, constant correlation cell model fingerprint	lwcc-nyse-w156-index_tracking-K40	1464	ab25d61ddbdd594bfd5358fe85ccc664b20552b8ec8571deac21697458d4f344
shrinkage, constant correlation cell model fingerprint	lwcc-nyse-w156-index_tracking-K50	1464	f6880d7a47c75150135cc0a58f10797ed481264a0f98d5fe5a15de0fb19cf451
shrinkage, constant correlation covariance	lwcc-nasdaq-w0	1437	9db8d392545887825ff9cac487768026430e1b37d3cac05fe87b21492fef84b5
shrinkage, constant correlation cell model fingerprint	lwcc-nasdaq-w0-concentrated-K30	1437	8fba7821d9635c1efae5cc2fa34f88717663f352ec483d01910153e61cd3b6a0
shrinkage, constant correlation cell model fingerprint	lwcc-nasdaq-w0-diversified_active-K100	1437	0b28bb3be6336308f81fc81e17b5d661494a7086d0a4741705564a8d1b610e9f
shrinkage, constant correlation cell model fingerprint	lwcc-nasdaq-w0-closet_indexer-K300	1437	bb4ba7f309fe2fb204d7ae08bb82245b29bd9eb02009ecc5614c38495c73e5a9
shrinkage, constant correlation cell model fingerprint	lwcc-nasdaq-w0-enhanced_index-K750	1437	8d717c2a9827a28f866a2ecbcb81c32d2b3f37b2f3b9b2e8d0b908e50e811033
shrinkage, constant correlation cell model fingerprint	lwcc-nasdaq-w0-index_tracking-K10	1437	a102d204707a1721b3a8ec2deebb8c15fb22bc89f012ee033eadec1317abdcc7
shrinkage, constant correlation cell model fingerprint	lwcc-nasdaq-w0-index_tracking-K20	1437	d4f3e253326aa4a99ec83a240684258c41668ed311c9f40497a2836e11461961
shrinkage, constant correlation cell model fingerprint	lwcc-nasdaq-w0-index_tracking-K30	1437	adfabcbe4bfbb95c818f4e5413ed6988374d38ea2e9616b39a24bf3dc93c60f9
shrinkage, constant correlation cell model fingerprint	lwcc-nasdaq-w0-index_tracking-K40	1437	5d4e7241cde782096ccac64c4fd77cc0521e4fc845db258fde5b3d2f0b72e884
shrinkage, constant correlation cell model fingerprint	lwcc-nasdaq-w0-index_tracking-K50	1437	3c88d36bb1002e152aecf28e3ca6f34cbb9018d18c315cdbb6ad8f2d0975d072
shrinkage, constant correlation covariance	lwcc-nasdaq-w26	1437	ba99925f7da361d4912847039e7e7c0377f3fe0fd8dd5039f5568d8bbcc32fdd
shrinkage, constant correlation cell model fingerprint	lwcc-nasdaq-w26-concentrated-K30	1437	5bb0b9d819ceb4602896b98d88dd501b95afab7584affdc66321e1bcc7107bbb
shrinkage, constant correlation cell model fingerprint	lwcc-nasdaq-w26-diversified_active-K100	1437	99d100c7c2023cda49c68fe055fb5a10b578e6d5b212798937bb55293fc28bf9
shrinkage, constant correlation cell model fingerprint	lwcc-nasdaq-w26-closet_indexer-K300	1437	623705efb7a1e333fe655b507f87b880e69724cedd7139e4119b906cbd79a6ba
shrinkage, constant correlation cell model fingerprint	lwcc-nasdaq-w26-enhanced_index-K750	1437	f4f19899b0aa441ce7929efc139e2a08a4dd3f3b7178bbcb0012636f4597ee17
shrinkage, constant correlation cell model fingerprint	lwcc-nasdaq-w26-index_tracking-K10	1437	03d346659bd65d4b38d4c1c918d8b3171f1fc0c215cb8743c4cd2993741381ac
shrinkage, constant correlation cell model fingerprint	lwcc-nasdaq-w26-index_tracking-K20	1437	0b18101d9291d02ffbc32910ebc7e822b5ab4fc000d37a812ab2779823400d7e
shrinkage, constant correlation cell model fingerprint	lwcc-nasdaq-w26-index_tracking-K30	1437	36685495c2bc13735b8bd06217427de48906e19da32c2d8edbf4849aa3651253
shrinkage, constant correlation cell model fingerprint	lwcc-nasdaq-w26-index_tracking-K40	1437	b984bfe8a461341b52207460305ecb166c289f89eb79d648a9d31402f90ce435
shrinkage, constant correlation cell model fingerprint	lwcc-nasdaq-w26-index_tracking-K50	1437	82cce2d860235de809677f599b42e098c1f51346942f70d6cee46da0e95028fc
shrinkage, constant correlation covariance	lwcc-nasdaq-w52	1437	5684c8727ef90cc668a223c84324472b00c78aeffd708a57494ebc47902238bb
shrinkage, constant correlation cell model fingerprint	lwcc-nasdaq-w52-concentrated-K30	1437	4a04cf9b4c8bef5b72da01c2995b4dab93be8aacafcc4fe738127c90a8087609
shrinkage, constant correlation cell model fingerprint	lwcc-nasdaq-w52-diversified_active-K100	1437	f5c0acf4c53adcd3d9cd22480e1705a3e975874f54ba93f647104bb7b9f492fa
shrinkage, constant correlation cell model fingerprint	lwcc-nasdaq-w52-closet_indexer-K300	1437	59504643d32411fa2a8a760241a9fb821cd070c083c2fa07047bda9c77cedaff
shrinkage, constant correlation cell model fingerprint	lwcc-nasdaq-w52-enhanced_index-K750	1437	6878e363102e0c777f03dd981ed9499733bfff47deeab09e4ff6a0794111975b
shrinkage, constant correlation cell model fingerprint	lwcc-nasdaq-w52-index_tracking-K10	1437	76bc9c1d2c615aad24498185975385ed35a68b2c6a64c6445ffbb9f65c741121
shrinkage, constant correlation cell model fingerprint	lwcc-nasdaq-w52-index_tracking-K20	1437	e446b24611e3829310a45e2d24c00221c3c940732475e23b0ce96a2edac9e5a3
shrinkage, constant correlation cell model fingerprint	lwcc-nasdaq-w52-index_tracking-K30	1437	f911d0aa2a9a42e3baf3cec250973abe7f38f0511fc39136166c348125a24235
shrinkage, constant correlation cell model fingerprint	lwcc-nasdaq-w52-index_tracking-K40	1437	87b7356af59a1061176300c2a7f0460c743d887d12a168f9269ae36937b19baf
shrinkage, constant correlation cell model fingerprint	lwcc-nasdaq-w52-index_tracking-K50	1437	bff3117b04bf4a9503d49056894eda8d69d09ea0a9a494646531410d39cb9f39
shrinkage, constant correlation covariance	lwcc-nasdaq-w78	1437	58aa6bec2cc2f11dd85559bbe38e293f7882966582ebe18278b7cd274e026ae5
shrinkage, constant correlation cell model fingerprint	lwcc-nasdaq-w78-concentrated-K30	1437	662dff0aad7f88ab53730ff31e2c8c98b855c588d507fba8845e39c473890a0e
shrinkage, constant correlation cell model fingerprint	lwcc-nasdaq-w78-diversified_active-K100	1437	507599a82cc73504d565be4da1d83e936bc3c7c6e8fc48fbe3845b3a04e68f2c
shrinkage, constant correlation cell model fingerprint	lwcc-nasdaq-w78-closet_indexer-K300	1437	a6507d1d751b581cdae211f70c19710a2830b7a37dc3309157597340fddccbca
shrinkage, constant correlation cell model fingerprint	lwcc-nasdaq-w78-enhanced_index-K750	1437	757c235b47067952c220ce4eb01d0f193ec59e8a5490cdb339c8d53e6a439947
shrinkage, constant correlation cell model fingerprint	lwcc-nasdaq-w78-index_tracking-K10	1437	7e9515f61fc621ad5030efb82bb53660f06300663e20b2b45fa50ac7f7c7e11d
shrinkage, constant correlation cell model fingerprint	lwcc-nasdaq-w78-index_tracking-K20	1437	64cda7fb40fa8ffec3732a9fa2c16d893bd8a6688dbe22b3d212248bd7f7f3f8
shrinkage, constant correlation cell model fingerprint	lwcc-nasdaq-w78-index_tracking-K30	1437	90d368eb014137e00db09e775e348262604e49e3356544adbefac0dd702bdc5f
shrinkage, constant correlation cell model fingerprint	lwcc-nasdaq-w78-index_tracking-K40	1437	7b5d345a9b4127c9560646c7ffdc358f8dacd7c87e46bdf7c5533926d035f7a1
shrinkage, constant correlation cell model fingerprint	lwcc-nasdaq-w78-index_tracking-K50	1437	5bc32eebfd76625928e05facf2ad7ae1bf93d7e2ea9ea3efa3688a8a46de7e2f
shrinkage, constant correlation covariance	lwcc-nasdaq-w104	1437	24e686adff7e3f954199ed89eaf892a32b13c5734cee2e5535f5ed9a21b5691c
shrinkage, constant correlation cell model fingerprint	lwcc-nasdaq-w104-concentrated-K30	1437	546e111ac9b46b514de7b216dc631521c3dddba3418937a10b2f631b8a1a060a
shrinkage, constant correlation cell model fingerprint	lwcc-nasdaq-w104-diversified_active-K100	1437	d77c155771db05782a5799323d741ae4eb5c193508b50dfa764d19c434f16fbf
shrinkage, constant correlation cell model fingerprint	lwcc-nasdaq-w104-closet_indexer-K300	1437	57b59bf69426d7578f73a6fc9a4e859de10dccdbd3c978d6b5bac1a6b8dade14
shrinkage, constant correlation cell model fingerprint	lwcc-nasdaq-w104-enhanced_index-K750	1437	831c35eb0fd1e12a6b2ab499110a6416e4793abf1899d9fc91ab492615b1792b
shrinkage, constant correlation cell model fingerprint	lwcc-nasdaq-w104-index_tracking-K10	1437	5b92950e412f10fc251cf4c0cf1a7f68581fcb04dc796b181d51efe57629c02f
shrinkage, constant correlation cell model fingerprint	lwcc-nasdaq-w104-index_tracking-K20	1437	e4733c9d93a674cdf5bce545bb04bad7f12e4bc3cd06c4f26faf7bea172c6b18
shrinkage, constant correlation cell model fingerprint	lwcc-nasdaq-w104-index_tracking-K30	1437	cd3c40f03b382fdc9cf45b344ecf12cb70fa9819739689b428772ae6c0d4568a
shrinkage, constant correlation cell model fingerprint	lwcc-nasdaq-w104-index_tracking-K40	1437	14f69e750d5440ee8645e3a3d994f4f58521b26e0f942446c6cd888687e380d7
shrinkage, constant correlation cell model fingerprint	lwcc-nasdaq-w104-index_tracking-K50	1437	cb0c4d71be83ba361aa1908ff40aac8c0adf233c092b85a91379adab8b722d73
shrinkage, constant correlation covariance	lwcc-nasdaq-w130	1437	df4a94288fd1599583099dee31a77f4d8384c69df941fa5091b4e2e1852f71e1
shrinkage, constant correlation cell model fingerprint	lwcc-nasdaq-w130-concentrated-K30	1437	2787eb90933fbb6143719d0ba29c1a23842a6e8a84700105534725399a0a1ce4
shrinkage, constant correlation cell model fingerprint	lwcc-nasdaq-w130-diversified_active-K100	1437	a2aa48f692843dd31f238ee5943495f81d65cf75d8228ef4023a41c4b3b32848
shrinkage, constant correlation cell model fingerprint	lwcc-nasdaq-w130-closet_indexer-K300	1437	fb0ec2c77c6130f7da9c043dbd2969007928b9ee8fa14529942318eef9a365ca
shrinkage, constant correlation cell model fingerprint	lwcc-nasdaq-w130-enhanced_index-K750	1437	f10d09a80bfdb289bbc2c055ee68ac4c6f19d855577af0f9630b2bc3d593f272
shrinkage, constant correlation cell model fingerprint	lwcc-nasdaq-w130-index_tracking-K10	1437	eb39a16889e0732b9ea9b0cab8e84de264bb346291c62f04153dcb74b3d9b25f
shrinkage, constant correlation cell model fingerprint	lwcc-nasdaq-w130-index_tracking-K20	1437	727a8994c37653f962e241fc1bfb415a9ef0b4baadf928ae5d297e0e4e68f2fe
shrinkage, constant correlation cell model fingerprint	lwcc-nasdaq-w130-index_tracking-K30	1437	f8d85b9cb319696e3cd6023ae9e1ae0ad0ba51e6df3432a493e0ebd6f280f42a
shrinkage, constant correlation cell model fingerprint	lwcc-nasdaq-w130-index_tracking-K40	1437	531523db87c913d4573d69ad1c90cc0bacdccf69e097a7a11046aebf92fa0338
shrinkage, constant correlation cell model fingerprint	lwcc-nasdaq-w130-index_tracking-K50	1437	d677bc7d439cac16d84bc8fc690e918ef04ce201324caae5258b68c644924a3e
shrinkage, constant correlation covariance	lwcc-nasdaq-w156	1437	e3abc1e30a8a42f6faae9320bb3d5ce3d45196616c0ef4e85c960059eeef3559
shrinkage, constant correlation cell model fingerprint	lwcc-nasdaq-w156-concentrated-K30	1437	45b5f4bf54e54409a483ca666a4e3ce2ab5b2de2f4c2222768c481549fef07f3
shrinkage, constant correlation cell model fingerprint	lwcc-nasdaq-w156-diversified_active-K100	1437	f1e7b16b53285e4f01e1e9982fdeea042b6318772b356abbd4d14ce9b2230033
shrinkage, constant correlation cell model fingerprint	lwcc-nasdaq-w156-closet_indexer-K300	1437	c4d6a9701c25879d4450b30480aeab5466052d06c5794e0e2dd9f29c83d2c865
shrinkage, constant correlation cell model fingerprint	lwcc-nasdaq-w156-enhanced_index-K750	1437	ab26287335defd7acb22bc7fdb451a1f09e853ff4d1784410403aa49ae71c4e2
shrinkage, constant correlation cell model fingerprint	lwcc-nasdaq-w156-index_tracking-K10	1437	26d6bc46a9a14fd8768ee3093347688a3e9d08d5895c3eb0bf77f141923b98c2
shrinkage, constant correlation cell model fingerprint	lwcc-nasdaq-w156-index_tracking-K20	1437	d665bb23e66e7095e0080eef5d712c397d6c0c58cf9e1d7cf02380b95a63878e
shrinkage, constant correlation cell model fingerprint	lwcc-nasdaq-w156-index_tracking-K30	1437	fd5eb00acc8c69932f8e3ddf10ba782e591600c98cefa40229a0fcdeaea56144
shrinkage, constant correlation cell model fingerprint	lwcc-nasdaq-w156-index_tracking-K40	1437	bab8e63833959d4186110b812cc24b7dade3e54b8cf4aa909d8af12b44ec2352
shrinkage, constant correlation cell model fingerprint	lwcc-nasdaq-w156-index_tracking-K50	1437	671be4601054ca26aa8baf4b81c8a9063e786937d88b61b3dda8e7b41789294f
shrinkage, constant correlation covariance	lwcc-all-w0	2901	2765c5e738e25e03ec93cc79c7e925e477686b9c7e6ca49855871efce10a5f42
shrinkage, constant correlation cell model fingerprint	lwcc-all-w0-concentrated-K30	2901	eb4f2ecf9b917a64d1ceaa822d7967dc5f18918b25de61995aab7a889a2b4f92
shrinkage, constant correlation cell model fingerprint	lwcc-all-w0-diversified_active-K100	2901	7cb7ed30aeb6ea8b1440646d83ea30d06e400e7cee85510715cc335e52ef17f9
shrinkage, constant correlation cell model fingerprint	lwcc-all-w0-closet_indexer-K300	2901	a62602488dc723c1228cac154e69f7d543a51510a1d750b07e17c432fefe85e4
shrinkage, constant correlation cell model fingerprint	lwcc-all-w0-enhanced_index-K750	2901	40384acf56c6cba56b2165fdd6c504e893acf2553323eb6b4c204b00a5323d68
shrinkage, constant correlation cell model fingerprint	lwcc-all-w0-index_tracking-K10	2901	b5c6bca4b1df0da130ffe6af4094c84cb3d19659dbb52ecc60623d4027d96cab
shrinkage, constant correlation cell model fingerprint	lwcc-all-w0-index_tracking-K20	2901	5a8c8d2234f16513f559e96b903b71f2f0867ee73f0710462d0f8966d1edc909
shrinkage, constant correlation cell model fingerprint	lwcc-all-w0-index_tracking-K30	2901	6209d676aca96a41f7c9e47b631d80954374a76a38b93e2f50900550f783ff26
shrinkage, constant correlation cell model fingerprint	lwcc-all-w0-index_tracking-K40	2901	260c1753722399bb91b16c42407f44e079b31441c4c8381fa69d2e94590e21ea
shrinkage, constant correlation cell model fingerprint	lwcc-all-w0-index_tracking-K50	2901	92174a2ea9df7ce0614b77df9050d748ee7fad4be567ddf0e14b875cb605b0f8
shrinkage, constant correlation covariance	lwcc-all-w26	2901	04c78c663e089b7f3352097cf483e3b76c189c82f8cc6a16a15dd4662ae7e16c
shrinkage, constant correlation cell model fingerprint	lwcc-all-w26-concentrated-K30	2901	2ca81081948ff1772a7b7ce16101b1d14c4beec72cfc7daf299395752f0e2415
shrinkage, constant correlation cell model fingerprint	lwcc-all-w26-diversified_active-K100	2901	240e1d6c4a7237b6196db8cdbd7c5ae6b771b186db996f78158dc4a8c20090f1
shrinkage, constant correlation cell model fingerprint	lwcc-all-w26-closet_indexer-K300	2901	2b76a61c4887d313dfc7fbe8bcafe7a9cfea8edc823c9fb35f38a3342498295e
shrinkage, constant correlation cell model fingerprint	lwcc-all-w26-enhanced_index-K750	2901	d48e7d5cc09e2e1b62c50e48bd0017d252b02ddcac730fefb94fa9a33f1e79d0
shrinkage, constant correlation cell model fingerprint	lwcc-all-w26-index_tracking-K10	2901	58b12960ae483f21e23ca9ae3c19249a1b8c27fb48bc0b833ed664a5c62547d0
shrinkage, constant correlation cell model fingerprint	lwcc-all-w26-index_tracking-K20	2901	b9b1f321deac1f7a6d758243b6c7e7521ebff44971bcf4869b08a9f13fb556bb
shrinkage, constant correlation cell model fingerprint	lwcc-all-w26-index_tracking-K30	2901	dbd172ea5f437f1b97fdfbaa77555a28f0e52f86bfce09bc9279c697678aaed8
shrinkage, constant correlation cell model fingerprint	lwcc-all-w26-index_tracking-K40	2901	f7c64e80529e0b124b1535f5e9c14e89c8d8c4b82454bcda404ed538e71045be
shrinkage, constant correlation cell model fingerprint	lwcc-all-w26-index_tracking-K50	2901	3aa3ac290c2313c209168f582722366cbbc38f04afd1f2671d8b09974549f13a
shrinkage, constant correlation covariance	lwcc-all-w52	2901	69db0fa09d3566266b21b2bf8aeaa24ba955781c594247c63387b98d33fd3466
shrinkage, constant correlation cell model fingerprint	lwcc-all-w52-concentrated-K30	2901	1a00b7578aee9a5e19db6e7b3081a4550b5c65f781d74d557b3c6edbc355d023
shrinkage, constant correlation cell model fingerprint	lwcc-all-w52-diversified_active-K100	2901	176a3c07f5a000edd20d85deb8463c7e162bfef07b3ec327f5dfdfba9dda3dac
shrinkage, constant correlation cell model fingerprint	lwcc-all-w52-closet_indexer-K300	2901	948c2980e57356e264900b2ee5ec6810e60e595fefa5b3720d022d4eb4aab60d
shrinkage, constant correlation cell model fingerprint	lwcc-all-w52-enhanced_index-K750	2901	162c095772e1c9a368d7bf72d3f2c9c32e36c22eca4bc26d8454af2e28535503
shrinkage, constant correlation cell model fingerprint	lwcc-all-w52-index_tracking-K10	2901	ea630a043d2eab5dcc10d570315966414cf9bfed1f77fea3f63a120bf8a0c842
shrinkage, constant correlation cell model fingerprint	lwcc-all-w52-index_tracking-K20	2901	88cd2309c0b136e62449fdc63186f373d9d857d43a5bb6289ade6c43cdbf258b
shrinkage, constant correlation cell model fingerprint	lwcc-all-w52-index_tracking-K30	2901	4b8dae9c84134ad8fd64734e9c58e0db8c46d0b1519a2a3700cf95fabeddc4d5
shrinkage, constant correlation cell model fingerprint	lwcc-all-w52-index_tracking-K40	2901	30377e32ba69f98f00968de64cf7cd68ab4ae3f88e297161172fe78ca093033b
shrinkage, constant correlation cell model fingerprint	lwcc-all-w52-index_tracking-K50	2901	d1ad28d01bca9238166fe55266d5345ffbb2c416f708a79152869ed70957839b
shrinkage, constant correlation covariance	lwcc-all-w78	2901	2d0fd866890b3ed711cef291a39f2af777e0dfec6c2f9fbddf2dafde9763cbe1
shrinkage, constant correlation cell model fingerprint	lwcc-all-w78-concentrated-K30	2901	65e5992942840d124aae0095d26ee672b6c9e663585c079f6783a48cf960b3c9
shrinkage, constant correlation cell model fingerprint	lwcc-all-w78-diversified_active-K100	2901	9f6bb99269fd89aa842d6d1768efd2b54ccda4364ff8626428ebe3dcf0893b6c
shrinkage, constant correlation cell model fingerprint	lwcc-all-w78-closet_indexer-K300	2901	241cd2cf9c66ab9a1e1555e7ad0f6f82b8d0075a0dea4d8bdfc4d927d4b59303
shrinkage, constant correlation cell model fingerprint	lwcc-all-w78-enhanced_index-K750	2901	4e6c92156eab6cf13fcfdec39db3a873691f7332f54765489e4d33684eceb669
shrinkage, constant correlation cell model fingerprint	lwcc-all-w78-index_tracking-K10	2901	05a8f4e4d544f403c4a7ec422f2d1733a85f291a996454727b278d1b01ad9965
shrinkage, constant correlation cell model fingerprint	lwcc-all-w78-index_tracking-K20	2901	298d3ba1464be1651aeaa21924348104beb51bd7c596eae90fbc957628a91518
shrinkage, constant correlation cell model fingerprint	lwcc-all-w78-index_tracking-K30	2901	84186a257fb912b00f6dfbbe9040a0027e5a4631028ca8d075504ba962229d3d
shrinkage, constant correlation cell model fingerprint	lwcc-all-w78-index_tracking-K40	2901	effaad44db9f63fe57d8292170360e650492f4a5ed765b0e38c25adf1886490f
shrinkage, constant correlation cell model fingerprint	lwcc-all-w78-index_tracking-K50	2901	8c6f6390513277002d49ab3844985913227cc5450c9ee5e18e684c54a4362524
shrinkage, constant correlation covariance	lwcc-all-w104	2901	6981157c622e191363a99faae046e3d47f52f99c8cce8064fe93a9a0dcfc0ce4
shrinkage, constant correlation cell model fingerprint	lwcc-all-w104-concentrated-K30	2901	4aa46ff7729eb713e6dad4b7e5662f63bee8434f6f9ea0fbba4b61d3d23309ea
shrinkage, constant correlation cell model fingerprint	lwcc-all-w104-diversified_active-K100	2901	2859739feac7e8ea5a7c1c85c87efcabf6280ef123e091a781dddf7371bd22d0
shrinkage, constant correlation cell model fingerprint	lwcc-all-w104-closet_indexer-K300	2901	e094a109caf21b0d30cafd9f913c1e5a731933f8ed2cb07545c83a6801428d0b
shrinkage, constant correlation cell model fingerprint	lwcc-all-w104-enhanced_index-K750	2901	092cc3e25a51e7d81384db8dd4cfae38b331ce08d96beb5fbfd4faa61c419740
shrinkage, constant correlation cell model fingerprint	lwcc-all-w104-index_tracking-K10	2901	301f86f59b55a29610a3f2eb686ab2ca691478160f7dd3155eb3ee4d320d8643
shrinkage, constant correlation cell model fingerprint	lwcc-all-w104-index_tracking-K20	2901	a57b8b19f827b56e70bcdafb0ccd33bbc1a486b4fb0a97b1ad4bfd04d0425409
shrinkage, constant correlation cell model fingerprint	lwcc-all-w104-index_tracking-K30	2901	2c3170677d3989884e045d851611932d5239950835e227d4170fc6ef4f87e0e2
shrinkage, constant correlation cell model fingerprint	lwcc-all-w104-index_tracking-K40	2901	f9233092d5a5ad52bbf4b33bc52aba589c7bf28ef051f7261e9a27dd8f636836
shrinkage, constant correlation cell model fingerprint	lwcc-all-w104-index_tracking-K50	2901	ad8c34d488e6446eb5b1206e257989532d955a0b453a7c37358d0e5b159d2852
shrinkage, constant correlation covariance	lwcc-all-w130	2901	ee82d6c01c9587e8ed5a73e4fe5f1f0e31b5844a406f2b1a55c3c3e17cf1f4a9
shrinkage, constant correlation cell model fingerprint	lwcc-all-w130-concentrated-K30	2901	8e629ce0c13a66a7a968ff02667e5d2798291519df073928c54eacf17e984304
shrinkage, constant correlation cell model fingerprint	lwcc-all-w130-diversified_active-K100	2901	d6397cc6a41032c062406d3dbe4ac5805bfeb187f3f44cb4808060bdb796d6cd
shrinkage, constant correlation cell model fingerprint	lwcc-all-w130-closet_indexer-K300	2901	dde86b48a9bd1ffa4a41dd6f6fb09a521f554042b6b4f3d167337fa678166c55
shrinkage, constant correlation cell model fingerprint	lwcc-all-w130-enhanced_index-K750	2901	2ad9dd50473b39338d4f9bb34293d5a938a4bca46210708f6213901769026159
shrinkage, constant correlation cell model fingerprint	lwcc-all-w130-index_tracking-K10	2901	c0035ac300a250bbe274db6273746b849b2afc8ca6947616018645a46d550b45
shrinkage, constant correlation cell model fingerprint	lwcc-all-w130-index_tracking-K20	2901	b7e9a2be752fc1bc5f0b84b6e64add4b36fcd439f15893da1e08c06253967ce6
shrinkage, constant correlation cell model fingerprint	lwcc-all-w130-index_tracking-K30	2901	b47a34db809a7d8ff84f38935946ca113460ccf27a26f480980593157cb10785
shrinkage, constant correlation cell model fingerprint	lwcc-all-w130-index_tracking-K40	2901	2515ce6ee8b1be9aa9fc0641347b17a5d3588e440802cf7a094b334e7b666053
shrinkage, constant correlation cell model fingerprint	lwcc-all-w130-index_tracking-K50	2901	88ddd9508bb0eaef68a44ffa2e8ce94a03102b2da71aa12b45974dd9a19a018a
shrinkage, constant correlation covariance	lwcc-all-w156	2901	70b650c6ba3a347febe5dd1aaa154440f7c8751f526ecedc4a40eddac540c7d0
shrinkage, constant correlation cell model fingerprint	lwcc-all-w156-concentrated-K30	2901	627d83999539017c1874199747690ab0ade137407f3cf73dc5053dc382d1003e
shrinkage, constant correlation cell model fingerprint	lwcc-all-w156-diversified_active-K100	2901	290be0ef4c40bdd9949e3fce5b176f78e48abaadc0b8bc6f9e0a031533409f4b
shrinkage, constant correlation cell model fingerprint	lwcc-all-w156-closet_indexer-K300	2901	5df6ee6ef092f2b9527ec80abc88840d43b8876d2a5622bc360a4df2e53c8e06
shrinkage, constant correlation cell model fingerprint	lwcc-all-w156-enhanced_index-K750	2901	e5abbe97315eb0aac1aaa1346443de4f46a8e35b12818c8e07a681eb2c2dc9cb
shrinkage, constant correlation cell model fingerprint	lwcc-all-w156-index_tracking-K10	2901	0610ca37572749ad20e52c7a797e93b126cfb4cf33ac44169508bccba42bdbeb
shrinkage, constant correlation cell model fingerprint	lwcc-all-w156-index_tracking-K20	2901	de4c46f178d0aa6de3432176ff3901750d00656691103b806e539b99ffb9e0aa
shrinkage, constant correlation cell model fingerprint	lwcc-all-w156-index_tracking-K30	2901	48cee227c2b8185517de0af4332a2fc78d36a9a2fed2cd996cc7017011b958d9
shrinkage, constant correlation cell model fingerprint	lwcc-all-w156-index_tracking-K40	2901	349e46fe6425a52847cfcf60868ae70f870d5a82b3857faa44bbf8070a644a54
shrinkage, constant correlation cell model fingerprint	lwcc-all-w156-index_tracking-K50	2901	3240bdd935e3cbb69e9033a5e35b6952582a4a29b98abc548f53821fa283214e
fundamental model (Risk Prism model-2026-09-12) covariance	prism-nyse-w156	1454	a0434ac1a018cd0ee3b528838825a29c3fe7b5e1ab853b0ed972eb0cd4eafdf3
fundamental model (Risk Prism model-2026-09-12) cell model fingerprint	prism-nyse-w156-concentrated-K30	1454	8cdb0c2f3408262e0ae8839ec5b2c62d53bca92fb78612b4efab5c3fe0ca4fad
fundamental model (Risk Prism model-2026-09-12) cell model fingerprint	prism-nyse-w156-diversified_active-K100	1454	1bf00ae752e88888f2114fa3e679bbca06cc79ad90f139adc78544fe12cbf317
fundamental model (Risk Prism model-2026-09-12) cell model fingerprint	prism-nyse-w156-closet_indexer-K300	1454	f1c0046bddc51096d832e327ea2ed36138cfae4e57f6524bad4925b6dcdcc5f9
fundamental model (Risk Prism model-2026-09-12) cell model fingerprint	prism-nyse-w156-enhanced_index-K750	1454	b9a94aa909737e2500d99e764f755840cca29c488d9fab035a64e870e208e1c9
fundamental model (Risk Prism model-2026-09-12) cell model fingerprint	prism-nyse-w156-index_tracking-K10	1454	25086ca8e380323ccd79102710dbe57f983ec1d7066c3338ac71a43587c56514
fundamental model (Risk Prism model-2026-09-12) cell model fingerprint	prism-nyse-w156-index_tracking-K20	1454	f4b0247dfdacc513e2da7350f65f3c65d154acccc8ef4d32429a79988bf579ab
fundamental model (Risk Prism model-2026-09-12) cell model fingerprint	prism-nyse-w156-index_tracking-K30	1454	d5054dae3a35345b6c032189fc1546167fcc075d2abc439985f620a9e8cb308c
fundamental model (Risk Prism model-2026-09-12) cell model fingerprint	prism-nyse-w156-index_tracking-K40	1454	6a78c2222bffd772ec4d0ab45c4a726e01f3658a53cf18f7ed5bb519fa5d931a
fundamental model (Risk Prism model-2026-09-12) cell model fingerprint	prism-nyse-w156-index_tracking-K50	1454	3843fd27298193a29abd79fd699c2db05e4485a80e9ecb4e6dbe2a49163ec9e0
fundamental model (Risk Prism model-2026-09-12) covariance	prism-nasdaq-w156	1381	2cdc8101748ba9daf1c22d1c7560aac6085ddd465e1afaba5aad1a120c6fb672
fundamental model (Risk Prism model-2026-09-12) cell model fingerprint	prism-nasdaq-w156-concentrated-K30	1381	cc0dd79f3dc0204294a10e92e68e3befddcb42762df07b7e1e31c2b4a6edcf76
fundamental model (Risk Prism model-2026-09-12) cell model fingerprint	prism-nasdaq-w156-diversified_active-K100	1381	30260f010bb664b74e7a76828be06ff44f8b65826d9fb981f11bfac864f69c28
fundamental model (Risk Prism model-2026-09-12) cell model fingerprint	prism-nasdaq-w156-closet_indexer-K300	1381	eb9dfac2113ff4dd42ea6ad993385313d100591c68380231df7d187b03d3ee07
fundamental model (Risk Prism model-2026-09-12) cell model fingerprint	prism-nasdaq-w156-enhanced_index-K750	1381	d6ff60d498299f5d12db6e116ec6f2a3b64a19a5572a328471ab38d8ba4eb048
fundamental model (Risk Prism model-2026-09-12) cell model fingerprint	prism-nasdaq-w156-index_tracking-K10	1381	59e33325a00278d61dff6e3bc43ef0dfb10b3d65232e6abc613c98bf2c338efb
fundamental model (Risk Prism model-2026-09-12) cell model fingerprint	prism-nasdaq-w156-index_tracking-K20	1381	d2725a1a8302db7a9445836ec7c552c9eece8095c8bd87eefb98355162819384
fundamental model (Risk Prism model-2026-09-12) cell model fingerprint	prism-nasdaq-w156-index_tracking-K30	1381	04f7f9a186b2d195dce3d073c72050511be195d3945e4e94659936428388f09b
fundamental model (Risk Prism model-2026-09-12) cell model fingerprint	prism-nasdaq-w156-index_tracking-K40	1381	13deae4e69bae7fb7d49caf0491f7d2e031268068d0701420baf3d53432c2cd1
fundamental model (Risk Prism model-2026-09-12) cell model fingerprint	prism-nasdaq-w156-index_tracking-K50	1381	43d7e99a01fb3c05e7b4a36e16a7f9faa620aeac3ce495cde9b1815df5f29283
fundamental model (Risk Prism model-2026-09-12) covariance	prism-all-w156	2835	88e488a9ac2348543147a0ca17229357b6c3a5c36445033748921ab9c8540706
fundamental model (Risk Prism model-2026-09-12) cell model fingerprint	prism-all-w156-concentrated-K30	2835	bb1e8a3a956bae09ffc2dcd33d7b853a8b191f4704e9e98e711258566b0686b9
fundamental model (Risk Prism model-2026-09-12) cell model fingerprint	prism-all-w156-diversified_active-K100	2835	6f0d371eb2932fe5956240c6ce2e5a17cfe71598e14185fcbf71ab2e2c0e0054
fundamental model (Risk Prism model-2026-09-12) cell model fingerprint	prism-all-w156-closet_indexer-K300	2835	59b88c101c368d5054998bb151cb9b8bf07c117b67502a4074a4764b6fc19a18
fundamental model (Risk Prism model-2026-09-12) cell model fingerprint	prism-all-w156-enhanced_index-K750	2835	e37034508cb349e982a86ea620e328e3d8c3b4aa0e48a5237a85d7e0d1831aba
fundamental model (Risk Prism model-2026-09-12) cell model fingerprint	prism-all-w156-index_tracking-K10	2835	58c8b05f105be6830bf66502a5d95b44767cbc596bd2ad1f563952cd84705939
fundamental model (Risk Prism model-2026-09-12) cell model fingerprint	prism-all-w156-index_tracking-K20	2835	36ab21e13c30d148e73a111d66c41d3eb9ba9d18bf49ed455be6c0292a611034
fundamental model (Risk Prism model-2026-09-12) cell model fingerprint	prism-all-w156-index_tracking-K30	2835	911c671e0154397d8a63bfd5839390d08a9f39662f783e2292fb51bb23b9073b
fundamental model (Risk Prism model-2026-09-12) cell model fingerprint	prism-all-w156-index_tracking-K40	2835	bc4c96cd05e7c281d63d290bc138ce87e76299414d84f1a4ade7fda9fbe1bb0b
fundamental model (Risk Prism model-2026-09-12) cell model fingerprint	prism-all-w156-index_tracking-K50	2835	72ab1d8842dc1b5b709ce97e5358a3d8a678370419420ff803cac7a36cb511cb
Risk Prism download	riskprism-artifacts.tar.gz		5ffdcf0661031c636c9d8b87323f970065c78cc066ddb8bed842402140c64579
Risk Prism download	exposures.parquet		10695a19be6f0d1ef79ac7d4811b912571aeae82d9367eccda443f9776662f72
Risk Prism download	factor_covariance.parquet		52866c4fe85457722709650c2122f9eb00fdf1c6195748a6c2ba1b6eba3c0c33
Risk Prism download	specific_risk.parquet		b893dac96d097c8fe22d65652078381a5da4e11a14a02411eab9df6b8327a9f1
sensitivity covariance	factor5f0.025-nyse-w0	1464	fd3e530ccca7e1c54cda3856e52df82274ca99f754318c6adddd0361da654506
sensitivity cell model fingerprint	factor5f0.025-nyse-w0-index_tracking-K10	1464	d18809d02469b6b767c5e8048279cad864ff82ce981435ccbb2835c8ec017dd6
sensitivity cell model fingerprint	factor5f0.025-nyse-w0-index_tracking-K30	1464	8307e2a9a8b2ee7e716723ee414261bc64e31a150b149146b03b37050ec79dc7
sensitivity cell model fingerprint	factor5f0.025-nyse-w0-index_tracking-K50	1464	857e359c515bf62a35ba11b7f4d661d1338d808458d461e4026e766ddb26a20d
sensitivity covariance	factor5f0.025-nyse-w78	1464	3104306cc46069c28922522ac762baeedb13867e94e66f81237ef7cf892e8137
sensitivity cell model fingerprint	factor5f0.025-nyse-w78-index_tracking-K10	1464	12d762a955859603995f76801877214f4267cae161b9887d4cc36bec7d98721c
sensitivity cell model fingerprint	factor5f0.025-nyse-w78-index_tracking-K30	1464	ca11df7f5983498a344031dc83c2ab246f52f19c10c68666f39c9bfd7105cf28
sensitivity cell model fingerprint	factor5f0.025-nyse-w78-index_tracking-K50	1464	033b84c072fc2fac93f97548846e9787bdae4c30755c88221fe0ac9086adf4e0
sensitivity covariance	factor5f0.025-nyse-w156	1464	d6b7430c280827d9830149fbdb55d5a9a894f1b59d66d4303e6cc2fdbd3aba66
sensitivity cell model fingerprint	factor5f0.025-nyse-w156-index_tracking-K10	1464	1a5c336233b8a2d734ff0aacf852e5b43b6a9ed61f5e822a1bb4ee6e868c4a4b
sensitivity cell model fingerprint	factor5f0.025-nyse-w156-index_tracking-K30	1464	f1f663cce6d27d61fa172b934a91f0965552841aa76a8c0db5c2621b3193707d
sensitivity cell model fingerprint	factor5f0.025-nyse-w156-index_tracking-K50	1464	1861843cf15bc53007a5ec778e3508507e6128c03525b1b4083c11a25de825d0
sensitivity covariance	factor5f0.025-nasdaq-w0	1437	e9dad511b526b80d6d4dc2f581f43ecfc2e46c79704957ba98597bcd215a1923
sensitivity cell model fingerprint	factor5f0.025-nasdaq-w0-index_tracking-K10	1437	e8acdfec5577bad6851ba8020c855fc50c44cffcedafc934e338a9562e217067
sensitivity cell model fingerprint	factor5f0.025-nasdaq-w0-index_tracking-K30	1437	606adc93944a04c4483db0c2c961b573d73e964075d2142df320465c55230d84
sensitivity cell model fingerprint	factor5f0.025-nasdaq-w0-index_tracking-K50	1437	215dbe5d5bb2ecdbb8981b9975560d5dcfe6e41cd830254c90169306fb559e58
sensitivity covariance	factor5f0.025-nasdaq-w78	1437	f1d9cccd2834cefded0d2ab47a5c901b214389c67a36f4c13c868a02206be63c
sensitivity cell model fingerprint	factor5f0.025-nasdaq-w78-index_tracking-K10	1437	43e57d4fdcc157946f806aea8bd9f2b405fd576ff8f683f07006561d750baf2e
sensitivity cell model fingerprint	factor5f0.025-nasdaq-w78-index_tracking-K30	1437	a1bda4178ef66bf67d510e6f39c29f0d4d05ee3eebf4793b5b96f3b27f5233d6
sensitivity cell model fingerprint	factor5f0.025-nasdaq-w78-index_tracking-K50	1437	d2011c776026be7073336d00c87c03edba6aa66da8ed9276a94779c6f87249cf
sensitivity covariance	factor5f0.025-nasdaq-w156	1437	89888d71d683aa478eca32c9c222620c6ef7c549233f4fbbebffaf9e9819fec3
sensitivity cell model fingerprint	factor5f0.025-nasdaq-w156-index_tracking-K10	1437	a0f64c192d8d7474a74a9a453ff8e2515ad45af59e3573d29d0e660641c65705
sensitivity cell model fingerprint	factor5f0.025-nasdaq-w156-index_tracking-K30	1437	91b83c349c86d84c13e0d951d9d1c4584674192c8f6dc518aa27c65bb590abdc
sensitivity cell model fingerprint	factor5f0.025-nasdaq-w156-index_tracking-K50	1437	cdb55d7f5185a8fb3f5352c12e8a0d03a479d710131eccf996daa12a671764f0
sensitivity covariance	factor5f0.025-all-w0	2901	77a7005a94bc7d5daaac2616e18d1cc381baf9b8d7f1926b59ad42e923b79834
sensitivity cell model fingerprint	factor5f0.025-all-w0-index_tracking-K10	2901	9353b7a927ca77a3a78f80576cf4d5fd502953c02e2c3433284eee5d3363045f
sensitivity cell model fingerprint	factor5f0.025-all-w0-index_tracking-K30	2901	5f00e83a98f4c8710918a0a030ea5747589df3db994ed67eef3f042511e00d68
sensitivity cell model fingerprint	factor5f0.025-all-w0-index_tracking-K50	2901	2ff2b562518fd5b01c718191872765d0972a2be6f2529489798bd27723061269
sensitivity covariance	factor5f0.025-all-w78	2901	932541a2f07d26b1a637999bcaca00c636c6329eda05c148470a3ed6e91a2023
sensitivity cell model fingerprint	factor5f0.025-all-w78-index_tracking-K10	2901	5772f043e0db9e2900939c4565f73aefaff3a955b26714748e70a82ebfa0678c
sensitivity cell model fingerprint	factor5f0.025-all-w78-index_tracking-K30	2901	4862416b3729cf0ab59491db2c878a0dcc4a7b6ee221863f5be08f213053806f
sensitivity cell model fingerprint	factor5f0.025-all-w78-index_tracking-K50	2901	35ba4d4403f32e31433b419e9b5d4ebb3d1d499acc0007fe0212bc6288b3e076
sensitivity covariance	factor5f0.025-all-w156	2901	ac655579c99e61eb0f59be58c08b9178f4a47f344785ca18fbf80a98d993cd3a
sensitivity cell model fingerprint	factor5f0.025-all-w156-index_tracking-K10	2901	4de46d7d44ded953d81c02f6dfd0fe0a7c794bdf9897afa9ebd10a0fbdf1c4b7
sensitivity cell model fingerprint	factor5f0.025-all-w156-index_tracking-K30	2901	5ec4a9535924e6c23c330ae30f67304eb37f170ca763ab5a0740f840b4401cac
sensitivity cell model fingerprint	factor5f0.025-all-w156-index_tracking-K50	2901	0dbf93828498fedd26f7fc5c43c8420bdad69608f7d6872b64b4b17e0f4330c8
sensitivity covariance	factor5-nyse-w0	1464	fd3e530ccca7e1c54cda3856e52df82274ca99f754318c6adddd0361da654506
sensitivity cell model fingerprint	factor5-nyse-w0-index_tracking-K10	1464	d18809d02469b6b767c5e8048279cad864ff82ce981435ccbb2835c8ec017dd6
sensitivity cell model fingerprint	factor5-nyse-w0-index_tracking-K30	1464	8307e2a9a8b2ee7e716723ee414261bc64e31a150b149146b03b37050ec79dc7
sensitivity cell model fingerprint	factor5-nyse-w0-index_tracking-K50	1464	857e359c515bf62a35ba11b7f4d661d1338d808458d461e4026e766ddb26a20d
sensitivity covariance	factor5-nyse-w78	1464	3104306cc46069c28922522ac762baeedb13867e94e66f81237ef7cf892e8137
sensitivity cell model fingerprint	factor5-nyse-w78-index_tracking-K10	1464	12d762a955859603995f76801877214f4267cae161b9887d4cc36bec7d98721c
sensitivity cell model fingerprint	factor5-nyse-w78-index_tracking-K30	1464	ca11df7f5983498a344031dc83c2ab246f52f19c10c68666f39c9bfd7105cf28
sensitivity cell model fingerprint	factor5-nyse-w78-index_tracking-K50	1464	033b84c072fc2fac93f97548846e9787bdae4c30755c88221fe0ac9086adf4e0
sensitivity covariance	factor5-nyse-w156	1464	d6b7430c280827d9830149fbdb55d5a9a894f1b59d66d4303e6cc2fdbd3aba66
sensitivity cell model fingerprint	factor5-nyse-w156-index_tracking-K10	1464	1a5c336233b8a2d734ff0aacf852e5b43b6a9ed61f5e822a1bb4ee6e868c4a4b
sensitivity cell model fingerprint	factor5-nyse-w156-index_tracking-K30	1464	f1f663cce6d27d61fa172b934a91f0965552841aa76a8c0db5c2621b3193707d
sensitivity cell model fingerprint	factor5-nyse-w156-index_tracking-K50	1464	1861843cf15bc53007a5ec778e3508507e6128c03525b1b4083c11a25de825d0
sensitivity covariance	factor5-nasdaq-w0	1437	e9dad511b526b80d6d4dc2f581f43ecfc2e46c79704957ba98597bcd215a1923
sensitivity cell model fingerprint	factor5-nasdaq-w0-index_tracking-K10	1437	e8acdfec5577bad6851ba8020c855fc50c44cffcedafc934e338a9562e217067
sensitivity cell model fingerprint	factor5-nasdaq-w0-index_tracking-K30	1437	606adc93944a04c4483db0c2c961b573d73e964075d2142df320465c55230d84
sensitivity cell model fingerprint	factor5-nasdaq-w0-index_tracking-K50	1437	215dbe5d5bb2ecdbb8981b9975560d5dcfe6e41cd830254c90169306fb559e58
sensitivity covariance	factor5-nasdaq-w78	1437	f1d9cccd2834cefded0d2ab47a5c901b214389c67a36f4c13c868a02206be63c
sensitivity cell model fingerprint	factor5-nasdaq-w78-index_tracking-K10	1437	43e57d4fdcc157946f806aea8bd9f2b405fd576ff8f683f07006561d750baf2e
sensitivity cell model fingerprint	factor5-nasdaq-w78-index_tracking-K30	1437	a1bda4178ef66bf67d510e6f39c29f0d4d05ee3eebf4793b5b96f3b27f5233d6
sensitivity cell model fingerprint	factor5-nasdaq-w78-index_tracking-K50	1437	d2011c776026be7073336d00c87c03edba6aa66da8ed9276a94779c6f87249cf
sensitivity covariance	factor5-nasdaq-w156	1437	89888d71d683aa478eca32c9c222620c6ef7c549233f4fbbebffaf9e9819fec3
sensitivity cell model fingerprint	factor5-nasdaq-w156-index_tracking-K10	1437	a0f64c192d8d7474a74a9a453ff8e2515ad45af59e3573d29d0e660641c65705
sensitivity cell model fingerprint	factor5-nasdaq-w156-index_tracking-K30	1437	91b83c349c86d84c13e0d951d9d1c4584674192c8f6dc518aa27c65bb590abdc
sensitivity cell model fingerprint	factor5-nasdaq-w156-index_tracking-K50	1437	cdb55d7f5185a8fb3f5352c12e8a0d03a479d710131eccf996daa12a671764f0
sensitivity covariance	factor5-all-w0	2901	77a7005a94bc7d5daaac2616e18d1cc381baf9b8d7f1926b59ad42e923b79834
sensitivity cell model fingerprint	factor5-all-w0-index_tracking-K10	2901	9353b7a927ca77a3a78f80576cf4d5fd502953c02e2c3433284eee5d3363045f
sensitivity cell model fingerprint	factor5-all-w0-index_tracking-K30	2901	5f00e83a98f4c8710918a0a030ea5747589df3db994ed67eef3f042511e00d68
sensitivity cell model fingerprint	factor5-all-w0-index_tracking-K50	2901	2ff2b562518fd5b01c718191872765d0972a2be6f2529489798bd27723061269
sensitivity covariance	factor5-all-w78	2901	932541a2f07d26b1a637999bcaca00c636c6329eda05c148470a3ed6e91a2023
sensitivity cell model fingerprint	factor5-all-w78-index_tracking-K10	2901	5772f043e0db9e2900939c4565f73aefaff3a955b26714748e70a82ebfa0678c
sensitivity cell model fingerprint	factor5-all-w78-index_tracking-K30	2901	4862416b3729cf0ab59491db2c878a0dcc4a7b6ee221863f5be08f213053806f
sensitivity cell model fingerprint	factor5-all-w78-index_tracking-K50	2901	35ba4d4403f32e31433b419e9b5d4ebb3d1d499acc0007fe0212bc6288b3e076
sensitivity covariance	factor5-all-w156	2901	ac655579c99e61eb0f59be58c08b9178f4a47f344785ca18fbf80a98d993cd3a
sensitivity cell model fingerprint	factor5-all-w156-index_tracking-K10	2901	4de46d7d44ded953d81c02f6dfd0fe0a7c794bdf9897afa9ebd10a0fbdf1c4b7
sensitivity cell model fingerprint	factor5-all-w156-index_tracking-K30	2901	5ec4a9535924e6c23c330ae30f67304eb37f170ca763ab5a0740f840b4401cac
sensitivity cell model fingerprint	factor5-all-w156-index_tracking-K50	2901	0dbf93828498fedd26f7fc5c43c8420bdad69608f7d6872b64b4b17e0f4330c8
sensitivity covariance	factor5f0.1-nyse-w0	1464	fd3e530ccca7e1c54cda3856e52df82274ca99f754318c6adddd0361da654506
sensitivity cell model fingerprint	factor5f0.1-nyse-w0-index_tracking-K10	1464	d18809d02469b6b767c5e8048279cad864ff82ce981435ccbb2835c8ec017dd6
sensitivity cell model fingerprint	factor5f0.1-nyse-w0-index_tracking-K30	1464	8307e2a9a8b2ee7e716723ee414261bc64e31a150b149146b03b37050ec79dc7
sensitivity cell model fingerprint	factor5f0.1-nyse-w0-index_tracking-K50	1464	857e359c515bf62a35ba11b7f4d661d1338d808458d461e4026e766ddb26a20d
sensitivity covariance	factor5f0.1-nyse-w78	1464	3104306cc46069c28922522ac762baeedb13867e94e66f81237ef7cf892e8137
sensitivity cell model fingerprint	factor5f0.1-nyse-w78-index_tracking-K10	1464	12d762a955859603995f76801877214f4267cae161b9887d4cc36bec7d98721c
sensitivity cell model fingerprint	factor5f0.1-nyse-w78-index_tracking-K30	1464	ca11df7f5983498a344031dc83c2ab246f52f19c10c68666f39c9bfd7105cf28
sensitivity cell model fingerprint	factor5f0.1-nyse-w78-index_tracking-K50	1464	033b84c072fc2fac93f97548846e9787bdae4c30755c88221fe0ac9086adf4e0
sensitivity covariance	factor5f0.1-nyse-w156	1464	d6b7430c280827d9830149fbdb55d5a9a894f1b59d66d4303e6cc2fdbd3aba66
sensitivity cell model fingerprint	factor5f0.1-nyse-w156-index_tracking-K10	1464	1a5c336233b8a2d734ff0aacf852e5b43b6a9ed61f5e822a1bb4ee6e868c4a4b
sensitivity cell model fingerprint	factor5f0.1-nyse-w156-index_tracking-K30	1464	f1f663cce6d27d61fa172b934a91f0965552841aa76a8c0db5c2621b3193707d
sensitivity cell model fingerprint	factor5f0.1-nyse-w156-index_tracking-K50	1464	1861843cf15bc53007a5ec778e3508507e6128c03525b1b4083c11a25de825d0
sensitivity covariance	factor5f0.1-nasdaq-w0	1437	e9dad511b526b80d6d4dc2f581f43ecfc2e46c79704957ba98597bcd215a1923
sensitivity cell model fingerprint	factor5f0.1-nasdaq-w0-index_tracking-K10	1437	e8acdfec5577bad6851ba8020c855fc50c44cffcedafc934e338a9562e217067
sensitivity cell model fingerprint	factor5f0.1-nasdaq-w0-index_tracking-K30	1437	606adc93944a04c4483db0c2c961b573d73e964075d2142df320465c55230d84
sensitivity cell model fingerprint	factor5f0.1-nasdaq-w0-index_tracking-K50	1437	215dbe5d5bb2ecdbb8981b9975560d5dcfe6e41cd830254c90169306fb559e58
sensitivity covariance	factor5f0.1-nasdaq-w78	1437	f1d9cccd2834cefded0d2ab47a5c901b214389c67a36f4c13c868a02206be63c
sensitivity cell model fingerprint	factor5f0.1-nasdaq-w78-index_tracking-K10	1437	43e57d4fdcc157946f806aea8bd9f2b405fd576ff8f683f07006561d750baf2e
sensitivity cell model fingerprint	factor5f0.1-nasdaq-w78-index_tracking-K30	1437	a1bda4178ef66bf67d510e6f39c29f0d4d05ee3eebf4793b5b96f3b27f5233d6
sensitivity cell model fingerprint	factor5f0.1-nasdaq-w78-index_tracking-K50	1437	d2011c776026be7073336d00c87c03edba6aa66da8ed9276a94779c6f87249cf
sensitivity covariance	factor5f0.1-nasdaq-w156	1437	89888d71d683aa478eca32c9c222620c6ef7c549233f4fbbebffaf9e9819fec3
sensitivity cell model fingerprint	factor5f0.1-nasdaq-w156-index_tracking-K10	1437	a0f64c192d8d7474a74a9a453ff8e2515ad45af59e3573d29d0e660641c65705
sensitivity cell model fingerprint	factor5f0.1-nasdaq-w156-index_tracking-K30	1437	91b83c349c86d84c13e0d951d9d1c4584674192c8f6dc518aa27c65bb590abdc
sensitivity cell model fingerprint	factor5f0.1-nasdaq-w156-index_tracking-K50	1437	cdb55d7f5185a8fb3f5352c12e8a0d03a479d710131eccf996daa12a671764f0
sensitivity covariance	factor5f0.1-all-w0	2901	77a7005a94bc7d5daaac2616e18d1cc381baf9b8d7f1926b59ad42e923b79834
sensitivity cell model fingerprint	factor5f0.1-all-w0-index_tracking-K10	2901	9353b7a927ca77a3a78f80576cf4d5fd502953c02e2c3433284eee5d3363045f
sensitivity cell model fingerprint	factor5f0.1-all-w0-index_tracking-K30	2901	5f00e83a98f4c8710918a0a030ea5747589df3db994ed67eef3f042511e00d68
sensitivity cell model fingerprint	factor5f0.1-all-w0-index_tracking-K50	2901	2ff2b562518fd5b01c718191872765d0972a2be6f2529489798bd27723061269
sensitivity covariance	factor5f0.1-all-w78	2901	932541a2f07d26b1a637999bcaca00c636c6329eda05c148470a3ed6e91a2023
sensitivity cell model fingerprint	factor5f0.1-all-w78-index_tracking-K10	2901	5772f043e0db9e2900939c4565f73aefaff3a955b26714748e70a82ebfa0678c
sensitivity cell model fingerprint	factor5f0.1-all-w78-index_tracking-K30	2901	4862416b3729cf0ab59491db2c878a0dcc4a7b6ee221863f5be08f213053806f
sensitivity cell model fingerprint	factor5f0.1-all-w78-index_tracking-K50	2901	35ba4d4403f32e31433b419e9b5d4ebb3d1d499acc0007fe0212bc6288b3e076
sensitivity covariance	factor5f0.1-all-w156	2901	ac655579c99e61eb0f59be58c08b9178f4a47f344785ca18fbf80a98d993cd3a
sensitivity cell model fingerprint	factor5f0.1-all-w156-index_tracking-K10	2901	4de46d7d44ded953d81c02f6dfd0fe0a7c794bdf9897afa9ebd10a0fbdf1c4b7
sensitivity cell model fingerprint	factor5f0.1-all-w156-index_tracking-K30	2901	5ec4a9535924e6c23c330ae30f67304eb37f170ca763ab5a0740f840b4401cac
sensitivity cell model fingerprint	factor5f0.1-all-w156-index_tracking-K50	2901	0dbf93828498fedd26f7fc5c43c8420bdad69608f7d6872b64b4b17e0f4330c8
sensitivity covariance	factor10f0.025-nyse-w0	1464	3173eb49606dd0bba90b5f4a87ce5e28e1c9c749c3b84609e3cd7a975ba22821
sensitivity cell model fingerprint	factor10f0.025-nyse-w0-index_tracking-K10	1464	c5f294a3e0afb2a5028e7f4a18057b0424c7c255422bbe37f6cab278ddd60bda
sensitivity cell model fingerprint	factor10f0.025-nyse-w0-index_tracking-K30	1464	7880e45916aae8dc4edc803ea5bad642d73cd277f0fc815f25d91a524ce54a9b
sensitivity cell model fingerprint	factor10f0.025-nyse-w0-index_tracking-K50	1464	a073977f722306590afa56f2204e0d4e3ed4e6744f7a0168658e750253fbc04c
sensitivity covariance	factor10f0.025-nyse-w78	1464	577edfb9c9c8e8710e68464ed91d5ad557e19bc6ce775a3619f360332abe58ca
sensitivity cell model fingerprint	factor10f0.025-nyse-w78-index_tracking-K10	1464	9071c9c52cdce0a261733ce3891788734ef6ed6d204c0ad9dcbb3d22e70ea09f
sensitivity cell model fingerprint	factor10f0.025-nyse-w78-index_tracking-K30	1464	73bc82ea549389bbc27caceac2e74b17fc0bef6979539711b3fed90fc43c605e
sensitivity cell model fingerprint	factor10f0.025-nyse-w78-index_tracking-K50	1464	745101628ec4ef1ae3aceceec161a4908467b4b213908ead269b48306d840747
sensitivity covariance	factor10f0.025-nyse-w156	1464	024f9e8bd530293539635cb0ed05d5a2e55e056f2b6d9cdf0426b128c5cd3c9e
sensitivity cell model fingerprint	factor10f0.025-nyse-w156-index_tracking-K10	1464	1fbaa20ee814ed6a71b3f9080a5ec52117f60c63275e65ac6ffdca369bf460fc
sensitivity cell model fingerprint	factor10f0.025-nyse-w156-index_tracking-K30	1464	e30c04e8d246b9f0b202b3690dd28e4d2c90f6ed03abfdae541177916cb57b8f
sensitivity cell model fingerprint	factor10f0.025-nyse-w156-index_tracking-K50	1464	d7b0bd867395c821d4068ae6d954667bfec729e70d790fa76f3e22a3a1c4951e
sensitivity covariance	factor10f0.025-nasdaq-w0	1437	ec95ee8278404167b323a75c6cd9174eb7ad7572d43298c8c4e3a6b0c7b95a98
sensitivity cell model fingerprint	factor10f0.025-nasdaq-w0-index_tracking-K10	1437	7d5975ac3a248dc907836ef63a6285528246c0caa9859a5183f103869191bdf3
sensitivity cell model fingerprint	factor10f0.025-nasdaq-w0-index_tracking-K30	1437	be9875943f9b172b0064252280ab64f6cc517afdd55d1530b5813afa776ddd43
sensitivity cell model fingerprint	factor10f0.025-nasdaq-w0-index_tracking-K50	1437	5eca2d5d157ceff5310d364fde7a6b2bb49a4b15552a66205e7c108e05155e2f
sensitivity covariance	factor10f0.025-nasdaq-w78	1437	49fd8f89a99146de35f1870a9d9dcbd77342ad536153e6c1be8391eaa4a4be4b
sensitivity cell model fingerprint	factor10f0.025-nasdaq-w78-index_tracking-K10	1437	cfd787ec81bfc73f5f7dc5089873d87e9ad8747c86bdc8e58688f484c6df22e3
sensitivity cell model fingerprint	factor10f0.025-nasdaq-w78-index_tracking-K30	1437	a7ea7ed84df701cc3d7cb2c2ef39037a68dcf55dc840a8a1e29eb245b17486d1
sensitivity cell model fingerprint	factor10f0.025-nasdaq-w78-index_tracking-K50	1437	5148bad774c6dce17d877af94cbdba43252aaa0aaad6c9f90976cb41d2888dc4
sensitivity covariance	factor10f0.025-nasdaq-w156	1437	b8234c4b632434d50b11b62e3c03988fbfc4d95b1f4e16736534d45d807c27ee
sensitivity cell model fingerprint	factor10f0.025-nasdaq-w156-index_tracking-K10	1437	b6bca9b6d2ad369ab69e97bf9af5d22f3ea3647b07f58b341ab4aa2da5df1afe
sensitivity cell model fingerprint	factor10f0.025-nasdaq-w156-index_tracking-K30	1437	369d9b34ca20342cdb640e36b108fd88341251bb279a640be13ce7ccbe19f980
sensitivity cell model fingerprint	factor10f0.025-nasdaq-w156-index_tracking-K50	1437	e748acc3e361a449172f64cbf282bb83dc051b404acc8431e8ba0c3637926586
sensitivity covariance	factor10f0.025-all-w0	2901	aeb9e264ed0d992bed1c34116228a662dc6fb10ca7ce4b55dcd7dd466654bc4f
sensitivity cell model fingerprint	factor10f0.025-all-w0-index_tracking-K10	2901	db3f9a0adba76e2432516aab7d580d77ba6b5ce8b05cd60e21f8bffee037be32
sensitivity cell model fingerprint	factor10f0.025-all-w0-index_tracking-K30	2901	b4d1bcc4aaf230f649c11095b1e3dc6175d6e6953922bfab7967c17fa2d18135
sensitivity cell model fingerprint	factor10f0.025-all-w0-index_tracking-K50	2901	fe9293afd326409d87f7f2f3e27f94ff8f8d0942b7342a9c2c1ff01e4e99c0d9
sensitivity covariance	factor10f0.025-all-w78	2901	66e2c9c661960ee9d0437a1b4333c2533af2ba9e47f2c72314a80f5e46e8cb71
sensitivity cell model fingerprint	factor10f0.025-all-w78-index_tracking-K10	2901	0ac94db9961975dd2a9bdbefb4b783781e20b9738e31013cfe6ad0d0dc29818b
sensitivity cell model fingerprint	factor10f0.025-all-w78-index_tracking-K30	2901	2bb4d10a3369541cf414bcb5c48d617769251f9b2ea09f5c7506bd5febbf36ca
sensitivity cell model fingerprint	factor10f0.025-all-w78-index_tracking-K50	2901	979d72015c50d125b15a0dcba1c443fb640d658195cfdbc9487e4d3508c8767c
sensitivity covariance	factor10f0.025-all-w156	2901	e92e552dd071ccf185e7403e2ef70c3ea4eba19a4b17d4b2db893878a6f9ea9f
sensitivity cell model fingerprint	factor10f0.025-all-w156-index_tracking-K10	2901	e74bef3fd7e6ae1026b0a77d6e870c003ae2387f645a0c2032ca2b7a1ae2b5dc
sensitivity cell model fingerprint	factor10f0.025-all-w156-index_tracking-K30	2901	56844d14b68057468a728bf1e9fe145964885a2fd283df026bcf90a0ab25fcd6
sensitivity cell model fingerprint	factor10f0.025-all-w156-index_tracking-K50	2901	567f50aaa9983efba9f5f427d4ff86f14f9a619527a888f1ef1fa18533b261c8
sensitivity covariance	factor10-nyse-w0	1464	3173eb49606dd0bba90b5f4a87ce5e28e1c9c749c3b84609e3cd7a975ba22821
sensitivity cell model fingerprint	factor10-nyse-w0-index_tracking-K10	1464	c5f294a3e0afb2a5028e7f4a18057b0424c7c255422bbe37f6cab278ddd60bda
sensitivity cell model fingerprint	factor10-nyse-w0-index_tracking-K30	1464	7880e45916aae8dc4edc803ea5bad642d73cd277f0fc815f25d91a524ce54a9b
sensitivity cell model fingerprint	factor10-nyse-w0-index_tracking-K50	1464	a073977f722306590afa56f2204e0d4e3ed4e6744f7a0168658e750253fbc04c
sensitivity covariance	factor10-nyse-w78	1464	577edfb9c9c8e8710e68464ed91d5ad557e19bc6ce775a3619f360332abe58ca
sensitivity cell model fingerprint	factor10-nyse-w78-index_tracking-K10	1464	9071c9c52cdce0a261733ce3891788734ef6ed6d204c0ad9dcbb3d22e70ea09f
sensitivity cell model fingerprint	factor10-nyse-w78-index_tracking-K30	1464	73bc82ea549389bbc27caceac2e74b17fc0bef6979539711b3fed90fc43c605e
sensitivity cell model fingerprint	factor10-nyse-w78-index_tracking-K50	1464	745101628ec4ef1ae3aceceec161a4908467b4b213908ead269b48306d840747
sensitivity covariance	factor10-nyse-w156	1464	024f9e8bd530293539635cb0ed05d5a2e55e056f2b6d9cdf0426b128c5cd3c9e
sensitivity cell model fingerprint	factor10-nyse-w156-index_tracking-K10	1464	1fbaa20ee814ed6a71b3f9080a5ec52117f60c63275e65ac6ffdca369bf460fc
sensitivity cell model fingerprint	factor10-nyse-w156-index_tracking-K30	1464	e30c04e8d246b9f0b202b3690dd28e4d2c90f6ed03abfdae541177916cb57b8f
sensitivity cell model fingerprint	factor10-nyse-w156-index_tracking-K50	1464	d7b0bd867395c821d4068ae6d954667bfec729e70d790fa76f3e22a3a1c4951e
sensitivity covariance	factor10-nasdaq-w0	1437	ec95ee8278404167b323a75c6cd9174eb7ad7572d43298c8c4e3a6b0c7b95a98
sensitivity cell model fingerprint	factor10-nasdaq-w0-index_tracking-K10	1437	7d5975ac3a248dc907836ef63a6285528246c0caa9859a5183f103869191bdf3
sensitivity cell model fingerprint	factor10-nasdaq-w0-index_tracking-K30	1437	be9875943f9b172b0064252280ab64f6cc517afdd55d1530b5813afa776ddd43
sensitivity cell model fingerprint	factor10-nasdaq-w0-index_tracking-K50	1437	5eca2d5d157ceff5310d364fde7a6b2bb49a4b15552a66205e7c108e05155e2f
sensitivity covariance	factor10-nasdaq-w78	1437	49fd8f89a99146de35f1870a9d9dcbd77342ad536153e6c1be8391eaa4a4be4b
sensitivity cell model fingerprint	factor10-nasdaq-w78-index_tracking-K10	1437	cfd787ec81bfc73f5f7dc5089873d87e9ad8747c86bdc8e58688f484c6df22e3
sensitivity cell model fingerprint	factor10-nasdaq-w78-index_tracking-K30	1437	a7ea7ed84df701cc3d7cb2c2ef39037a68dcf55dc840a8a1e29eb245b17486d1
sensitivity cell model fingerprint	factor10-nasdaq-w78-index_tracking-K50	1437	5148bad774c6dce17d877af94cbdba43252aaa0aaad6c9f90976cb41d2888dc4
sensitivity covariance	factor10-nasdaq-w156	1437	b8234c4b632434d50b11b62e3c03988fbfc4d95b1f4e16736534d45d807c27ee
sensitivity cell model fingerprint	factor10-nasdaq-w156-index_tracking-K10	1437	b6bca9b6d2ad369ab69e97bf9af5d22f3ea3647b07f58b341ab4aa2da5df1afe
sensitivity cell model fingerprint	factor10-nasdaq-w156-index_tracking-K30	1437	369d9b34ca20342cdb640e36b108fd88341251bb279a640be13ce7ccbe19f980
sensitivity cell model fingerprint	factor10-nasdaq-w156-index_tracking-K50	1437	e748acc3e361a449172f64cbf282bb83dc051b404acc8431e8ba0c3637926586
sensitivity covariance	factor10-all-w0	2901	aeb9e264ed0d992bed1c34116228a662dc6fb10ca7ce4b55dcd7dd466654bc4f
sensitivity cell model fingerprint	factor10-all-w0-index_tracking-K10	2901	db3f9a0adba76e2432516aab7d580d77ba6b5ce8b05cd60e21f8bffee037be32
sensitivity cell model fingerprint	factor10-all-w0-index_tracking-K30	2901	b4d1bcc4aaf230f649c11095b1e3dc6175d6e6953922bfab7967c17fa2d18135
sensitivity cell model fingerprint	factor10-all-w0-index_tracking-K50	2901	fe9293afd326409d87f7f2f3e27f94ff8f8d0942b7342a9c2c1ff01e4e99c0d9
sensitivity covariance	factor10-all-w78	2901	66e2c9c661960ee9d0437a1b4333c2533af2ba9e47f2c72314a80f5e46e8cb71
sensitivity cell model fingerprint	factor10-all-w78-index_tracking-K10	2901	0ac94db9961975dd2a9bdbefb4b783781e20b9738e31013cfe6ad0d0dc29818b
sensitivity cell model fingerprint	factor10-all-w78-index_tracking-K30	2901	2bb4d10a3369541cf414bcb5c48d617769251f9b2ea09f5c7506bd5febbf36ca
sensitivity cell model fingerprint	factor10-all-w78-index_tracking-K50	2901	979d72015c50d125b15a0dcba1c443fb640d658195cfdbc9487e4d3508c8767c
sensitivity covariance	factor10-all-w156	2901	e92e552dd071ccf185e7403e2ef70c3ea4eba19a4b17d4b2db893878a6f9ea9f
sensitivity cell model fingerprint	factor10-all-w156-index_tracking-K10	2901	e74bef3fd7e6ae1026b0a77d6e870c003ae2387f645a0c2032ca2b7a1ae2b5dc
sensitivity cell model fingerprint	factor10-all-w156-index_tracking-K30	2901	56844d14b68057468a728bf1e9fe145964885a2fd283df026bcf90a0ab25fcd6
sensitivity cell model fingerprint	factor10-all-w156-index_tracking-K50	2901	567f50aaa9983efba9f5f427d4ff86f14f9a619527a888f1ef1fa18533b261c8
sensitivity covariance	factor10f0.1-nyse-w0	1464	3173eb49606dd0bba90b5f4a87ce5e28e1c9c749c3b84609e3cd7a975ba22821
sensitivity cell model fingerprint	factor10f0.1-nyse-w0-index_tracking-K10	1464	c5f294a3e0afb2a5028e7f4a18057b0424c7c255422bbe37f6cab278ddd60bda
sensitivity cell model fingerprint	factor10f0.1-nyse-w0-index_tracking-K30	1464	7880e45916aae8dc4edc803ea5bad642d73cd277f0fc815f25d91a524ce54a9b
sensitivity cell model fingerprint	factor10f0.1-nyse-w0-index_tracking-K50	1464	a073977f722306590afa56f2204e0d4e3ed4e6744f7a0168658e750253fbc04c
sensitivity covariance	factor10f0.1-nyse-w78	1464	577edfb9c9c8e8710e68464ed91d5ad557e19bc6ce775a3619f360332abe58ca
sensitivity cell model fingerprint	factor10f0.1-nyse-w78-index_tracking-K10	1464	9071c9c52cdce0a261733ce3891788734ef6ed6d204c0ad9dcbb3d22e70ea09f
sensitivity cell model fingerprint	factor10f0.1-nyse-w78-index_tracking-K30	1464	73bc82ea549389bbc27caceac2e74b17fc0bef6979539711b3fed90fc43c605e
sensitivity cell model fingerprint	factor10f0.1-nyse-w78-index_tracking-K50	1464	745101628ec4ef1ae3aceceec161a4908467b4b213908ead269b48306d840747
sensitivity covariance	factor10f0.1-nyse-w156	1464	024f9e8bd530293539635cb0ed05d5a2e55e056f2b6d9cdf0426b128c5cd3c9e
sensitivity cell model fingerprint	factor10f0.1-nyse-w156-index_tracking-K10	1464	1fbaa20ee814ed6a71b3f9080a5ec52117f60c63275e65ac6ffdca369bf460fc
sensitivity cell model fingerprint	factor10f0.1-nyse-w156-index_tracking-K30	1464	e30c04e8d246b9f0b202b3690dd28e4d2c90f6ed03abfdae541177916cb57b8f
sensitivity cell model fingerprint	factor10f0.1-nyse-w156-index_tracking-K50	1464	d7b0bd867395c821d4068ae6d954667bfec729e70d790fa76f3e22a3a1c4951e
sensitivity covariance	factor10f0.1-nasdaq-w0	1437	ec95ee8278404167b323a75c6cd9174eb7ad7572d43298c8c4e3a6b0c7b95a98
sensitivity cell model fingerprint	factor10f0.1-nasdaq-w0-index_tracking-K10	1437	7d5975ac3a248dc907836ef63a6285528246c0caa9859a5183f103869191bdf3
sensitivity cell model fingerprint	factor10f0.1-nasdaq-w0-index_tracking-K30	1437	be9875943f9b172b0064252280ab64f6cc517afdd55d1530b5813afa776ddd43
sensitivity cell model fingerprint	factor10f0.1-nasdaq-w0-index_tracking-K50	1437	5eca2d5d157ceff5310d364fde7a6b2bb49a4b15552a66205e7c108e05155e2f
sensitivity covariance	factor10f0.1-nasdaq-w78	1437	49fd8f89a99146de35f1870a9d9dcbd77342ad536153e6c1be8391eaa4a4be4b
sensitivity cell model fingerprint	factor10f0.1-nasdaq-w78-index_tracking-K10	1437	cfd787ec81bfc73f5f7dc5089873d87e9ad8747c86bdc8e58688f484c6df22e3
sensitivity cell model fingerprint	factor10f0.1-nasdaq-w78-index_tracking-K30	1437	a7ea7ed84df701cc3d7cb2c2ef39037a68dcf55dc840a8a1e29eb245b17486d1
sensitivity cell model fingerprint	factor10f0.1-nasdaq-w78-index_tracking-K50	1437	5148bad774c6dce17d877af94cbdba43252aaa0aaad6c9f90976cb41d2888dc4
sensitivity covariance	factor10f0.1-nasdaq-w156	1437	b8234c4b632434d50b11b62e3c03988fbfc4d95b1f4e16736534d45d807c27ee
sensitivity cell model fingerprint	factor10f0.1-nasdaq-w156-index_tracking-K10	1437	b6bca9b6d2ad369ab69e97bf9af5d22f3ea3647b07f58b341ab4aa2da5df1afe
sensitivity cell model fingerprint	factor10f0.1-nasdaq-w156-index_tracking-K30	1437	369d9b34ca20342cdb640e36b108fd88341251bb279a640be13ce7ccbe19f980
sensitivity cell model fingerprint	factor10f0.1-nasdaq-w156-index_tracking-K50	1437	e748acc3e361a449172f64cbf282bb83dc051b404acc8431e8ba0c3637926586
sensitivity covariance	factor10f0.1-all-w0	2901	aeb9e264ed0d992bed1c34116228a662dc6fb10ca7ce4b55dcd7dd466654bc4f
sensitivity cell model fingerprint	factor10f0.1-all-w0-index_tracking-K10	2901	db3f9a0adba76e2432516aab7d580d77ba6b5ce8b05cd60e21f8bffee037be32
sensitivity cell model fingerprint	factor10f0.1-all-w0-index_tracking-K30	2901	b4d1bcc4aaf230f649c11095b1e3dc6175d6e6953922bfab7967c17fa2d18135
sensitivity cell model fingerprint	factor10f0.1-all-w0-index_tracking-K50	2901	fe9293afd326409d87f7f2f3e27f94ff8f8d0942b7342a9c2c1ff01e4e99c0d9
sensitivity covariance	factor10f0.1-all-w78	2901	66e2c9c661960ee9d0437a1b4333c2533af2ba9e47f2c72314a80f5e46e8cb71
sensitivity cell model fingerprint	factor10f0.1-all-w78-index_tracking-K10	2901	0ac94db9961975dd2a9bdbefb4b783781e20b9738e31013cfe6ad0d0dc29818b
sensitivity cell model fingerprint	factor10f0.1-all-w78-index_tracking-K30	2901	2bb4d10a3369541cf414bcb5c48d617769251f9b2ea09f5c7506bd5febbf36ca
sensitivity cell model fingerprint	factor10f0.1-all-w78-index_tracking-K50	2901	979d72015c50d125b15a0dcba1c443fb640d658195cfdbc9487e4d3508c8767c
sensitivity covariance	factor10f0.1-all-w156	2901	e92e552dd071ccf185e7403e2ef70c3ea4eba19a4b17d4b2db893878a6f9ea9f
sensitivity cell model fingerprint	factor10f0.1-all-w156-index_tracking-K10	2901	e74bef3fd7e6ae1026b0a77d6e870c003ae2387f645a0c2032ca2b7a1ae2b5dc
sensitivity cell model fingerprint	factor10f0.1-all-w156-index_tracking-K30	2901	56844d14b68057468a728bf1e9fe145964885a2fd283df026bcf90a0ab25fcd6
sensitivity cell model fingerprint	factor10f0.1-all-w156-index_tracking-K50	2901	567f50aaa9983efba9f5f427d4ff86f14f9a619527a888f1ef1fa18533b261c8
sensitivity covariance	factor20f0.025-nyse-w0	1464	8c6362a09fe642790d4111eeac6efca93e9d1c2bc1bc1f4035b0bd9379bc2403
sensitivity cell model fingerprint	factor20f0.025-nyse-w0-index_tracking-K10	1464	760fea40c893c26c261151400287a6c9b7a431d2c69d3886e63bde7871cba1f5
sensitivity cell model fingerprint	factor20f0.025-nyse-w0-index_tracking-K30	1464	63a09584e75fa4ea829494f7410bf3aaf7b42f07574a6a05ba6efbdfaef4fd84
sensitivity cell model fingerprint	factor20f0.025-nyse-w0-index_tracking-K50	1464	3739823bce76ee4f32e2f8326eaaf76a8acacc03d17669e6c8589707bd0df6a0
sensitivity covariance	factor20f0.025-nyse-w78	1464	586fcfca259d4310f2973ddb8ee311b4930a9180ce3c4e980a9dfdd1d8962703
sensitivity cell model fingerprint	factor20f0.025-nyse-w78-index_tracking-K10	1464	875b2605baa1f455716d96686bb025bda86b50d2e8c9c9ae7197e224d0ca7959
sensitivity cell model fingerprint	factor20f0.025-nyse-w78-index_tracking-K30	1464	2ff2202027c1a695fadd3bb7abfe8a3a844a009436ca247ef586d75209abaf8b
sensitivity cell model fingerprint	factor20f0.025-nyse-w78-index_tracking-K50	1464	02fed8896e93cf1c6f03e4f481bb243063f373454d1da5d1f490aedd01cf771f
sensitivity covariance	factor20f0.025-nyse-w156	1464	a954d62e4cfff502f9f8b75aab2a637bbd530ee51d53a4e06954d2a8dd551ed8
sensitivity cell model fingerprint	factor20f0.025-nyse-w156-index_tracking-K10	1464	267b979e6b2f6594cd94141f00396c7c8aa5b91a9d76c05896c9eccc996e8986
sensitivity cell model fingerprint	factor20f0.025-nyse-w156-index_tracking-K30	1464	ea21e7643815fede0c58ec9dfd3cf685ef8856b1a538e16b3baafe583bb4a5db
sensitivity cell model fingerprint	factor20f0.025-nyse-w156-index_tracking-K50	1464	536535ae555a381422ed81887ff64ad8b61f6937c05a8a41e20c3239acef5cf2
sensitivity covariance	factor20f0.025-nasdaq-w0	1437	d549fca8e62fc06b505ee29ca48f44243295736e32c8470deaff79105d8e2e52
sensitivity cell model fingerprint	factor20f0.025-nasdaq-w0-index_tracking-K10	1437	79ca45e4547d9b27cb87e06cd73df2852dfaa12eab8894249d32e384809557eb
sensitivity cell model fingerprint	factor20f0.025-nasdaq-w0-index_tracking-K30	1437	e9b4411bc02d4d8e3b82907414de4d2f2d5da44d1a58d599f8f5db7e801442eb
sensitivity cell model fingerprint	factor20f0.025-nasdaq-w0-index_tracking-K50	1437	00311b5d3016491e57d0fd8e3ac8ead6f287c4ead654ac0ce810c10d8e2b0546
sensitivity covariance	factor20f0.025-nasdaq-w78	1437	1a674dcd9d5f4b316553b79ee4155d4f381d90b632d9464221cb5190a423e3cf
sensitivity cell model fingerprint	factor20f0.025-nasdaq-w78-index_tracking-K10	1437	561c99c8168e8ef2bbf05f16e68616e0262f080f0d3e436edba57ea0c66cc859
sensitivity cell model fingerprint	factor20f0.025-nasdaq-w78-index_tracking-K30	1437	5f356ddc14e74005d5930c18383919683c1fef6ef647c432182032d89e9f97dc
sensitivity cell model fingerprint	factor20f0.025-nasdaq-w78-index_tracking-K50	1437	89c0105dc79b87e48becaec92462e973107e47f65cc4def35d95d243cc08083b
sensitivity covariance	factor20f0.025-nasdaq-w156	1437	7ba84c8cc418ba9655529663b40e4f4a9cc969b2407036b9812f034d84de0274
sensitivity cell model fingerprint	factor20f0.025-nasdaq-w156-index_tracking-K10	1437	04f62a5d30588503e2ce96d1e32f63a956cd33ae0d8060b8e503bbb767ba2a93
sensitivity cell model fingerprint	factor20f0.025-nasdaq-w156-index_tracking-K30	1437	812e9e1b95e66a7b5854f7aa0ff7e74af23025db6df2f4e99d266c11f941f6f8
sensitivity cell model fingerprint	factor20f0.025-nasdaq-w156-index_tracking-K50	1437	a799baa8da7ca01b8ddb64b9390d45f10f3c1cf35a469056306f7425b2ede0a9
sensitivity covariance	factor20f0.025-all-w0	2901	0f3069715ea978225f36c1f6e9ad4eb638ff4cb87f13d71fceae1aed7a072609
sensitivity cell model fingerprint	factor20f0.025-all-w0-index_tracking-K10	2901	898de506f0d2ddffe5094565264d4819f4962392eef8f02d0f6bb91598525347
sensitivity cell model fingerprint	factor20f0.025-all-w0-index_tracking-K30	2901	41242063baadfb8655caafc935c985897f8481d979d0dd6d6ee831d21b40fda0
sensitivity cell model fingerprint	factor20f0.025-all-w0-index_tracking-K50	2901	42d3457990633766eb31315925bec03b8d945ce1259bea33045369eb1b2dfbf1
sensitivity covariance	factor20f0.025-all-w78	2901	0cb664e6a936499f7a52a117c06dad5375bc342022159e1c7e6221273dc6ad1f
sensitivity cell model fingerprint	factor20f0.025-all-w78-index_tracking-K10	2901	1d68c23d23721f3a531d9eb5d3d2cac9061910b863a9fdff0106cb82a9d27a13
sensitivity cell model fingerprint	factor20f0.025-all-w78-index_tracking-K30	2901	ca93e209361fa4cb5b530e4bde6293dbb0b4494c195b58804ad1c484a10acc49
sensitivity cell model fingerprint	factor20f0.025-all-w78-index_tracking-K50	2901	6e0e98bd2d7c71efb5a2d8c189478eda10b4a5a9703a258714cde498d0dd2f07
sensitivity covariance	factor20f0.025-all-w156	2901	08933056be01c6ff311568a8eab8027dd97c61019378b32eaebf11e289262a16
sensitivity cell model fingerprint	factor20f0.025-all-w156-index_tracking-K10	2901	656a0384fbd98bf8e0f4eb3aed6d1cb5448275fc950dddc1c28df3d9c8e7b960
sensitivity cell model fingerprint	factor20f0.025-all-w156-index_tracking-K30	2901	984b93a5c9fa184190c14ef46887058602edd3a5097f25036182caa229cb3ce3
sensitivity cell model fingerprint	factor20f0.025-all-w156-index_tracking-K50	2901	c9ec7594f3f3a468ead2480056338cff031d53d211fd3f67660ec5be35841687
sensitivity covariance	factor20-nyse-w0	1464	8c6362a09fe642790d4111eeac6efca93e9d1c2bc1bc1f4035b0bd9379bc2403
sensitivity cell model fingerprint	factor20-nyse-w0-index_tracking-K10	1464	760fea40c893c26c261151400287a6c9b7a431d2c69d3886e63bde7871cba1f5
sensitivity cell model fingerprint	factor20-nyse-w0-index_tracking-K30	1464	63a09584e75fa4ea829494f7410bf3aaf7b42f07574a6a05ba6efbdfaef4fd84
sensitivity cell model fingerprint	factor20-nyse-w0-index_tracking-K50	1464	3739823bce76ee4f32e2f8326eaaf76a8acacc03d17669e6c8589707bd0df6a0
sensitivity covariance	factor20-nyse-w78	1464	586fcfca259d4310f2973ddb8ee311b4930a9180ce3c4e980a9dfdd1d8962703
sensitivity cell model fingerprint	factor20-nyse-w78-index_tracking-K10	1464	875b2605baa1f455716d96686bb025bda86b50d2e8c9c9ae7197e224d0ca7959
sensitivity cell model fingerprint	factor20-nyse-w78-index_tracking-K30	1464	2ff2202027c1a695fadd3bb7abfe8a3a844a009436ca247ef586d75209abaf8b
sensitivity cell model fingerprint	factor20-nyse-w78-index_tracking-K50	1464	02fed8896e93cf1c6f03e4f481bb243063f373454d1da5d1f490aedd01cf771f
sensitivity covariance	factor20-nyse-w156	1464	a954d62e4cfff502f9f8b75aab2a637bbd530ee51d53a4e06954d2a8dd551ed8
sensitivity cell model fingerprint	factor20-nyse-w156-index_tracking-K10	1464	267b979e6b2f6594cd94141f00396c7c8aa5b91a9d76c05896c9eccc996e8986
sensitivity cell model fingerprint	factor20-nyse-w156-index_tracking-K30	1464	ea21e7643815fede0c58ec9dfd3cf685ef8856b1a538e16b3baafe583bb4a5db
sensitivity cell model fingerprint	factor20-nyse-w156-index_tracking-K50	1464	536535ae555a381422ed81887ff64ad8b61f6937c05a8a41e20c3239acef5cf2
sensitivity covariance	factor20-nasdaq-w0	1437	d549fca8e62fc06b505ee29ca48f44243295736e32c8470deaff79105d8e2e52
sensitivity cell model fingerprint	factor20-nasdaq-w0-index_tracking-K10	1437	79ca45e4547d9b27cb87e06cd73df2852dfaa12eab8894249d32e384809557eb
sensitivity cell model fingerprint	factor20-nasdaq-w0-index_tracking-K30	1437	e9b4411bc02d4d8e3b82907414de4d2f2d5da44d1a58d599f8f5db7e801442eb
sensitivity cell model fingerprint	factor20-nasdaq-w0-index_tracking-K50	1437	00311b5d3016491e57d0fd8e3ac8ead6f287c4ead654ac0ce810c10d8e2b0546
sensitivity covariance	factor20-nasdaq-w78	1437	1a674dcd9d5f4b316553b79ee4155d4f381d90b632d9464221cb5190a423e3cf
sensitivity cell model fingerprint	factor20-nasdaq-w78-index_tracking-K10	1437	561c99c8168e8ef2bbf05f16e68616e0262f080f0d3e436edba57ea0c66cc859
sensitivity cell model fingerprint	factor20-nasdaq-w78-index_tracking-K30	1437	5f356ddc14e74005d5930c18383919683c1fef6ef647c432182032d89e9f97dc
sensitivity cell model fingerprint	factor20-nasdaq-w78-index_tracking-K50	1437	89c0105dc79b87e48becaec92462e973107e47f65cc4def35d95d243cc08083b
sensitivity covariance	factor20-nasdaq-w156	1437	7ba84c8cc418ba9655529663b40e4f4a9cc969b2407036b9812f034d84de0274
sensitivity cell model fingerprint	factor20-nasdaq-w156-index_tracking-K10	1437	04f62a5d30588503e2ce96d1e32f63a956cd33ae0d8060b8e503bbb767ba2a93
sensitivity cell model fingerprint	factor20-nasdaq-w156-index_tracking-K30	1437	812e9e1b95e66a7b5854f7aa0ff7e74af23025db6df2f4e99d266c11f941f6f8
sensitivity cell model fingerprint	factor20-nasdaq-w156-index_tracking-K50	1437	a799baa8da7ca01b8ddb64b9390d45f10f3c1cf35a469056306f7425b2ede0a9
sensitivity covariance	factor20-all-w0	2901	0f3069715ea978225f36c1f6e9ad4eb638ff4cb87f13d71fceae1aed7a072609
sensitivity cell model fingerprint	factor20-all-w0-index_tracking-K10	2901	898de506f0d2ddffe5094565264d4819f4962392eef8f02d0f6bb91598525347
sensitivity cell model fingerprint	factor20-all-w0-index_tracking-K30	2901	41242063baadfb8655caafc935c985897f8481d979d0dd6d6ee831d21b40fda0
sensitivity cell model fingerprint	factor20-all-w0-index_tracking-K50	2901	42d3457990633766eb31315925bec03b8d945ce1259bea33045369eb1b2dfbf1
sensitivity covariance	factor20-all-w78	2901	0cb664e6a936499f7a52a117c06dad5375bc342022159e1c7e6221273dc6ad1f
sensitivity cell model fingerprint	factor20-all-w78-index_tracking-K10	2901	1d68c23d23721f3a531d9eb5d3d2cac9061910b863a9fdff0106cb82a9d27a13
sensitivity cell model fingerprint	factor20-all-w78-index_tracking-K30	2901	ca93e209361fa4cb5b530e4bde6293dbb0b4494c195b58804ad1c484a10acc49
sensitivity cell model fingerprint	factor20-all-w78-index_tracking-K50	2901	6e0e98bd2d7c71efb5a2d8c189478eda10b4a5a9703a258714cde498d0dd2f07
sensitivity covariance	factor20-all-w156	2901	08933056be01c6ff311568a8eab8027dd97c61019378b32eaebf11e289262a16
sensitivity cell model fingerprint	factor20-all-w156-index_tracking-K10	2901	656a0384fbd98bf8e0f4eb3aed6d1cb5448275fc950dddc1c28df3d9c8e7b960
sensitivity cell model fingerprint	factor20-all-w156-index_tracking-K30	2901	984b93a5c9fa184190c14ef46887058602edd3a5097f25036182caa229cb3ce3
sensitivity cell model fingerprint	factor20-all-w156-index_tracking-K50	2901	c9ec7594f3f3a468ead2480056338cff031d53d211fd3f67660ec5be35841687
sensitivity covariance	factor20f0.1-nyse-w0	1464	7e74750cf3e78cdf49d26fb557a3147528f9dd1df118f0e3aad1ce0a5f47f6bf
sensitivity cell model fingerprint	factor20f0.1-nyse-w0-index_tracking-K10	1464	677247c6da4d0c2cd8b35b277075e0b096f50c7eb0cc4eb00d26b46c615ff02c
sensitivity cell model fingerprint	factor20f0.1-nyse-w0-index_tracking-K30	1464	4e3c54fc41b9fd199b503ee337abc710560954471e65843a0787f365f3ed425b
sensitivity cell model fingerprint	factor20f0.1-nyse-w0-index_tracking-K50	1464	ce5b7c11b18461e190cc661cd4e8fcb625244f1c36bbcbb0ee6127336786e606
sensitivity covariance	factor20f0.1-nyse-w78	1464	586fcfca259d4310f2973ddb8ee311b4930a9180ce3c4e980a9dfdd1d8962703
sensitivity cell model fingerprint	factor20f0.1-nyse-w78-index_tracking-K10	1464	875b2605baa1f455716d96686bb025bda86b50d2e8c9c9ae7197e224d0ca7959
sensitivity cell model fingerprint	factor20f0.1-nyse-w78-index_tracking-K30	1464	2ff2202027c1a695fadd3bb7abfe8a3a844a009436ca247ef586d75209abaf8b
sensitivity cell model fingerprint	factor20f0.1-nyse-w78-index_tracking-K50	1464	02fed8896e93cf1c6f03e4f481bb243063f373454d1da5d1f490aedd01cf771f
sensitivity covariance	factor20f0.1-nyse-w156	1464	a954d62e4cfff502f9f8b75aab2a637bbd530ee51d53a4e06954d2a8dd551ed8
sensitivity cell model fingerprint	factor20f0.1-nyse-w156-index_tracking-K10	1464	267b979e6b2f6594cd94141f00396c7c8aa5b91a9d76c05896c9eccc996e8986
sensitivity cell model fingerprint	factor20f0.1-nyse-w156-index_tracking-K30	1464	ea21e7643815fede0c58ec9dfd3cf685ef8856b1a538e16b3baafe583bb4a5db
sensitivity cell model fingerprint	factor20f0.1-nyse-w156-index_tracking-K50	1464	536535ae555a381422ed81887ff64ad8b61f6937c05a8a41e20c3239acef5cf2
sensitivity covariance	factor20f0.1-nasdaq-w0	1437	d549fca8e62fc06b505ee29ca48f44243295736e32c8470deaff79105d8e2e52
sensitivity cell model fingerprint	factor20f0.1-nasdaq-w0-index_tracking-K10	1437	79ca45e4547d9b27cb87e06cd73df2852dfaa12eab8894249d32e384809557eb
sensitivity cell model fingerprint	factor20f0.1-nasdaq-w0-index_tracking-K30	1437	e9b4411bc02d4d8e3b82907414de4d2f2d5da44d1a58d599f8f5db7e801442eb
sensitivity cell model fingerprint	factor20f0.1-nasdaq-w0-index_tracking-K50	1437	00311b5d3016491e57d0fd8e3ac8ead6f287c4ead654ac0ce810c10d8e2b0546
sensitivity covariance	factor20f0.1-nasdaq-w78	1437	1a674dcd9d5f4b316553b79ee4155d4f381d90b632d9464221cb5190a423e3cf
sensitivity cell model fingerprint	factor20f0.1-nasdaq-w78-index_tracking-K10	1437	561c99c8168e8ef2bbf05f16e68616e0262f080f0d3e436edba57ea0c66cc859
sensitivity cell model fingerprint	factor20f0.1-nasdaq-w78-index_tracking-K30	1437	5f356ddc14e74005d5930c18383919683c1fef6ef647c432182032d89e9f97dc
sensitivity cell model fingerprint	factor20f0.1-nasdaq-w78-index_tracking-K50	1437	89c0105dc79b87e48becaec92462e973107e47f65cc4def35d95d243cc08083b
sensitivity covariance	factor20f0.1-nasdaq-w156	1437	7ba84c8cc418ba9655529663b40e4f4a9cc969b2407036b9812f034d84de0274
sensitivity cell model fingerprint	factor20f0.1-nasdaq-w156-index_tracking-K10	1437	04f62a5d30588503e2ce96d1e32f63a956cd33ae0d8060b8e503bbb767ba2a93
sensitivity cell model fingerprint	factor20f0.1-nasdaq-w156-index_tracking-K30	1437	812e9e1b95e66a7b5854f7aa0ff7e74af23025db6df2f4e99d266c11f941f6f8
sensitivity cell model fingerprint	factor20f0.1-nasdaq-w156-index_tracking-K50	1437	a799baa8da7ca01b8ddb64b9390d45f10f3c1cf35a469056306f7425b2ede0a9
sensitivity covariance	factor20f0.1-all-w0	2901	1c5b7e27421ee3e323a82321a257a43c3534491b2a087934d1d81cd1554e079c
sensitivity cell model fingerprint	factor20f0.1-all-w0-index_tracking-K10	2901	dc2d7624d31903650569f9e71502568a69be6a037dbc242c90dc7c2488f9a014
sensitivity cell model fingerprint	factor20f0.1-all-w0-index_tracking-K30	2901	351ecd5530119d05b606221d560889f5f610840029c29af8a7fc0f28e005af38
sensitivity cell model fingerprint	factor20f0.1-all-w0-index_tracking-K50	2901	d08b2bf641c4988a538719c24857f058327d384b046e4a5e5003656c55e51721
sensitivity covariance	factor20f0.1-all-w78	2901	210cfc0dd055204c3347b92dc6f3df32d7dfa9aac52ef6884bd1020c409a6c97
sensitivity cell model fingerprint	factor20f0.1-all-w78-index_tracking-K10	2901	b55357f33825b772a62c7afddddf3ffa30c0e8eb7d4b9d8b4f410e7b1d0c8122
sensitivity cell model fingerprint	factor20f0.1-all-w78-index_tracking-K30	2901	ceeee27bd2d0b31e08f30b0ade117d553c7b681ed7d9d65078b300581adcbdf5
sensitivity cell model fingerprint	factor20f0.1-all-w78-index_tracking-K50	2901	72a05414bad846a917d26b830118c6601539856f0d03174d7cdd466142d96771
sensitivity covariance	factor20f0.1-all-w156	2901	08933056be01c6ff311568a8eab8027dd97c61019378b32eaebf11e289262a16
sensitivity cell model fingerprint	factor20f0.1-all-w156-index_tracking-K10	2901	656a0384fbd98bf8e0f4eb3aed6d1cb5448275fc950dddc1c28df3d9c8e7b960
sensitivity cell model fingerprint	factor20f0.1-all-w156-index_tracking-K30	2901	984b93a5c9fa184190c14ef46887058602edd3a5097f25036182caa229cb3ce3
sensitivity cell model fingerprint	factor20f0.1-all-w156-index_tracking-K50	2901	c9ec7594f3f3a468ead2480056338cff031d53d211fd3f67660ec5be35841687
sandbox cell model fingerprint	sb-nyse-w52-n200-K10-s0	200	92a86479a9884c840f89b4f0e98767fb769125425ea8cb8a3b6c5cd268e4a841
sandbox cell model fingerprint	sb-nasdaq-w26-n200-K10-s0	200	cd521ff8ce3645917da9baeb4d74ee4882873d3fb070613cd6ccff5a2f821ea3
sandbox cell model fingerprint	sb-nyse-w52-n300-K10-s0	300	aee7fbda4a2e0b313e8bca3ca96d0ff474004920667e0bb6b9a5344121065add
sandbox cell model fingerprint	sb-nasdaq-w26-n300-K10-s0	300	2d7ba0fa3fb17fdfb3ccb01388f7f68231e2766925c7cdb191088f1968120ca1
sandbox cell model fingerprint	sb-nyse-w52-n400-K10-s0	400	3deb5e0b9a95a5e8e9ff95ea48bf44b69ab2052679b9f58ef443067187bbcd6c
sandbox cell model fingerprint	sb-nyse-w52-n600-K10-s0	600	682c992888759f65d44734ac00f494aa1e73de73db2c7e2e36e24c9d6dc000b4
sample covariance	nyse-w0	1464	8066058f9dd0f2fae24e2465e97b5c0b13f4bc33b39885418a61cea3144c13c6
sample cell model fingerprint	bulk_market-nyse-w0-concentrated-K30	1464	bd4328a5cabf08fbed9c6d4b99c0961174a9921a92c2c287d1905ef1cac0b560
sample cell model fingerprint	bulk_market-nyse-w0-diversified_active-K100	1464	1561481b3162514e7aa8fc0be1af352f58841b0272accc3cd3156536557afd39
sample cell model fingerprint	bulk_market-nyse-w0-closet_indexer-K300	1464	0dab3fed1dac91f9a8a6535b58a6cc2398d18cc3e6b99c1188addd1bfd16a5b7
sample cell model fingerprint	bulk_market-nyse-w0-enhanced_index-K750	1464	3e98e8d021ba1b219d723f3c4f4599bd8de28416f7837e861411b1825695f2b0
sample cell model fingerprint	bulk_market-nyse-w0-index_tracking-K10	1464	fd227cc978980d269b87e5b639f2c88f0de6f6d2e851b499b729d89134827713
sample cell model fingerprint	bulk_market-nyse-w0-index_tracking-K20	1464	c9781529b0413fe75923807a70384580b58332c462da9b1832b38abcc2a6f5a0
sample cell model fingerprint	bulk_market-nyse-w0-index_tracking-K30	1464	9b2d8a5bc1402ef47bc48dddef574f1c7f8c8d41f936cea7d0f0a38bf1089fee
sample cell model fingerprint	bulk_market-nyse-w0-index_tracking-K40	1464	c94174408efc774b5a5414825038fd9157e6c4dd6626445033a53fd3366b4939
sample cell model fingerprint	bulk_market-nyse-w0-index_tracking-K50	1464	588c266a9801c8d2230cd86ec4bfdc6c48c7796f8553c9257107bfd27963bfa6
sample covariance	nyse-w26	1464	039e6ca223891d3c176d797564541f07b8c3a72888967238361104b848a5e03d
sample cell model fingerprint	bulk_market-nyse-w26-concentrated-K30	1464	7cdda4e3e3494aa14454a27d7d2f590f69891e012e5144681980d2bfb6143fda
sample cell model fingerprint	bulk_market-nyse-w26-diversified_active-K100	1464	3d82547987f8b638e356d0f4f1c9ec83f76eac284dc579cd973e6f8d9f16aae7
sample cell model fingerprint	bulk_market-nyse-w26-closet_indexer-K300	1464	fc1e5a53ede3654fd0e9dae35cd1a993ba09395d9fbe363b1084fe856c60bf93
sample cell model fingerprint	bulk_market-nyse-w26-enhanced_index-K750	1464	b6eef390804ebcf16054cb3a1c603b6801a75f6be887a0cb2b3af8ad30624b97
sample cell model fingerprint	bulk_market-nyse-w26-index_tracking-K10	1464	a2d2b38289141e14f03ebd4e35b6708f44a10c364e8593fdbb90d047a1bb8389
sample cell model fingerprint	bulk_market-nyse-w26-index_tracking-K20	1464	cb7cdb7caa21cbe0ea143b0f8ddefac92c7d6a3dbeda0b850c70a1a5a454a269
sample cell model fingerprint	bulk_market-nyse-w26-index_tracking-K30	1464	d5e7b3fa96301b1aaa49078f68bdf9ca9f39cdab91378cd986300ec2a3042249
sample cell model fingerprint	bulk_market-nyse-w26-index_tracking-K40	1464	a1bceeaa8dd8a8ab6208ffc01c27a9690cfc2e5bb74fc9a9f377a5355a53e3b4
sample cell model fingerprint	bulk_market-nyse-w26-index_tracking-K50	1464	b393881cf2804a352b140def3184c97e4e9b966c5abaa35fe98a92e996c379d2
sample covariance	nyse-w52	1464	c0b1542329bb2527ad390c574ff2fe15f40b743881309c5948ccd7d1c33e9534
sample cell model fingerprint	bulk_market-nyse-w52-concentrated-K30	1464	b917cbff03097da575e8ef35e78f052c99255728401e7adb80d02d91fe96b60b
sample cell model fingerprint	bulk_market-nyse-w52-diversified_active-K100	1464	82c7096afde075d9fd74f83b851eaf481b575600b48e18bf945e0ae3242511c1
sample cell model fingerprint	bulk_market-nyse-w52-closet_indexer-K300	1464	76932e0e62b06d653dd63d0e8e9dc78d21af8522b3bbaaa10eee42a8a7803198
sample cell model fingerprint	bulk_market-nyse-w52-enhanced_index-K750	1464	f5d98ec43cce00391f1128ab508096cb4d7c05d489a468147cd455f9cff44596
sample cell model fingerprint	bulk_market-nyse-w52-index_tracking-K10	1464	2c45746b619f604d87d9780b8b6b70f9f353519a76791a85c7f586ce7b5f32d4
sample cell model fingerprint	bulk_market-nyse-w52-index_tracking-K20	1464	2969f8f230d08a35fe197384a0b7ec1613472b170cf947a38c312a49d6c729b4
sample cell model fingerprint	bulk_market-nyse-w52-index_tracking-K30	1464	3be4e808b1c25e438557b8bc64b4a466e7aa4c1a37958fde0c4c5456b6653b60
sample cell model fingerprint	bulk_market-nyse-w52-index_tracking-K40	1464	ec20a921c8917d08d09b7219a3e6a75ad97b63d3728cbc8b09ba9b75ecd6c1b1
sample cell model fingerprint	bulk_market-nyse-w52-index_tracking-K50	1464	ebf52268e96d827ce63319a53188abfc900383173e85c6efce6a900ca0e97866
sample covariance	nyse-w78	1464	13d2c2f3ffdf879d016857d7fb3e92a03b12702062407515868a83de3859ad89
sample cell model fingerprint	bulk_market-nyse-w78-concentrated-K30	1464	b6c63215aab03f8f87be1e1b1c90668847a3d1cf46dfb477ce421a8074da1921
sample cell model fingerprint	bulk_market-nyse-w78-diversified_active-K100	1464	8625c4277dfb2f2b06ad6575b686369a04daf4f0729fe188ba7c5bf9f02b0995
sample cell model fingerprint	bulk_market-nyse-w78-closet_indexer-K300	1464	ef943f65c2fbce82d878f4cfc1fa0c251327b48033f10d192046d3680bf84e07
sample cell model fingerprint	bulk_market-nyse-w78-enhanced_index-K750	1464	bb887ba20a44a8a3740024ddbb9691205c28e80ed5f092950ebdf3dc666da550
sample cell model fingerprint	bulk_market-nyse-w78-index_tracking-K10	1464	ef09b9d58360b4fe1c8b865411e7f7cef79bacac70904a944d44c852c5e3a76a
sample cell model fingerprint	bulk_market-nyse-w78-index_tracking-K20	1464	5dca790bee4f0e43a0fb92bfd3058e93162c73ce4f24977039da1c0972969d20
sample cell model fingerprint	bulk_market-nyse-w78-index_tracking-K30	1464	a3f4d818a45bcf415f874e5a0c7e76bc53f9b289d8b7b7a5402b9c9fc44ed4ce
sample cell model fingerprint	bulk_market-nyse-w78-index_tracking-K40	1464	d092a5174e7176fc3892b46ac0c397866c3dcce7b53890e1a49a8570ad844315
sample cell model fingerprint	bulk_market-nyse-w78-index_tracking-K50	1464	396b3ca0484c22f545dd192dc9f7c68e22afa07f1c4d06d3aba5dfd01ad68736
sample covariance	nyse-w104	1464	ccdfbf656d9b3fdc6d14b52c7ecaa67968f4de97d27996bd7323b664f4428a58
sample cell model fingerprint	bulk_market-nyse-w104-concentrated-K30	1464	cee2e237990a5aeeaf4a88dc93fd529491a2f7e3d7c901d203fa269633021e55
sample cell model fingerprint	bulk_market-nyse-w104-diversified_active-K100	1464	c489ce4c992af4d66a22cfda42670ab9a03e670d44708a9a03c80a8763bc2714
sample cell model fingerprint	bulk_market-nyse-w104-closet_indexer-K300	1464	f39be45a41e2ad30d568b0dccda3bbc4e5a484cf7a20d097dc3afa50bb4e3c29
sample cell model fingerprint	bulk_market-nyse-w104-enhanced_index-K750	1464	ab89a100a3d01571a7dcb16990101408d6ad482c50b1cfead1ca9630f5a83654
sample cell model fingerprint	bulk_market-nyse-w104-index_tracking-K10	1464	8333bc909b3c6b332e39d933a53c10bfeb1abfc4f511db5dbe968b228f27563c
sample cell model fingerprint	bulk_market-nyse-w104-index_tracking-K20	1464	84d02640e2b9985a0fd6556243906325d3d9f857131ace72198b9eaccd859884
sample cell model fingerprint	bulk_market-nyse-w104-index_tracking-K30	1464	6e9e5f93c20d129d2f123b32e5ca42d8d80c2fd67f741956cf05e9b1f4326e4f
sample cell model fingerprint	bulk_market-nyse-w104-index_tracking-K40	1464	931f889b4d7d3643227e4b0774db50d43cf120e70af9414045ce6ae11a2e6a4e
sample cell model fingerprint	bulk_market-nyse-w104-index_tracking-K50	1464	a531f2466fbd83e149cd0ead5e78595d36889fa2be15022f8486f3dd185698f6
sample covariance	nyse-w130	1464	c89dc8bcc767bcebc0c2c0162f4558626ed8a1da37645a22b0d4f47c66104125
sample cell model fingerprint	bulk_market-nyse-w130-concentrated-K30	1464	12cf5979dc4df6e55010d811d739d3d032d077b57f639ca71842686dbab90ad3
sample cell model fingerprint	bulk_market-nyse-w130-diversified_active-K100	1464	3f980909e287ae25961127af9d39fb39cb7636b016f607734e8315aebced75c3
sample cell model fingerprint	bulk_market-nyse-w130-closet_indexer-K300	1464	aad7273c768dddbfdfa4366885d14400d3c7207e3000cacdbce4bea964c4ada4
sample cell model fingerprint	bulk_market-nyse-w130-enhanced_index-K750	1464	06c04af2948cc529d0db2f25fab132a82cf07cfb5e6a279d3dc755d3894dcbdc
sample cell model fingerprint	bulk_market-nyse-w130-index_tracking-K10	1464	5649c29f10f7b0d374f766c60c933f8c358db6cc6b88c5889db6ed507099b5c1
sample cell model fingerprint	bulk_market-nyse-w130-index_tracking-K20	1464	b956fbfd6e3f85c25fd3b0341f0bb8940c1901dbfd6130166f659ed0af1506d4
sample cell model fingerprint	bulk_market-nyse-w130-index_tracking-K30	1464	afa09488574c75f0de52d2edf1cb696508999e9e4a6ac400ade7f1662c303344
sample cell model fingerprint	bulk_market-nyse-w130-index_tracking-K40	1464	e6aba99b0133d2b7cdea9842d74362a95b62f72981c2f42bb93e6c46776d55f1
sample cell model fingerprint	bulk_market-nyse-w130-index_tracking-K50	1464	5568a57a2e5af91f1b98450be82259aadb708f6d4002c9e23b0bb2cb65996095
sample covariance	nyse-w156	1464	ee8801151713afec75aab389c170b02ffbc2d342842427bb19204a84574fce60
sample cell model fingerprint	bulk_market-nyse-w156-concentrated-K30	1464	be3f92d16a82d38307834b6b18b9463705c9bed2023429d2eecc1fc1abd46a53
sample cell model fingerprint	bulk_market-nyse-w156-diversified_active-K100	1464	d8c80ff93ee9fb0098f52700d34a381bf9f3b9a845bc919599c0d7a98184c4fb
sample cell model fingerprint	bulk_market-nyse-w156-closet_indexer-K300	1464	11c232015d710a02635710c3f8e651fbe23e71cd5f6418c3ea0df17bb5c072cb
sample cell model fingerprint	bulk_market-nyse-w156-enhanced_index-K750	1464	91beda4e703ddf19ea8f9f7fb7d84c2dcb68e2143e3ee0ee637d04d09555a088
sample cell model fingerprint	bulk_market-nyse-w156-index_tracking-K10	1464	238f861da9616a5a2a47987be60abc0db1a5b49dcc003d095f53c45ee432f572
sample cell model fingerprint	bulk_market-nyse-w156-index_tracking-K20	1464	77d33441778c6388b2fb4c5ab3e6cd3c93bdca2cf432e2fbc188500e19b9ff16
sample cell model fingerprint	bulk_market-nyse-w156-index_tracking-K30	1464	7626e915e32900d47cde44276e35ca142c4cd243fb1bae84441de76a6d0e52e2
sample cell model fingerprint	bulk_market-nyse-w156-index_tracking-K40	1464	85fcb15572770768e5434602289ce51bb3b1ae5286e27c2e8bfe4b18c45b1bc5
sample cell model fingerprint	bulk_market-nyse-w156-index_tracking-K50	1464	99a0dfec47bea9aa8ff8693119724149d26560927e4fc91601bc41e516021aad
sample covariance	nasdaq-w0	1437	9dde9a0381800a0c7afa0bc9da7c2c088886398779c53ca1affa8bbf53539925
sample cell model fingerprint	bulk_market-nasdaq-w0-concentrated-K30	1437	8e0af2a2c7a44920ccd784ba35f2b0944858284dd647a09baf5d3bcf7cf119aa
sample cell model fingerprint	bulk_market-nasdaq-w0-diversified_active-K100	1437	b9c95743912e9120cb58eb3460e13a00bc7dba272de2d554937689bf2aeb4185
sample cell model fingerprint	bulk_market-nasdaq-w0-closet_indexer-K300	1437	69fc641f5590ee89d4f13bb13d7e30d20a27e1162ce79890e9210b3f0e1afa83
sample cell model fingerprint	bulk_market-nasdaq-w0-enhanced_index-K750	1437	dbffbc16cc10033907ade1080da5a25339ac4937de5e575cddb3af4c520fbddf
sample cell model fingerprint	bulk_market-nasdaq-w0-index_tracking-K10	1437	92b6089eacb6ec7f8a8b5a15b1ee4f7e7870f0eb5db11a2db609c2684287895e
sample cell model fingerprint	bulk_market-nasdaq-w0-index_tracking-K20	1437	4fbfc9cb69ef00d3167179be8534a232d687b3dd1e6440c5ddc66f1f71715059
sample cell model fingerprint	bulk_market-nasdaq-w0-index_tracking-K30	1437	5cac574e59ba91002de07bae096e450811ea93e1ec9b866b237f8128dd0b89b9
sample cell model fingerprint	bulk_market-nasdaq-w0-index_tracking-K40	1437	1fffe697368626266965b23d82a674a9a04434bf1dd1598761fd3f2b221d9654
sample cell model fingerprint	bulk_market-nasdaq-w0-index_tracking-K50	1437	d260cc38ddd7bb01d13565139399a7f8ea588b20ea4569f2e439070b61cf8314
sample covariance	nasdaq-w26	1437	3dec972b5dec40ec47ca349f02a4b1e3b898f819e27d41b95bf393efa0781734
sample cell model fingerprint	bulk_market-nasdaq-w26-concentrated-K30	1437	3388512aaa389194d5171dc0ccb3bbb4d2a375faa2dc3ab95da9345ca0d01b7e
sample cell model fingerprint	bulk_market-nasdaq-w26-diversified_active-K100	1437	4c5548d7409c59180a36f805e8d1b899f697304e70f5f395cb57fb6016b0e0c7
sample cell model fingerprint	bulk_market-nasdaq-w26-closet_indexer-K300	1437	51ee58e04f29966d7ef459714598bf96852d9bd8ccc6606b8caae52a133d6861
sample cell model fingerprint	bulk_market-nasdaq-w26-enhanced_index-K750	1437	304a8c841403999241beb5766c8a53b2cae71aeada600e01db701d3d335b71c1
sample cell model fingerprint	bulk_market-nasdaq-w26-index_tracking-K10	1437	ea9365764f2d7ec1d2425a46760d46f8f5f80a63248165885fa4a83cfe567893
sample cell model fingerprint	bulk_market-nasdaq-w26-index_tracking-K20	1437	52b67b8cb4cdfd02db289be054e71f84375c71d81b0bcd62cdbb7a6d8ca41835
sample cell model fingerprint	bulk_market-nasdaq-w26-index_tracking-K30	1437	4cefb457d2a56eaf84a68ea008e5b54cfcdb64a31ae35b0062878979834ede09
sample cell model fingerprint	bulk_market-nasdaq-w26-index_tracking-K40	1437	584e43df5f194cf29a181d4b328963292f423766b1f3d9aae50ad4db69245672
sample cell model fingerprint	bulk_market-nasdaq-w26-index_tracking-K50	1437	594df8405dab158800f48c9b0cd597ce6d30bea42e81a2026166dbb5e3008dad
sample covariance	nasdaq-w52	1437	24328b5ee570080cd4c406e5cef95767a77a6d8ff47fc919e7bebc1917edce68
sample cell model fingerprint	bulk_market-nasdaq-w52-concentrated-K30	1437	d9cfe3945df53d9f3b5af00b9f43ea90dad19ce94d9185fa6169abddd59b7b01
sample cell model fingerprint	bulk_market-nasdaq-w52-diversified_active-K100	1437	be14fd298b0e563bc923f68d688bc418524a9b58055b1d6fb758b44cea6ea51d
sample cell model fingerprint	bulk_market-nasdaq-w52-closet_indexer-K300	1437	df1796748d35dfcc503e37b0835a8276976f12abca485c360f071b43f8c2a362
sample cell model fingerprint	bulk_market-nasdaq-w52-enhanced_index-K750	1437	c67aec867dcd0e9b577b69e91fe75031e7391ee1a39af1f23c64681b2ebb26a9
sample cell model fingerprint	bulk_market-nasdaq-w52-index_tracking-K10	1437	d11f9555582519596f0ab9bd4f8c6564aee687a16f310191d44423cbb1beab17
sample cell model fingerprint	bulk_market-nasdaq-w52-index_tracking-K20	1437	b717680f1c7e9f89e8941c9c7d805aaea68bfb0f32af8ccddcad507094e0df19
sample cell model fingerprint	bulk_market-nasdaq-w52-index_tracking-K30	1437	9f06104bcb8556995232b151588f422b3725dd3c6fa62cba4d040883690ae5b4
sample cell model fingerprint	bulk_market-nasdaq-w52-index_tracking-K40	1437	ba9b8c3d12c5c73e454b87ba5e31827501576da7a888b0c3932e39bc603c8737
sample cell model fingerprint	bulk_market-nasdaq-w52-index_tracking-K50	1437	786a394aa8c95916b23d3801e633c3b213490637cf850e868c0057fd7e185d9e
sample covariance	nasdaq-w78	1437	30cc17706e21a4d3b57999fd83c2c521bdab8fd0d8307b9d66f5fc33fc046a5e
sample cell model fingerprint	bulk_market-nasdaq-w78-concentrated-K30	1437	3f4f455f5937b2f05aca5ea14c9cd364e8a70657893c9d1996f3858fa364393f
sample cell model fingerprint	bulk_market-nasdaq-w78-diversified_active-K100	1437	94d11c01ba1307b1931cc23ea22cf426ca1e88637dc06ce2240ac3f037f85c11
sample cell model fingerprint	bulk_market-nasdaq-w78-closet_indexer-K300	1437	d95ccf8a7918d1b444fd241dce32ad6b4a14b09eecb9343387b5bb2c5dc0fc67
sample cell model fingerprint	bulk_market-nasdaq-w78-enhanced_index-K750	1437	54ca1762f55f945d90667aab94d3da3f3518dccab86a7fd09ae52a3a2e58684c
sample cell model fingerprint	bulk_market-nasdaq-w78-index_tracking-K10	1437	d44cd2e70309c6ec6906a3c46c254e6385c3bcf1fe356eb8b19d49b57c858249
sample cell model fingerprint	bulk_market-nasdaq-w78-index_tracking-K20	1437	5cb9cbc44ae11330744f80efed9e79e70f3dcaff038f6241e9dbb0bf978ed029
sample cell model fingerprint	bulk_market-nasdaq-w78-index_tracking-K30	1437	f2d7386057161ac892caf225bf9d9a5270f5cf0f227e7cec34b03f8e908001a4
sample cell model fingerprint	bulk_market-nasdaq-w78-index_tracking-K40	1437	a42387f3d16fff938ce52d0b566ff33a07897213050cdbee5fcf530048dc274d
sample cell model fingerprint	bulk_market-nasdaq-w78-index_tracking-K50	1437	8cc3c8fedffe1fd161d5b7a4eef3a99291ddcd39a1f60380b381f9c89c956442
sample covariance	nasdaq-w104	1437	907f5abcd5b04566edf746065e35bf021392a5a2ca95c0d76414c554146e3201
sample cell model fingerprint	bulk_market-nasdaq-w104-concentrated-K30	1437	0c4638711dedcffc61bcdba7463642f8ce1985b0ccbc72231ad799bf75ce1184
sample cell model fingerprint	bulk_market-nasdaq-w104-diversified_active-K100	1437	a3565b2d030d649de0e6c3a12b3203cbfbbdd8267144b0a998675882b3118507
sample cell model fingerprint	bulk_market-nasdaq-w104-closet_indexer-K300	1437	3f00c31f43da2d8a617abf741ad6df857d9095c2fe5f021fdd2513148d0c98a0
sample cell model fingerprint	bulk_market-nasdaq-w104-enhanced_index-K750	1437	a90b2fccc245b5efb3ec335b91000a586b85e6e3932de0fc9494b6efd7cbc0f8
sample cell model fingerprint	bulk_market-nasdaq-w104-index_tracking-K10	1437	1992fc388f1b93801a8ef1f74ca584e3018f52e1734c43067b2f876e380d93e3
sample cell model fingerprint	bulk_market-nasdaq-w104-index_tracking-K20	1437	d0f56413d1d6986573f3bb7f7752941139cfaa0950c5a607199015248f9f1dcf
sample cell model fingerprint	bulk_market-nasdaq-w104-index_tracking-K30	1437	1ddccbde32907275dbc82efc385ca3b38c1e8950a2a7f2f6435eafe83d49ef02
sample cell model fingerprint	bulk_market-nasdaq-w104-index_tracking-K40	1437	49a4a6c654fcc9e8daddb8acaae93f4f3d326668d0daf5eb73d931812e9e8257
sample cell model fingerprint	bulk_market-nasdaq-w104-index_tracking-K50	1437	b36218664634461fbe37c7aa2aceecee6c41713f1dca04090677d187803cce39
sample covariance	nasdaq-w130	1437	4830c51737ba62a55822d7c99d2e14a871482f25bcc480d27154cb377ffa16ab
sample cell model fingerprint	bulk_market-nasdaq-w130-concentrated-K30	1437	be71f6c2b85c82a0c33c2dbf3f195fccd99a6dae0e9dad68d204b14e2d5abbd8
sample cell model fingerprint	bulk_market-nasdaq-w130-diversified_active-K100	1437	592ada22a381fa84fa3d119ee21be1357b12e4f48f5fe67441e5fc7b6ca60fff
sample cell model fingerprint	bulk_market-nasdaq-w130-closet_indexer-K300	1437	01b3d476ca5f96e0f5290d0731db10c988ebcd2070c05eded3cabd712d9a6d84
sample cell model fingerprint	bulk_market-nasdaq-w130-enhanced_index-K750	1437	b5c4cc5631729a7e428440f97de64b5998ab40e8ed269493b6cf0a48913dcecf
sample cell model fingerprint	bulk_market-nasdaq-w130-index_tracking-K10	1437	c844c3200c83e344423ac2afa60ffe096ef9b66fca7c5ce84cfbda2d2fdb61aa
sample cell model fingerprint	bulk_market-nasdaq-w130-index_tracking-K20	1437	2db94719cafe250ab7da02b83c0284d9e3821c4775465ae6690245d9d1f0a78b
sample cell model fingerprint	bulk_market-nasdaq-w130-index_tracking-K30	1437	39d3c2665ceb5e2aff64305b68346db43c95780476e4025fbe5b9cfc99175da1
sample cell model fingerprint	bulk_market-nasdaq-w130-index_tracking-K40	1437	2d3450cbaf357dcdd11109ca7346ce4c07c94d0f6ce652e48fb82bff6f16b9e1
sample cell model fingerprint	bulk_market-nasdaq-w130-index_tracking-K50	1437	c5379e8c580ec76b4ef5d8c7f146c92c4193d2455db4d14c93ebe0a73f2a5f17
sample covariance	nasdaq-w156	1437	69fb286d1577920c5c6efec36ff2783338bc96a03d56b3a651c32792f1ad4a02
sample cell model fingerprint	bulk_market-nasdaq-w156-concentrated-K30	1437	b3b72ef8b903021fe8d4570a6b7be973221e1ae57cba9c9df8c31251be9b9b3b
sample cell model fingerprint	bulk_market-nasdaq-w156-diversified_active-K100	1437	6267a072985620c1a5452c120a97332282b47c4a28e662bfcbbe271b5b61d7d2
sample cell model fingerprint	bulk_market-nasdaq-w156-closet_indexer-K300	1437	e99475de85c4002790b0c038dc972333e1f1fc2470b4c13ec5d1deeffeccfee4
sample cell model fingerprint	bulk_market-nasdaq-w156-enhanced_index-K750	1437	dcb08989180c735b11dc3009d40cf7ddaa0e6ec21bc5e8e70e7d5965a9452b6a
sample cell model fingerprint	bulk_market-nasdaq-w156-index_tracking-K10	1437	c971c891906b06e8df488e1954d19fe9e3e1351e214534c0c616a09a34f7c7b5
sample cell model fingerprint	bulk_market-nasdaq-w156-index_tracking-K20	1437	8a5a84a640af784aed0eb621d64ab56705293b071e2f519d5a0a30fa9c3f5262
sample cell model fingerprint	bulk_market-nasdaq-w156-index_tracking-K30	1437	7c265d31c2a20e5a3d0a21119432edb8b928e17c081343323ff3720088be2f32
sample cell model fingerprint	bulk_market-nasdaq-w156-index_tracking-K40	1437	a8edf2329ad50599c0f4e63d338f5157e99b718c25d56c1a48d9a199eef6c621
sample cell model fingerprint	bulk_market-nasdaq-w156-index_tracking-K50	1437	7dc9523b351e5544d0b8af016e28451c2f7b1d8419d302a24b4b97aec5578691
sample covariance	all-w0	2901	ee77564c75f117e1fd0c07239ed0c26c3e1d6d38885c271b1d1a5d318e4af449
sample cell model fingerprint	bulk_market-all-w0-concentrated-K30	2901	2640be43621b57b92a7cf1e409439759cc00f802e04b3a2561797be5a29df4b7
sample cell model fingerprint	bulk_market-all-w0-diversified_active-K100	2901	68fec608d415e3cb26805b9d30183677764ebfe520e7dce7b2f3e9d48a0cbdba
sample cell model fingerprint	bulk_market-all-w0-closet_indexer-K300	2901	59682816805fe24c696f515193430e201929686efbd5e787ac505d188bce0e0b
sample cell model fingerprint	bulk_market-all-w0-enhanced_index-K750	2901	21706973481fb343b65b479553d5c30438478d6d187897faa9e3da8f21d28c2e
sample cell model fingerprint	bulk_market-all-w0-index_tracking-K10	2901	4c81f986bccf9760b3f7f982da6c5597d46a3287b440ccd0990d3af71b0e10f1
sample cell model fingerprint	bulk_market-all-w0-index_tracking-K20	2901	05d555f32aa854b79e8704091ba9eb2beb664038a9a55c4e67a9c1f4cf7f1b88
sample cell model fingerprint	bulk_market-all-w0-index_tracking-K30	2901	35959120ebe28cd671eaa871600923d5728bd611f24378a3f0be0fbe912bdab8
sample cell model fingerprint	bulk_market-all-w0-index_tracking-K40	2901	c4b0c76e4cbaced4c5e7db7f6a09d3f8ed59fb2256751d045004997062375be5
sample cell model fingerprint	bulk_market-all-w0-index_tracking-K50	2901	712b5fa4a7603d59212c8831a6222a94593ea1306e516ef7f79db2e9643049bf
sample covariance	all-w26	2901	8ecbd385df039ec89955abce9518ad22f19b0070fbaed47921ac22b919589fd0
sample cell model fingerprint	bulk_market-all-w26-concentrated-K30	2901	6404b754f5939150ba53f2402ea06e8fa3a03e8d3daded156003afaa2d75f649
sample cell model fingerprint	bulk_market-all-w26-diversified_active-K100	2901	ee5875867a661a4c3cd9c9aa33ad9428f65a8e20b142ab28ba0c25fd5a9180f7
sample cell model fingerprint	bulk_market-all-w26-closet_indexer-K300	2901	a1db1ea0586cb7530cc4c7b5d7bace5413f6962049811ae2d0192b3c8bd86f59
sample cell model fingerprint	bulk_market-all-w26-enhanced_index-K750	2901	3f584abce3e10f90e7f3a515333b9ac8d93f26c67c0fe36a9c58ed30c23e8c4a
sample cell model fingerprint	bulk_market-all-w26-index_tracking-K10	2901	12c7c1caec3348a3af3ea54fe6e93328e22a52dfa820327fabf7658dcf3a2797
sample cell model fingerprint	bulk_market-all-w26-index_tracking-K20	2901	7724bb5f859fd0dff0f1579852f86d76df10896e3d68dea548467a89f529d6ce
sample cell model fingerprint	bulk_market-all-w26-index_tracking-K30	2901	eeedc8915e5a0e2f1c8630b5ca52dce39b579161d0ef284417e9bf4e78dcd1b0
sample cell model fingerprint	bulk_market-all-w26-index_tracking-K40	2901	d3a347f61151385cde24d18ff1870f9ae11a8efbba781878e953fa9c8fa4ceb6
sample cell model fingerprint	bulk_market-all-w26-index_tracking-K50	2901	b0b7ab1b501c5ce3dba2085b884f5efd4a4489c86c58d1e770cb79c53ba36fc6
sample covariance	all-w52	2901	b6b1e624d6f971f57ec7c05626a071ed49c2ee6ec1bf3c5c8cb700faeb737b22
sample cell model fingerprint	bulk_market-all-w52-concentrated-K30	2901	c01e54608c03102755544d9ca6dd90d12a309e95dc999d0902952de1862595a8
sample cell model fingerprint	bulk_market-all-w52-diversified_active-K100	2901	aacceaed50bef5ca1a0ac9e5f439328772e2461c0e5d908bbb3666ce6627a9db
sample cell model fingerprint	bulk_market-all-w52-closet_indexer-K300	2901	32b6c842d1877d18a7db74e4ff859ee28ea8eb9d9c3b8b250483c76edb7c3e9b
sample cell model fingerprint	bulk_market-all-w52-enhanced_index-K750	2901	b0fe5b8f14f4cc8503dadebe057baa09efa395b834ad057e2138b187eb448d02
sample cell model fingerprint	bulk_market-all-w52-index_tracking-K10	2901	2a78c822b411ce629a5dd9c4a99c966dbb44fc5b4c60570b4c3c0c45db5ee365
sample cell model fingerprint	bulk_market-all-w52-index_tracking-K20	2901	0072aafee64286a72edaabfdb198e3de9a84fa4a3868aefc2df9013549f7de79
sample cell model fingerprint	bulk_market-all-w52-index_tracking-K30	2901	20ad824aa67c8f44abeab47b68d34e15184398e644ba6c560cf42e298fbe32a3
sample cell model fingerprint	bulk_market-all-w52-index_tracking-K40	2901	c15272e694fde357278170b412120f9503961a9de25738bfaaa4d5b5f5e02736
sample cell model fingerprint	bulk_market-all-w52-index_tracking-K50	2901	6dbbadecc07f3cb44e252a00d2b5dcbcdff5faf3a7d55e72e76166094025f845
sample covariance	all-w78	2901	2961b812597162bd2805900f672afcac23f8c757a556f4b65a5bc92cf7047d9f
sample cell model fingerprint	bulk_market-all-w78-concentrated-K30	2901	e722ff5a08d5b59d49b281a68f79c689c333ede4b7d38f0a67cfc99ae32dced6
sample cell model fingerprint	bulk_market-all-w78-diversified_active-K100	2901	9de45d31ee8f273749d65b5090e28bd48b0394140b7126eeb916bafffd3d508c
sample cell model fingerprint	bulk_market-all-w78-closet_indexer-K300	2901	30808b85748d00210e8ffa384395c32a667fe3778bfcae14c1b4530fa27c2eee
sample cell model fingerprint	bulk_market-all-w78-enhanced_index-K750	2901	980d81b41e0ecfab6d8aa28d1e34f735113ba7ec64cc0e1ebd2c191a5bffc231
sample cell model fingerprint	bulk_market-all-w78-index_tracking-K10	2901	8f95b777dc564cc2a1b06f56f63207b41a099c43e90e9b5f5a034a27ad7779d1
sample cell model fingerprint	bulk_market-all-w78-index_tracking-K20	2901	f3083ed7c5ed0d5e0430188fd821c844e4ac86aef4b91537142ed0c99cbe141e
sample cell model fingerprint	bulk_market-all-w78-index_tracking-K30	2901	7489f0aacf863c24e6c9bb4f050d45d52b56d27344fb1a7a3443fba7ce6b2dc4
sample cell model fingerprint	bulk_market-all-w78-index_tracking-K40	2901	277bbca1d87656ef1e0149243d2d7513718552e0ebacaadda5ed657837511724
sample cell model fingerprint	bulk_market-all-w78-index_tracking-K50	2901	11fface6dc81df630818c9b53f8315439ee00d0c87d3d1c69840a33d04d2d472
sample covariance	all-w104	2901	6d9e705b7ef1d3215d6ba387670422fb79c75a281b3a36614274ba30f15a1dcb
sample cell model fingerprint	bulk_market-all-w104-concentrated-K30	2901	15ccd90c584a6218481f650a794950939144f6cd42bc00eedd97f6c5f2f65391
sample cell model fingerprint	bulk_market-all-w104-diversified_active-K100	2901	73d0e3918b2885e85389014aa36a7d8dfd0bab7594abbf798b0a5ccf2844a222
sample cell model fingerprint	bulk_market-all-w104-closet_indexer-K300	2901	c2f72ff0aaafc02d776b4907ea4f6e0bdc5186be924b7e1fac110848f5b2ebbf
sample cell model fingerprint	bulk_market-all-w104-enhanced_index-K750	2901	a4c057c021f0da5703124cc2b0856c6da3e5765e604ec07ae3161f90092136f8
sample cell model fingerprint	bulk_market-all-w104-index_tracking-K10	2901	0c165579fb068f74af49ad0a8f12f2f4adeb56c641e1753ed0449e4a16f0be9d
sample cell model fingerprint	bulk_market-all-w104-index_tracking-K20	2901	77fdf29a1fda3d9ed97afe27f11e02dd28fd129e968a8c74d126b65d87b73135
sample cell model fingerprint	bulk_market-all-w104-index_tracking-K30	2901	2c9d91b11e168dc5f9a221c108c650b58561a536fbcd1b356be519ca1dd13d54
sample cell model fingerprint	bulk_market-all-w104-index_tracking-K40	2901	fa256cf87260935a82ac6967a7aa0467a695b0e8cbecf8cf5b85c0239682ec35
sample cell model fingerprint	bulk_market-all-w104-index_tracking-K50	2901	880d809acad856f250c7188fc7f5b0be1794f3883d8427ee70078c42b3dddb69
sample covariance	all-w130	2901	3759ca0a924169f5f970c258d19dd5c1daade6acc2ab2606401ac0be9bcc3665
sample cell model fingerprint	bulk_market-all-w130-concentrated-K30	2901	347058f22742fa744bfdb0cc14babdeb3faa7680e97d6108de322460bd722b86
sample cell model fingerprint	bulk_market-all-w130-diversified_active-K100	2901	d4fdd5b80b2ee14cc21b4ff0bd39f1ab9108e5e271442619d240cdb063867406
sample cell model fingerprint	bulk_market-all-w130-closet_indexer-K300	2901	035596fec7e8fb0526eff6f33bd69517ade9683647827f299e04a24b0ab19be0
sample cell model fingerprint	bulk_market-all-w130-enhanced_index-K750	2901	da92a860848019bc15cf83fed8d0a2431e121db9679fd9fbc986521ab8f34e15
sample cell model fingerprint	bulk_market-all-w130-index_tracking-K10	2901	fd64c64076f9b7423abe76353a88731f78ff38f12f6070d3b287ad12719609b7
sample cell model fingerprint	bulk_market-all-w130-index_tracking-K20	2901	4b3b5d538492d7f0f0ce7ed4cb14fe38fe892e156e52bb41ac2afcaf256ae76e
sample cell model fingerprint	bulk_market-all-w130-index_tracking-K30	2901	54bf8df6de00a542ac6946f55806a47a16045e0d286ef96cecb196ed4ef5efdc
sample cell model fingerprint	bulk_market-all-w130-index_tracking-K40	2901	2f0befab3c501b26d661d04c15f8a16b5557b39b949afc777d43227173a9f71a
sample cell model fingerprint	bulk_market-all-w130-index_tracking-K50	2901	763dd5edc3bc1feab7ccedb54cab4d575dee414768cc3e881f2aab2e14d7fc36
sample covariance	all-w156	2901	9833d5c59e174194ebbaf45b9f6b3dbb2826fc2667811c5a02491f98faf5a3d4
sample cell model fingerprint	bulk_market-all-w156-concentrated-K30	2901	29f025a38be630c4e5d7e417e344a8f979b7be7daf0339f3c5594a174f6f7d72
sample cell model fingerprint	bulk_market-all-w156-diversified_active-K100	2901	a6aad58a83472a73048c309418801f25ce0765bc22ac39a7c6724de0f2cacb38
sample cell model fingerprint	bulk_market-all-w156-closet_indexer-K300	2901	ed1c28ac1be360e29fc68e5b61dd971eb53b915f9e38c57d21878af83adfeb3f
sample cell model fingerprint	bulk_market-all-w156-enhanced_index-K750	2901	916c4774383c69ea508d07dbc707c6f34165c5988c1fb0e6717c3df66853578b
sample cell model fingerprint	bulk_market-all-w156-index_tracking-K10	2901	27f5b3fa6745ba118ac2bc404464941f8a92042d7944977362a8c88f14ff9b7e
sample cell model fingerprint	bulk_market-all-w156-index_tracking-K20	2901	a0c089dd23c7196d00958b76639e8c80db68c7d7a22c9f2d4806e3e09e7365cd
sample cell model fingerprint	bulk_market-all-w156-index_tracking-K30	2901	5768ae5e0073314c817c2f8749a5c6fc8fcad27bc49c0d0c5cdf318eb4022f19
sample cell model fingerprint	bulk_market-all-w156-index_tracking-K40	2901	c37db421792e17c020b2317470f51b98ee3bcb28a61ba780aed786d7104fbcb7
sample cell model fingerprint	bulk_market-all-w156-index_tracking-K50	2901	8162067250e4464a5ed25080fbc6b03a3ed3667c5c08c16fb5b26b3847cf94e5
